[B][UEFI_BOOT_START] efi_main entry
[B][INIT_LIB_OK]
[B][JUMP_FUNC_ENTER]
[B][MEMMAP] status=0x0000000000000000
[B][JUMP_FUNC_ENTER]
[B][GOP] status=0x0000000000000000
[B][CONNECT_DEVICE] status=0x800000000000000E
[B][FS_FALLBACK_START]
[B][FS_LOCATEHB] status=0x0000000000000000
[B][BLK_LOCATEHB] status=0x0000000000000000
[B][FS_HANDLECOUNT_NONZERO]
[B][FS_FALLBACK_OK]
[B][KERNEL_OPEN_OK]
[B][ELF_HDR_READ_OK]
[B][ELF_MAGIC_OK]
[B][ELF_E_ENTRY]=0xFFFFFFFF80000000
[B][ELF_PH_OFF]=0x0000000000000040
[B][ELF_PH_NUM]=0x0000000000000009
[B][ELF_PH_ENT]=0x0000000000000038
[B][PH_READ_OK]
[B][PH0_TYPE]=0x0000000000000001
[B][PH0_OFF]=0x0000000000001000
[B][PH0_VADDR]=0xFFFFFFFF80000000
[B][PH0_PADDR]=0x0000000000100000
[B][PH0_FILESZ]=0x000000000000079B
[B][PH0_MEMSZ]=0x000000000000079B
[B][PH0_ALIGN]=0x0000000000001000
[B][PH0_FLAGS]=0x0000000000000005
[B][PH_LOAD_COUNT]=0x0000000000000008
[B][KSEG_VBASE]=0xFFFFFFFF80000000
[B][KSEG_SIZE]=0x00000000000EC000
[B][KSEG_PAGES]=0x00000000000000EC
[B][KSEG_MIN_OFF]=0x0000000000001000
[B][KSEG_PHYS]=0x000000000DC29000
[B][KSEG_PHYS_MAP]=0x000000000DC29000
[B][KSEG_LOAD_OK]
[B][ELF_LOAD] status=0x0000000000000000
[B][KERNEL_ELF_LOADED]
[B][PHDR_LOAD_BASE]=0x000000000DC29000
[B][PHDR_MIN_VA]=0xFFFFFFFF80000000
[B][PHDR_COUNT]=0x0000000000000008
[B][PHDR0_VA]=0xFFFFFFFF80000000
[B][PHDR0_PA]=0x000000000DC29000
[B][MAP_ENTRY_PA]=0x000000000DC29000
[B][MAP_ENTRY_PTE]=0x000000000DC29103
[B][PHDR0_PTE]=0x000000000DC29103
[B][PAGING] status=0x0000000000000000
[B][LOADED_IMAGE] status=0x0000000000000000
[B][IMG_BASE]=0x0000000000100000
[B][IMG_SIZE]=0x000000000000A000
[B][PE_SIZEOFIMAGE]=0x000000000000A000
[B][IMG_EFF_SIZE]=0x000000000000A000
[B][IMG_MAP_START]=0x0000000000100000
[B][IMG_MAP_SIZE]=0x000000000000A000
[B][MAP_IMG] status=0x0000000000000000
[B][JUMP_FUNC_ENTER]
[B][MEMMAP_FINAL] status=0x0000000000000000
[B][ABOUT_TO_JUMP_KERNEL]
[B][BOOTINFO_PHYS]=0x000000000D682000
[B][JUMP_FUNC_ENTER]
[B][STACK_PHYS]=0x000000000D641000
[B][STACK_PAGES]=0x0000000000000020
[B][EBS_PRE_MEMMAP]
[B][EBS_MEMMAP_RET] status=0x8000000000000005
[B][EBS_MAP_REALLOC] status=0x0000000000000000
[B][EBS_PRE_MEMMAP]
[B][EBS_MEMMAP_RET] status=0x0000000000000000
[B][EBS_CALL]
[B][EBS_RET] status=0x0000000000000000
[B][STACK_TOP]=0x000000000D661000
[B][CR3_SET]
[B][JUMP_NOW]
[B][JUMP_ENTRY]=0xFFFFFFFF80000000
[B][JUMP_BOOT]=0x000000000D682000
[B][JUMP_CR3]=0x000000000DE83000
[B][PML4_PHYS]=0x000000000DE83000
[B][STACK_TOUCH]=0x000000000D660FF8
[B][ENTRY]=0xFFFFFFFF80000000
[B][PTW][STACK] VA=0x000000000D660FF8
[B][PTW][PML4E] idx=0x0000000000000000 val=0x000000000DE63003 P=1
[B][PTW][PDPTE] idx=0x0000000000000000 val=0x000000000DE62003 P=1
[B][PTW][PDE]  idx=0x000000000000006B val=0x000000000DC1E003 P=1
[B][PTW][PTE]  idx=0x0000000000000060 val=0x000000000D660103 P=1
[B][PTW][ENTRY] VA=0xFFFFFFFF80000000
[B][PTW][PML4E] idx=0x00000000000001FF val=0x000000000DA89003 P=1
[B][PTW][PDPTE] idx=0x00000000000001FE val=0x000000000DA88003 P=1
[B][PTW][PDE]  idx=0x0000000000000000 val=0x000000000DA87003 P=1
[B][PTW][PTE]  idx=0x0000000000000000 val=0x000000000DC29103 P=1
[B][ENTRY_BYTES] PA=0x000000000DC29000 bytes=488D25F94F09004883E4F0E870B50100
[B][ENTRY_BYTES+1P] PA=0x000000000DC2A000 bytes=0F22D948CFCCCCCCCCCCCCCCCCCCCCCC
[B][WRAP_ENTRY]=0xFFFFFFFF80000000
[B][BOOT_KENTRY]=0xFFFFFFFF80000000
[B][OFF_KENTRY]=0x0000000000000060
[B][OFF_PML4]=0x0000000000000068
[B][WRAP_BOOT]=0x000000000D682000
[B][WRAP_STK]=0x000000000D661000
[B][WRAP_CR3]=0x000000000DE83000
[B][CALL_ENTRY]=0xFFFFFFFF80000000
[B][CALL_BOOT]=0x000000000D682000
[B][CALL_STK]=0x000000000D661000
[B][CALL_CR3]=0x000000000DE83000
ApqiggggIB[[AYKEN_BOOT_OK]]
[[AYKEN_PERF_PHASE]] name=boot_start ticks=26563296461 tick_valid=2
[K][EARLY_BOOT_OK] kmain entry
LTR=0028
[K][BEFORE_FB]
[K][AFTER_FB]
[MARKER] [MARKER] [MARKER] [K][EARLY_INIT_BEGIN]
1[K][E1] CPU/GDT/IDT
LTR=0028
LTR=0028
[K][E2] PHYS_MEM
[MARKER] [MARKER] [MARKER] 000000000000C6A4[MARKER] [MARKER] 000000000000C604[MARKER] [MARKER] [K][E3] PAGING
P[MARKER] 12[MARKER] [MARKER] 000000000DE83000[MARKER] 34[MARKER] [K][E4] KHEAP
h[MARKER] m[MARKER] [MARKER] [MARKER] [MARKER] FFFFFFFF82000000[MARKER] [MARKER] 000000000DE83000[MARKER] [MARKER] 000000000DE83000[MARKER] [MARKER] 000000000DA89023[MARKER] [MARKER] 000000000DA88023[MARKER] [MARKER] 000000000DA85003[MARKER] [MARKER] 000000000DA86103[MARKER] [MARKER] [MARKER] [MARKER] [MARKER] FFFFFFFF82000000[MARKER] [MARKER] 000000000DE83000[MARKER] [MARKER] 000000000DE83000[MARKER] [MARKER] 000000000DA89023[MARKER] [MARKER] 000000000DA88023[MARKER] [MARKER] 000000000DA85003[MARKER] [MARKER] 000000000DA86103[MARKER] MaAbBH[MARKER] [MARKER] FFFFFFFF82000000[MARKER] [MARKER] 00000000003FFFE8[MARKER] [K][E5] EARLY_DONE
[K][EARLY_INIT_DONE]
[MARKER] [MARKER] [MARKER] [K][LATE_INIT_BEGIN]
[MARKER] [K][LATE]0 BOOT_VALIDATION
[MARKER] ELF
[MARKER] [MARKER] [MARKER] [MARKER] [MARKER] [MARKER] [MARKER] [MARKER] [MARKER] ELFE
[MARKER] [K][LATE]1 PIC
[K][LATE]2 TIMER
[TMR][UNMSK][IRQ0_ON][TMR_OK]P10_TICK
[[AYKEN_TICK]]
[MARKER] [K][LATE]3 SCHED_INIT
[K][LATE]4 PROC_INIT
[MARKER] [MARKER] [K][LATE]4.5 EXEC_SLOT
[MARKER] [K][LATE]5 DEVFS
[MARKER] [MARKER] [MARKER] [K][LATE]6 SYSCALL
[MARKER] [MARKER] [MARKER] FFFFFFFF8000061E[MARKER] [MARKER] [MARKER] 0000000000000008[MARKER] [MARKER] 00000000000000EE[MARKER] [MARKER] FFFFFFFF8000061E[MARKER] [MARKER] [MARKER] [K][LATE]6.1 INT80_SMOKETEST_DISABLED
[MARKER] [K][LATE]7 CAP
[MARKER] [MARKER] [K][LATE]8 PROC_CREATE_INIT
[MARKER] 1[MARKER] [MARKER] FFFFFFFF80000410[MARKER] [MARKER] FFFFFFFF82002E28[MARKER] [MARKER] 0000000000000008[MARKER] QPID:1
R[MARKER] [MARKER] [MARKER] [MARKER] [MARKER] [MARKER] [MARKER] [MARKER] [MARKER] [MARKER] [MARKER] [MARKER] [MARKER] [MARKER] [MARKER] [MARKER] [MARKER] [K][LATE]9 DONE
[MARKER] [K][LATE_INIT_END]
[[AYKEN_BOOT_OK]]
P10_TSS_OK
[MARKER] [K][PHASE10] KERNEL_BEFORE_RING3
[MARKER] P10_EMBED_HASH_OK
UCCH OK=1 R=000000000C6A3000 V=FFFFFFFF80001003 4T=000000000C6A3000 4A=000000000C6A3FF8 4E=000000000C6A2023 3T=000000000C6A2000 3A=000000000C6A2FF0 3E=000000000C6A1023 2T=000000000C6A1000 2A=000000000C6A1000 2E=000000000C6A0023 1T=000000000C6A0000 1A=000000000C6A0008 1E=000000000DC2A103 FPA=000000000DC2A003
CCS OK=1 V=FFFFFFFF80001003 4P=1 4W=1 4U=0 4N=0 4G=0 4H=0 4A=1 4D=0 4R=0 4X=1 4L=0 3P=1 3W=1 3U=0 3N=0 3G=0 3H=0 3A=1 3D=0 3R=0 3X=1 3L=0 2P=1 2W=1 2U=0 2N=0 2G=0 2H=0 2A=1 2D=0 2R=0 2X=1 2L=0 1P=1 1W=1 1U=0 1N=0 1G=1 1H=0 1A=0 1D=0 1R=0 1X=1 1L=1 FPA=000000000DC2A003
[PTE] code VA=0000000000400000 PTE=000000000C69D007 P=1 U=1 W=1 NX=0 PA=000000000C69D000
P10_ROOT_FRAME_WITNESS phase=load root=000000000C6A3000 pte=0000000000000000 phys=000000000C6A3000 used=1 lo=000000000C69C007 hi=0000000000000000 hash=1E263C1B7643B0DC
P10_TEXT_FRAME_WITNESS phase=load root=000000000C6A3000 pte=000000000C69D007 phys=000000000C69D000 used=1 lo=4800700000C3C748 hi=8948C0FF4808438B hash=3B68EAFA86874C6F
Kernel stack (RSP0) mapping:
[PTE] rsp0-8 VA=FFFFFFFF82005C58 PTE=000000000DA80103 P=1 U=0 W=1 NX=0 PA=000000000DA80000
[PTE] rsp0_page VA=FFFFFFFF82004C60 PTE=000000000DA81163 P=1 U=0 W=1 NX=0 PA=000000000DA81000
[[AYKEN_LOW_HALF_KHEAP_RUNTIME]] phase=create seq=1 pid=2 pml4=0x000000000C6A3000 kheap_start=0xFFFFFFFF82000000 kernel_virt_base=0xFFFFFFFF80000000 pte=0x000000000DA86163 present=1 user=0 writable=1 nx=0 kheap_low_half=0 kernel_higher_half=1 scaffold=0 lower_half_roots=1 lower_half_leaves=10 lower_half_user_leaves=10
P10_ROOT_FRAME_WITNESS phase=ready root=000000000C6A3000 pte=0000000000000000 phys=000000000C6A3000 used=1 lo=000000000C69C007 hi=0000000000000000 hash=1E263C1B7643B0DC
P10_TEXT_FRAME_WITNESS phase=ready root=000000000C6A3000 pte=000000000C69D007 phys=000000000C69D000 used=1 lo=4800700000C3C748 hi=8948C0FF4808438B hash=3B68EAFA86874C6F
[MARKER] [MARKER] 000000000C6A3000[MARKER] [MARKER] 000000000C6A3000[MARKER] QPID:2
RE[[AYKEN_RING3_PREP_OK]]
P10_SCHED_ARMED
[MARKER] [K][LATE_INIT_RETURN]
[MARKER] [MARKER] [[AYKEN_PERF_PHASE]] name=core_ready ticks=26704936869 tick_valid=2
[MARKER] [K][BOOT_OK] Phase 4.4 minimal boot reached
AAA[K][ABOUT_TO_SCHED]
BBB[[AYKEN_PERF_PHASE]] name=first_sched_activity ticks=26706015531 tick_valid=2
[K][CFG] user_minimal_mode=syscall-v2-runtime bootstrap_policy=1 mb_selftest=0 deterministic_exit=1
S12[Q]2
34P10_BOOTSTRAP_POLICY_ACTIVE
[SEL]PID=1 ST=0 RIP=@82000018 0410 FULL=80000410
FTR0=0000000000000000 T0=FFFFFFFF80099000
TR=0028
@[[AYKEN_CTX_SWITCH]]
P10_SCHED_DISPATCH
tJI[MARKER] [MARKER] [[AYKEN_PERF_MB_PHASE]] name=arbiter_enter ticks=26711714861 tick_valid=2
[[AYKEN_PERF_MB_PHASE]] name=arbiter_owner_lookup_enter ticks=26712360909 tick_valid=2
[[AYKEN_PERF_MB_PHASE]] name=arbiter_owner_lookup_exit ticks=26712965617 tick_valid=2
[[AYKEN_PERF_MB_PHASE]] name=extract_enter ticks=26713537903 tick_valid=2
[[AYKEN_PERF_MB_PHASE]] name=snapshot_enter ticks=26713993345 tick_valid=2
[[AYKEN_PERF_MB_PHASE]] name=snapshot_exit ticks=26714622909 tick_valid=2
[[AYKEN_PERF_MB_EXTRACT_RAW]] epoch=1 candidate_pid=2 owner_last_epoch=0 ticks=26715087659 tick_valid=2
[[AYKEN_PERF_MB_EXTRACT_REASON]] name=ok ticks=26715934713 tick_valid=2
[[AYKEN_PERF_MB_PHASE]] name=extract_exit ticks=26716391195 tick_valid=2
[[AYKEN_PERF_MB_PHASE]] name=arbiter_decision_enter ticks=26716786499 tick_valid=2
[[AYKEN_PERF_MB_PHASE]] name=arbiter_candidate_lookup_enter ticks=26717203149 tick_valid=2
[[AYKEN_PERF_MB_PHASE]] name=arbiter_candidate_lookup_exit ticks=26717689219 tick_valid=2
[[AYKEN_PERF_MB_VISIBLE]] name=visible pid=2 ticks=26718180905 tick_valid=2
[[AYKEN_PERF_MB_PATH]] name=switch phase=enter ticks=26718747029 tick_valid=2
[[AYKEN_PERF_MB_CONSUME]] site=BLOCK old_last_epoch=0 new_last_epoch=1 candidate_epoch=1 reason=scheduler_switch_consume ticks=26719458129 tick_valid=2
[[AYKEN_PERF_MB_PHASE]] name=arbiter_decision_path_switch ticks=26720448599 tick_valid=2
[[AYKEN_PERF_MB_PHASE]] name=arbiter_candidate_accept_switch ticks=26720963997 tick_valid=2
[[AYKEN_PERF_MB_PATH]] name=switch phase=exit ticks=26721410859 tick_valid=2
[[AYKEN_PERF_MB_PHASE]] name=arbiter_decision_exit ticks=26721797271 tick_valid=2
[[AYKEN_PERF_MB_PHASE]] name=arbiter_exit ticks=26722218575 tick_valid=2
[[AYKEN_PERF_MB_PHASE]] name=handoff_enter ticks=26722810283 tick_valid=2
[[AYKEN_PERF_MB_PHASE]] name=handoff_exit ticks=26723176753 tick_valid=2
P10_MAILBOX_DECISION id=1 pid=2 valid=1 src=2
P10_RING3_PRECONDITION_WARN reason=transition_text_active_root_writable pid=2
P10_RING3_PRECONDITION_WARN reason=transition_text_high_half_writable pid=2
P10_DECISION_APPLIED id=1 pid=2 valid=0 src=2
[[AYKEN_PERF_PHASE]] name=first_user_entry ticks=26728290641 tick_valid=2
P10_RING3_ENTRY_GUARD_ARM
P10_TEXT_ROOT_PROOF AC=000000000DE83000 KC=000000000DE83000 TC=000000000C6A3000 RC=000000000C6A3000 RIP=0000000000400000 AP=0000000000400103 TP=000000000C69D007
P10_ROOT_FRAME_WITNESS phase=pre_dispatch root=000000000C6A3000 pte=0000000000000000 phys=000000000C6A3000 used=1 lo=000000000C69C007 hi=0000000000000000 hash=1E263C1B7643B0DC
P10_TEXT_FRAME_WITNESS phase=pre_dispatch root=000000000C6A3000 pte=000000000C69D007 phys=000000000C69D000 used=1 lo=4800700000C3C748 hi=8948C0FF4808438B hash=3B68EAFA86874C6F
WTX4 R=000000000C6A3000 V=0000000000400000 I=0000000000000000 TP=000000000C6A3000 EP=000000000C6A3000 E=000000000C69C007 CF=000000000C69C000 4P=1 4W=1 4U=1 4N=0 4G=0 4H=0 4A=0 4D=0 4R=0 4X=1 4L=0
WTX3 R=000000000C6A3000 V=0000000000400000 I=0000000000000000 TP=000000000C69C000 EP=000000000C69C000 E=000000000C69B007 CF=000000000C69B000 3P=1 3W=1 3U=1 3N=0 3G=0 3H=0 3A=0 3D=0 3R=0 3X=1 3L=0
WTX2 R=000000000C6A3000 V=0000000000400000 I=0000000000000002 TP=000000000C69B000 EP=000000000C69B000 E=000000000C69A007 CF=000000000C69A000 2P=1 2W=1 2U=1 2N=0 2G=0 2H=0 2A=0 2D=0 2R=0 2X=1 2L=0
WTX1 R=000000000C6A3000 V=0000000000400000 I=0000000000000000 TP=000000000C69A000 EP=000000000C69A000 E=000000000C69D007 CF=000000000C69D000 1P=1 1W=1 1U=1 1N=0 1G=0 1H=0 1A=0 1D=0 1R=0 1X=1 1L=1
WTXP V=0000000000400000 EQ=0 KE=0000000000400103 KF=0000000000400000 KP=1 KW=1 KU=0 KN=0 KG=1 KH=0 KA=0 KD=0 KR=0 KX=1 KL=1 TE=000000000C69D007 TF=000000000C69D000 TP=1 TW=1 TU=1 TN=0 TG=0 TH=0 TA=0 TD=0 TR=0 TX=1 TL=1
P10_RING3_ATTEMPT
P10_RFLAGS_IF_ON
P10_RING3_FRAME_PROOF FRSP=FFFFFFFF82005C38 RIP=0000000000400000 CS=0000000000000023 RF=0000000000000202 RSP=00000000007FFFF8 SS=000000000000001B BYTES=000040000000000023000000000000000202000000000000F8FF7F00000000001B00000000000000
P10_RING3_GATE_PROOF TR=0028 CTX0=FFFFFFFF82005C60 TSS0=FFFFFFFF82005C60 FCS=0000000000000023 FSS=000000000000001B IDTB=FFFFFFFF800E9FC0 IDTL=0000000000000FFF GPSEL=0008 GPIST=0000000000000000 GPTA=000000000000008F GPOFF=FFFFFFFF80016EF0 PFSEL=0008 PFIST=0000000000000000 PFTA=000000000000008F PFOFF=FFFFFFFF80016FA0
P10_RING3_COMMIT
P10_CR3_SWITCH
P10_RING3_ENTER
T[[AYKEN_LOW_HALF_KHEAP_RUNTIME]] phase=timer_irq seq=2 pid=2 pml4=0x000000000C6A3000 kheap_start=0xFFFFFFFF82000000 kernel_virt_base=0xFFFFFFFF80000000 pte=0x000000000DA86163 present=1 user=0 writable=1 nx=0 kheap_low_half=0 kernel_higher_half=1 scaffold=0 lower_half_roots=1 lower_half_leaves=10 lower_half_user_leaves=10
[[AYKEN_PERF_MB_PHASE]] name=validate_enter ticks=26749512023 tick_valid=2
[[AYKEN_PERF_MB_PHASE]] name=validate_exit ticks=26750640189 tick_valid=2
P10_IRQ_SNAPSHOT_OK rip=0000000000400000 rsp=00000000007FFFF8 cs=0023
P10_SCHED_EVENT_NOTIFY
P10_RING3_ENTRY_GUARD_DEFER_IRQ
P10_RING3_ENTRY_GUARD_DISARM
[[AYKEN_PERF_PHASE]] name=first_syscall_gate_entry ticks=26752966877 tick_valid=2
[[AYKEN_LOW_HALF_KHEAP_RUNTIME]] phase=syscall_entry seq=3 pid=2 pml4=0x000000000C6A3000 kheap_start=0xFFFFFFFF82000000 kernel_virt_base=0xFFFFFFFF80000000 pte=0x000000000DA86163 present=1 user=0 writable=1 nx=0 kheap_low_half=0 kernel_higher_half=1 scaffold=0 lower_half_roots=1 lower_half_leaves=10 lower_half_user_leaves=10
[[AYKEN_PERF_PHASE]] name=first_syscall_entry ticks=26755198899 tick_valid=2
[[AYKEN_SYSCALL_ENTER]]
P10_SYSCALL_ENTER
[[AYKEN_PERF_PHASE]] name=first_syscall_exit ticks=26756367651 tick_valid=2
[[AYKEN_SYSCALL_RETURN]]
P10_SYSCALL_RETURN
[[AYKEN_PERF_PHASE]] name=first_syscall_gate_return ticks=26756965911 tick_valid=2
T[[AYKEN_PERF_MB_CONSUME]] site=timer_validate_irq old_last_epoch=1 new_last_epoch=3 candidate_epoch=3 reason=timer_validate_accept_consume ticks=26758014725 tick_valid=2
[[AYKEN_SCHED_MB_ACCEPT]] pid=2 epoch=3
rY[IRQ][SCH]
P12[[AYKEN_PERF_MB_EXTRACT_RAW]] epoch=3 candidate_pid=2 owner_last_epoch=3 ticks=26761428707 tick_valid=2
[[AYKEN_PERF_MB_EXTRACT_REASON]] name=epoch_stale ticks=26762255689 tick_valid=2
P10_MAILBOX_MISS_KEEP_RUNNING
[[AYKEN_PERF_MB_PATH]] name=fallback phase=enter ticks=26763238073 tick_valid=2
[[AYKEN_PERF_MB_PHASE]] name=arbiter_decision_path_fallback ticks=26763792081 tick_valid=2
[[AYKEN_PERF_MB_PHASE]] name=arbiter_keep_running_fallback ticks=26764246405 tick_valid=2
[[AYKEN_PERF_MB_PATH]] name=fallback phase=exit ticks=26764667735 tick_valid=2
[[AYKEN_PERF_MB_REASON]] name=no_candidate ticks=26765149203 tick_valid=2
N12
P10_IRQ_SCHED_DECISION prev=2 next=2 used_mailbox=0 keep_running=1
MARK:PID=2
MARK:SW=U>U
MARK:IRET
P10_IRQ_CANONICAL_RETURN
P10_TEXT_ROOT_PROOF AC=000000000C6A3000 KC=000000000DE83000 TC=000000000C6A3000 RC=000000000C6A3000 RIP=0000000000400037 AP=0000000000400103 TP=000000000C69D027
P10_ROOT_FRAME_WITNESS phase=pre_dispatch root=000000000C6A3000 pte=0000000000000000 phys=000000000C6A3000 used=1 lo=000000000C69C027 hi=0000000000000000 hash=AB3F4A62FAEF25FC
P10_TEXT_FRAME_WITNESS phase=pre_dispatch root=000000000C6A3000 pte=000000000C69D027 phys=000000000C69D000 used=1 lo=4800700000C3C748 hi=8948C0FF4808438B hash=3B68EAFA86874C6F
WTX4 R=000000000C6A3000 V=0000000000400037 I=0000000000000000 TP=000000000C6A3000 EP=000000000C6A3000 E=000000000C69C027 CF=000000000C69C000 4P=1 4W=1 4U=1 4N=0 4G=0 4H=0 4A=1 4D=0 4R=0 4X=1 4L=0
WTX3 R=000000000C6A3000 V=0000000000400037 I=0000000000000000 TP=000000000C69C000 EP=000000000C69C000 E=000000000C69B027 CF=000000000C69B000 3P=1 3W=1 3U=1 3N=0 3G=0 3H=0 3A=1 3D=0 3R=0 3X=1 3L=0
WTX2 R=000000000C6A3000 V=0000000000400037 I=0000000000000002 TP=000000000C69B000 EP=000000000C69B000 E=000000000C69A027 CF=000000000C69A000 2P=1 2W=1 2U=1 2N=0 2G=0 2H=0 2A=1 2D=0 2R=0 2X=1 2L=0
WTX1 R=000000000C6A3000 V=0000000000400037 I=0000000000000000 TP=000000000C69A000 EP=000000000C69A000 E=000000000C69D027 CF=000000000C69D000 1P=1 1W=1 1U=1 1N=0 1G=0 1H=0 1A=1 1D=0 1R=0 1X=1 1L=1
WTXP V=0000000000400037 EQ=0 KE=0000000000400103 KF=0000000000400000 KP=1 KW=1 KU=0 KN=0 KG=1 KH=0 KA=0 KD=0 KR=0 KX=1 KL=1 TE=000000000C69D027 TF=000000000C69D000 TP=1 TW=1 TU=1 TN=0 TG=0 TH=0 TA=1 TD=0 TR=0 TX=1 TL=1
P10_RING3_ATTEMPT
P10_RFLAGS_IF_ON
P10_RING3_FRAME_PROOF FRSP=FFFFFFFF82005C38 RIP=0000000000400037 CS=0000000000000023 RF=0000000000000246 RSP=00000000007FFFB8 SS=000000000000001B BYTES=370040000000000023000000000000004602000000000000B8FF7F00000000001B00000000000000
P10_RING3_GATE_PROOF TR=0028 CTX0=FFFFFFFF82005C60 TSS0=FFFFFFFF82005C60 FCS=0000000000000023 FSS=000000000000001B IDTB=FFFFFFFF800E9FC0 IDTL=0000000000000FFF GPSEL=0008 GPIST=0000000000000000 GPTA=000000000000008F GPOFF=FFFFFFFF80016EF0 PFSEL=0008 PFIST=0000000000000000 PFTA=000000000000008F PFOFF=FFFFFFFF80016FA0
P10_RING3_COMMIT
P10_CR3_SWITCH
P10_RING3_ENTER
rY[IRQ][SCH]
P12[[AYKEN_PERF_MB_EXTRACT_RAW]] epoch=3 candidate_pid=2 owner_last_epoch=3 ticks=26784183231 tick_valid=2
[[AYKEN_PERF_MB_EXTRACT_REASON]] name=epoch_stale ticks=26784655027 tick_valid=2
[[AYKEN_PERF_MB_PATH]] name=fallback phase=enter ticks=26785039801 tick_valid=2
[[AYKEN_PERF_MB_PATH]] name=fallback phase=exit ticks=26785378763 tick_valid=2
[[AYKEN_PERF_MB_REASON]] name=no_candidate ticks=26785764447 tick_valid=2
N12
MARK:PID=2
MARK:SW=U>U
MARK:IRET
P10_TEXT_ROOT_PROOF AC=000000000C6A3000 KC=000000000DE83000 TC=000000000C6A3000 RC=000000000C6A3000 RIP=0000000000400037 AP=0000000000400103 TP=000000000C69D027
P10_ROOT_FRAME_WITNESS phase=pre_dispatch root=000000000C6A3000 pte=0000000000000000 phys=000000000C6A3000 used=1 lo=000000000C69C027 hi=0000000000000000 hash=AB3F4A62FAEF25FC
P10_TEXT_FRAME_WITNESS phase=pre_dispatch root=000000000C6A3000 pte=000000000C69D027 phys=000000000C69D000 used=1 lo=4800700000C3C748 hi=8948C0FF4808438B hash=3B68EAFA86874C6F
WTX4 R=000000000C6A3000 V=0000000000400037 I=0000000000000000 TP=000000000C6A3000 EP=000000000C6A3000 E=000000000C69C027 CF=000000000C69C000 4P=1 4W=1 4U=1 4N=0 4G=0 4H=0 4A=1 4D=0 4R=0 4X=1 4L=0
WTX3 R=000000000C6A3000 V=0000000000400037 I=0000000000000000 TP=000000000C69C000 EP=000000000C69C000 E=000000000C69B027 CF=000000000C69B000 3P=1 3W=1 3U=1 3N=0 3G=0 3H=0 3A=1 3D=0 3R=0 3X=1 3L=0
WTX2 R=000000000C6A3000 V=0000000000400037 I=0000000000000002 TP=000000000C69B000 EP=000000000C69B000 E=000000000C69A027 CF=000000000C69A000 2P=1 2W=1 2U=1 2N=0 2G=0 2H=0 2A=1 2D=0 2R=0 2X=1 2L=0
WTX1 R=000000000C6A3000 V=0000000000400037 I=0000000000000000 TP=000000000C69A000 EP=000000000C69A000 E=000000000C69D027 CF=000000000C69D000 1P=1 1W=1 1U=1 1N=0 1G=0 1H=0 1A=1 1D=0 1R=0 1X=1 1L=1
WTXP V=0000000000400037 EQ=0 KE=0000000000400103 KF=0000000000400000 KP=1 KW=1 KU=0 KN=0 KG=1 KH=0 KA=0 KD=0 KR=0 KX=1 KL=1 TE=000000000C69D027 TF=000000000C69D000 TP=1 TW=1 TU=1 TN=0 TG=0 TH=0 TA=1 TD=0 TR=0 TX=1 TL=1
P10_RING3_ATTEMPT
P10_RFLAGS_IF_ON
P10_RING3_FRAME_PROOF FRSP=FFFFFFFF82005C38 RIP=0000000000400037 CS=0000000000000023 RF=0000000000000246 RSP=00000000007FFFB8 SS=000000000000001B BYTES=370040000000000023000000000000004602000000000000B8FF7F00000000001B00000000000000
P10_RING3_GATE_PROOF TR=0028 CTX0=FFFFFFFF82005C60 TSS0=FFFFFFFF82005C60 FCS=0000000000000023 FSS=000000000000001B IDTB=FFFFFFFF800E9FC0 IDTL=0000000000000FFF GPSEL=0008 GPIST=0000000000000000 GPTA=000000000000008F GPOFF=FFFFFFFF80016EF0 PFSEL=0008 PFIST=0000000000000000 PFTA=000000000000008F PFOFF=FFFFFFFF80016FA0
P10_RING3_COMMIT
P10_CR3_SWITCH
P10_RING3_ENTER
TrY[IRQ][SCH]
P12[[AYKEN_PERF_MB_EXTRACT_RAW]] epoch=3 candidate_pid=2 owner_last_epoch=3 ticks=26796658031 tick_valid=2
[[AYKEN_PERF_MB_EXTRACT_REASON]] name=epoch_stale ticks=26797103411 tick_valid=2
[[AYKEN_PERF_MB_PATH]] name=fallback phase=enter ticks=26797486911 tick_valid=2
[[AYKEN_PERF_MB_PATH]] name=fallback phase=exit ticks=26797823897 tick_valid=2
[[AYKEN_PERF_MB_REASON]] name=no_candidate ticks=26798213403 tick_valid=2
N12
MARK:PID=2
MARK:SW=U>U
MARK:IRET
P10_TEXT_ROOT_PROOF AC=000000000C6A3000 KC=000000000DE83000 TC=000000000C6A3000 RC=000000000C6A3000 RIP=0000000000400037 AP=0000000000400103 TP=000000000C69D027
P10_ROOT_FRAME_WITNESS phase=pre_dispatch root=000000000C6A3000 pte=0000000000000000 phys=000000000C6A3000 used=1 lo=000000000C69C027 hi=0000000000000000 hash=AB3F4A62FAEF25FC
P10_TEXT_FRAME_WITNESS phase=pre_dispatch root=000000000C6A3000 pte=000000000C69D027 phys=000000000C69D000 used=1 lo=4800700000C3C748 hi=8948C0FF4808438B hash=3B68EAFA86874C6F
WTX4 R=000000000C6A3000 V=0000000000400037 I=0000000000000000 TP=000000000C6A3000 EP=000000000C6A3000 E=000000000C69C027 CF=000000000C69C000 4P=1 4W=1 4U=1 4N=0 4G=0 4H=0 4A=1 4D=0 4R=0 4X=1 4L=0
WTX3 R=000000000C6A3000 V=0000000000400037 I=0000000000000000 TP=000000000C69C000 EP=000000000C69C000 E=000000000C69B027 CF=000000000C69B000 3P=1 3W=1 3U=1 3N=0 3G=0 3H=0 3A=1 3D=0 3R=0 3X=1 3L=0
WTX2 R=000000000C6A3000 V=0000000000400037 I=0000000000000002 TP=000000000C69B000 EP=000000000C69B000 E=000000000C69A027 CF=000000000C69A000 2P=1 2W=1 2U=1 2N=0 2G=0 2H=0 2A=1 2D=0 2R=0 2X=1 2L=0
WTX1 R=000000000C6A3000 V=0000000000400037 I=0000000000000000 TP=000000000C69A000 EP=000000000C69A000 E=000000000C69D027 CF=000000000C69D000 1P=1 1W=1 1U=1 1N=0 1G=0 1H=0 1A=1 1D=0 1R=0 1X=1 1L=1
WTXP V=0000000000400037 EQ=0 KE=0000000000400103 KF=0000000000400000 KP=1 KW=1 KU=0 KN=0 KG=1 KH=0 KA=0 KD=0 KR=0 KX=1 KL=1 TE=000000000C69D027 TF=000000000C69D000 TP=1 TW=1 TU=1 TN=0 TG=0 TH=0 TA=1 TD=0 TR=0 TX=1 TL=1
P10_RING3_ATTEMPT
P10_RFLAGS_IF_ON
P10_RING3_FRAME_PROOF FRSP=FFFFFFFF82005C38 RIP=0000000000400037 CS=0000000000000023 RF=0000000000000246 RSP=00000000007FFFB8 SS=000000000000001B BYTES=370040000000000023000000000000004602000000000000B8FF7F00000000001B00000000000000
P10_RING3_GATE_PROOF TR=0028 CTX0=FFFFFFFF82005C60 TSS0=FFFFFFFF82005C60 FCS=0000000000000023 FSS=000000000000001B IDTB=FFFFFFFF800E9FC0 IDTL=0000000000000FFF GPSEL=0008 GPIST=0000000000000000 GPTA=000000000000008F GPOFF=FFFFFFFF80016EF0 PFSEL=0008 PFIST=0000000000000000 PFTA=000000000000008F PFOFF=FFFFFFFF80016FA0
P10_RING3_COMMIT
P10_CR3_SWITCH
P10_RING3_ENTER
rY[IRQ][SCH]
P12[[AYKEN_PERF_MB_EXTRACT_RAW]] epoch=3 candidate_pid=2 owner_last_epoch=3 ticks=26809231423 tick_valid=2
[[AYKEN_PERF_MB_EXTRACT_REASON]] name=epoch_stale ticks=26809673371 tick_valid=2
[[AYKEN_PERF_MB_PATH]] name=fallback phase=enter ticks=26810015531 tick_valid=2
[[AYKEN_PERF_MB_PATH]] name=fallback phase=exit ticks=26810408053 tick_valid=2
[[AYKEN_PERF_MB_REASON]] name=no_candidate ticks=26810736849 tick_valid=2
N12
MARK:PID=2
MARK:SW=U>U
MARK:IRET
P10_TEXT_ROOT_PROOF AC=000000000C6A3000 KC=000000000DE83000 TC=000000000C6A3000 RC=000000000C6A3000 RIP=0000000000400037 AP=0000000000400103 TP=000000000C69D027
P10_ROOT_FRAME_WITNESS phase=pre_dispatch root=000000000C6A3000 pte=0000000000000000 phys=000000000C6A3000 used=1 lo=000000000C69C027 hi=0000000000000000 hash=AB3F4A62FAEF25FC
P10_TEXT_FRAME_WITNESS phase=pre_dispatch root=000000000C6A3000 pte=000000000C69D027 phys=000000000C69D000 used=1 lo=4800700000C3C748 hi=8948C0FF4808438B hash=3B68EAFA86874C6F
WTX4 R=000000000C6A3000 V=0000000000400037 I=0000000000000000 TP=000000000C6A3000 EP=000000000C6A3000 E=000000000C69C027 CF=000000000C69C000 4P=1 4W=1 4U=1 4N=0 4G=0 4H=0 4A=1 4D=0 4R=0 4X=1 4L=0
WTX3 R=000000000C6A3000 V=0000000000400037 I=0000000000000000 TP=000000000C69C000 EP=000000000C69C000 E=000000000C69B027 CF=000000000C69B000 3P=1 3W=1 3U=1 3N=0 3G=0 3H=0 3A=1 3D=0 3R=0 3X=1 3L=0
WTX2 R=000000000C6A3000 V=0000000000400037 I=0000000000000002 TP=000000000C69B000 EP=000000000C69B000 E=000000000C69A027 CF=000000000C69A000 2P=1 2W=1 2U=1 2N=0 2G=0 2H=0 2A=1 2D=0 2R=0 2X=1 2L=0
WTX1 R=000000000C6A3000 V=0000000000400037 I=0000000000000000 TP=000000000C69A000 EP=000000000C69A000 E=000000000C69D027 CF=000000000C69D000 1P=1 1W=1 1U=1 1N=0 1G=0 1H=0 1A=1 1D=0 1R=0 1X=1 1L=1
WTXP V=0000000000400037 EQ=0 KE=0000000000400103 KF=0000000000400000 KP=1 KW=1 KU=0 KN=0 KG=1 KH=0 KA=0 KD=0 KR=0 KX=1 KL=1 TE=000000000C69D027 TF=000000000C69D000 TP=1 TW=1 TU=1 TN=0 TG=0 TH=0 TA=1 TD=0 TR=0 TX=1 TL=1
P10_RING3_ATTEMPT
P10_RFLAGS_IF_ON
P10_RING3_FRAME_PROOF FRSP=FFFFFFFF82005C38 RIP=0000000000400037 CS=0000000000000023 RF=0000000000000246 RSP=00000000007FFFB8 SS=000000000000001B BYTES=370040000000000023000000000000004602000000000000B8FF7F00000000001B00000000000000
P10_RING3_GATE_PROOF TR=0028 CTX0=FFFFFFFF82005C60 TSS0=FFFFFFFF82005C60 FCS=0000000000000023 FSS=000000000000001B IDTB=FFFFFFFF800E9FC0 IDTL=0000000000000FFF GPSEL=0008 GPIST=0000000000000000 GPTA=000000000000008F GPOFF=FFFFFFFF80016EF0 PFSEL=0008 PFIST=0000000000000000 PFTA=000000000000008F PFOFF=FFFFFFFF80016FA0
P10_RING3_COMMIT
P10_CR3_SWITCH
P10_RING3_ENTER
TrY[IRQ][SCH]
P12[[AYKEN_PERF_MB_EXTRACT_RAW]] epoch=3 candidate_pid=2 owner_last_epoch=3 ticks=26821603991 tick_valid=2
[[AYKEN_PERF_MB_EXTRACT_REASON]] name=epoch_stale ticks=26822085563 tick_valid=2
[[AYKEN_PERF_MB_PATH]] name=fallback phase=enter ticks=26822429153 tick_valid=2
[[AYKEN_PERF_MB_PATH]] name=fallback phase=exit ticks=26822766009 tick_valid=2
[[AYKEN_PERF_MB_REASON]] name=no_candidate ticks=26823092777 tick_valid=2
N12
MARK:PID=2
MARK:SW=U>U
MARK:IRET
P10_TEXT_ROOT_PROOF AC=000000000C6A3000 KC=000000000DE83000 TC=000000000C6A3000 RC=000000000C6A3000 RIP=0000000000400037 AP=0000000000400103 TP=000000000C69D027
P10_ROOT_FRAME_WITNESS phase=pre_dispatch root=000000000C6A3000 pte=0000000000000000 phys=000000000C6A3000 used=1 lo=000000000C69C027 hi=0000000000000000 hash=AB3F4A62FAEF25FC
P10_TEXT_FRAME_WITNESS phase=pre_dispatch root=000000000C6A3000 pte=000000000C69D027 phys=000000000C69D000 used=1 lo=4800700000C3C748 hi=8948C0FF4808438B hash=3B68EAFA86874C6F
WTX4 R=000000000C6A3000 V=0000000000400037 I=0000000000000000 TP=000000000C6A3000 EP=000000000C6A3000 E=000000000C69C027 CF=000000000C69C000 4P=1 4W=1 4U=1 4N=0 4G=0 4H=0 4A=1 4D=0 4R=0 4X=1 4L=0
WTX3 R=000000000C6A3000 V=0000000000400037 I=0000000000000000 TP=000000000C69C000 EP=000000000C69C000 E=000000000C69B027 CF=000000000C69B000 3P=1 3W=1 3U=1 3N=0 3G=0 3H=0 3A=1 3D=0 3R=0 3X=1 3L=0
WTX2 R=000000000C6A3000 V=0000000000400037 I=0000000000000002 TP=000000000C69B000 EP=000000000C69B000 E=000000000C69A027 CF=000000000C69A000 2P=1 2W=1 2U=1 2N=0 2G=0 2H=0 2A=1 2D=0 2R=0 2X=1 2L=0
WTX1 R=000000000C6A3000 V=0000000000400037 I=0000000000000000 TP=000000000C69A000 EP=000000000C69A000 E=000000000C69D027 CF=000000000C69D000 1P=1 1W=1 1U=1 1N=0 1G=0 1H=0 1A=1 1D=0 1R=0 1X=1 1L=1
WTXP V=0000000000400037 EQ=0 KE=0000000000400103 KF=0000000000400000 KP=1 KW=1 KU=0 KN=0 KG=1 KH=0 KA=0 KD=0 KR=0 KX=1 KL=1 TE=000000000C69D027 TF=000000000C69D000 TP=1 TW=1 TU=1 TN=0 TG=0 TH=0 TA=1 TD=0 TR=0 TX=1 TL=1
P10_RING3_ATTEMPT
P10_RFLAGS_IF_ON
P10_RING3_FRAME_PROOF FRSP=FFFFFFFF82005C38 RIP=0000000000400037 CS=0000000000000023 RF=0000000000000246 RSP=00000000007FFFB8 SS=000000000000001B BYTES=370040000000000023000000000000004602000000000000B8FF7F00000000001B00000000000000
P10_RING3_GATE_PROOF TR=0028 CTX0=FFFFFFFF82005C60 TSS0=FFFFFFFF82005C60 FCS=0000000000000023 FSS=000000000000001B IDTB=FFFFFFFF800E9FC0 IDTL=0000000000000FFF GPSEL=0008 GPIST=0000000000000000 GPTA=000000000000008F GPOFF=FFFFFFFF80016EF0 PFSEL=0008 PFIST=0000000000000000 PFTA=000000000000008F PFOFF=FFFFFFFF80016FA0
P10_RING3_COMMIT
P10_CR3_SWITCH
P10_RING3_ENTER
rY[IRQ][SCH]
P12[[AYKEN_PERF_MB_EXTRACT_RAW]] epoch=3 candidate_pid=2 owner_last_epoch=3 ticks=26834129283 tick_valid=2
[[AYKEN_PERF_MB_EXTRACT_REASON]] name=epoch_stale ticks=26834623803 tick_valid=2
[[AYKEN_PERF_MB_PATH]] name=fallback phase=enter ticks=26834998411 tick_valid=2
[[AYKEN_PERF_MB_PATH]] name=fallback phase=exit ticks=26835335761 tick_valid=2
[[AYKEN_PERF_MB_REASON]] name=no_candidate ticks=26835665987 tick_valid=2
N12
MARK:PID=2
MARK:SW=U>U
MARK:IRET
P10_TEXT_ROOT_PROOF AC=000000000C6A3000 KC=000000000DE83000 TC=000000000C6A3000 RC=000000000C6A3000 RIP=0000000000400037 AP=0000000000400103 TP=000000000C69D027
P10_ROOT_FRAME_WITNESS phase=pre_dispatch root=000000000C6A3000 pte=0000000000000000 phys=000000000C6A3000 used=1 lo=000000000C69C027 hi=0000000000000000 hash=AB3F4A62FAEF25FC
P10_TEXT_FRAME_WITNESS phase=pre_dispatch root=000000000C6A3000 pte=000000000C69D027 phys=000000000C69D000 used=1 lo=4800700000C3C748 hi=8948C0FF4808438B hash=3B68EAFA86874C6F
WTX4 R=000000000C6A3000 V=0000000000400037 I=0000000000000000 TP=000000000C6A3000 EP=000000000C6A3000 E=000000000C69C027 CF=000000000C69C000 4P=1 4W=1 4U=1 4N=0 4G=0 4H=0 4A=1 4D=0 4R=0 4X=1 4L=0
WTX3 R=000000000C6A3000 V=0000000000400037 I=0000000000000000 TP=000000000C69C000 EP=000000000C69C000 E=000000000C69B027 CF=000000000C69B000 3P=1 3W=1 3U=1 3N=0 3G=0 3H=0 3A=1 3D=0 3R=0 3X=1 3L=0
WTX2 R=000000000C6A3000 V=0000000000400037 I=0000000000000002 TP=000000000C69B000 EP=000000000C69B000 E=000000000C69A027 CF=000000000C69A000 2P=1 2W=1 2U=1 2N=0 2G=0 2H=0 2A=1 2D=0 2R=0 2X=1 2L=0
WTX1 R=000000000C6A3000 V=0000000000400037 I=0000000000000000 TP=000000000C69A000 EP=000000000C69A000 E=000000000C69D027 CF=000000000C69D000 1P=1 1W=1 1U=1 1N=0 1G=0 1H=0 1A=1 1D=0 1R=0 1X=1 1L=1
WTXP V=0000000000400037 EQ=0 KE=0000000000400103 KF=0000000000400000 KP=1 KW=1 KU=0 KN=0 KG=1 KH=0 KA=0 KD=0 KR=0 KX=1 KL=1 TE=000000000C69D027 TF=000000000C69D000 TP=1 TW=1 TU=1 TN=0 TG=0 TH=0 TA=1 TD=0 TR=0 TX=1 TL=1
P10_RING3_ATTEMPT
P10_RFLAGS_IF_ON
P10_RING3_FRAME_PROOF FRSP=FFFFFFFF82005C38 RIP=0000000000400037 CS=0000000000000023 RF=0000000000000246 RSP=00000000007FFFB8 SS=000000000000001B BYTES=370040000000000023000000000000004602000000000000B8FF7F00000000001B00000000000000
P10_RING3_GATE_PROOF TR=0028 CTX0=FFFFFFFF82005C60 TSS0=FFFFFFFF82005C60 FCS=0000000000000023 FSS=000000000000001B IDTB=FFFFFFFF800E9FC0 IDTL=0000000000000FFF GPSEL=0008 GPIST=0000000000000000 GPTA=000000000000008F GPOFF=FFFFFFFF80016EF0 PFSEL=0008 PFIST=0000000000000000 PFTA=000000000000008F PFOFF=FFFFFFFF80016FA0
P10_RING3_COMMIT
P10_CR3_SWITCH
P10_RING3_ENTER
[[AYKEN_TICK]]
TrY[IRQ][SCH]
P12[[AYKEN_PERF_MB_EXTRACT_RAW]] epoch=3 candidate_pid=2 owner_last_epoch=3 ticks=26846578993 tick_valid=2
[[AYKEN_PERF_MB_EXTRACT_REASON]] name=epoch_stale ticks=26847023827 tick_valid=2
[[AYKEN_PERF_MB_PATH]] name=fallback phase=enter ticks=26847423291 tick_valid=2
[[AYKEN_PERF_MB_PATH]] name=fallback phase=exit ticks=26847762253 tick_valid=2
[[AYKEN_PERF_MB_REASON]] name=no_candidate ticks=26848163121 tick_valid=2
N12
MARK:PID=2
MARK:SW=U>U
MARK:IRET
P10_TEXT_ROOT_PROOF AC=000000000C6A3000 KC=000000000DE83000 TC=000000000C6A3000 RC=000000000C6A3000 RIP=0000000000400037 AP=0000000000400103 TP=000000000C69D027
P10_ROOT_FRAME_WITNESS phase=pre_dispatch root=000000000C6A3000 pte=0000000000000000 phys=000000000C6A3000 used=1 lo=000000000C69C027 hi=0000000000000000 hash=AB3F4A62FAEF25FC
P10_TEXT_FRAME_WITNESS phase=pre_dispatch root=000000000C6A3000 pte=000000000C69D027 phys=000000000C69D000 used=1 lo=4800700000C3C748 hi=8948C0FF4808438B hash=3B68EAFA86874C6F
WTX4 R=000000000C6A3000 V=0000000000400037 I=0000000000000000 TP=000000000C6A3000 EP=000000000C6A3000 E=000000000C69C027 CF=000000000C69C000 4P=1 4W=1 4U=1 4N=0 4G=0 4H=0 4A=1 4D=0 4R=0 4X=1 4L=0
WTX3 R=000000000C6A3000 V=0000000000400037 I=0000000000000000 TP=000000000C69C000 EP=000000000C69C000 E=000000000C69B027 CF=000000000C69B000 3P=1 3W=1 3U=1 3N=0 3G=0 3H=0 3A=1 3D=0 3R=0 3X=1 3L=0
WTX2 R=000000000C6A3000 V=0000000000400037 I=0000000000000002 TP=000000000C69B000 EP=000000000C69B000 E=000000000C69A027 CF=000000000C69A000 2P=1 2W=1 2U=1 2N=0 2G=0 2H=0 2A=1 2D=0 2R=0 2X=1 2L=0
WTX1 R=000000000C6A3000 V=0000000000400037 I=0000000000000000 TP=000000000C69A000 EP=000000000C69A000 E=000000000C69D027 CF=000000000C69D000 1P=1 1W=1 1U=1 1N=0 1G=0 1H=0 1A=1 1D=0 1R=0 1X=1 1L=1
WTXP V=0000000000400037 EQ=0 KE=0000000000400103 KF=0000000000400000 KP=1 KW=1 KU=0 KN=0 KG=1 KH=0 KA=0 KD=0 KR=0 KX=1 KL=1 TE=000000000C69D027 TF=000000000C69D000 TP=1 TW=1 TU=1 TN=0 TG=0 TH=0 TA=1 TD=0 TR=0 TX=1 TL=1
P10_RING3_ATTEMPT
P10_RFLAGS_IF_ON
P10_RING3_FRAME_PROOF FRSP=FFFFFFFF82005C38 RIP=0000000000400037 CS=0000000000000023 RF=0000000000000246 RSP=00000000007FFFB8 SS=000000000000001B BYTES=370040000000000023000000000000004602000000000000B8FF7F00000000001B00000000000000
P10_RING3_GATE_PROOF TR=0028 CTX0=FFFFFFFF82005C60 TSS0=FFFFFFFF82005C60 FCS=0000000000000023 FSS=000000000000001B IDTB=FFFFFFFF800E9FC0 IDTL=0000000000000FFF GPSEL=0008 GPIST=0000000000000000 GPTA=000000000000008F GPOFF=FFFFFFFF80016EF0 PFSEL=0008 PFIST=0000000000000000 PFTA=000000000000008F PFOFF=FFFFFFFF80016FA0
P10_RING3_COMMIT
P10_CR3_SWITCH
P10_RING3_ENTER
rY[IRQ][SCH]
P12[[AYKEN_PERF_MB_EXTRACT_RAW]] epoch=3 candidate_pid=2 owner_last_epoch=3 ticks=26859124903 tick_valid=2
[[AYKEN_PERF_MB_EXTRACT_REASON]] name=epoch_stale ticks=26859593891 tick_valid=2
[[AYKEN_PERF_MB_PATH]] name=fallback phase=enter ticks=26859976975 tick_valid=2
[[AYKEN_PERF_MB_PATH]] name=fallback phase=exit ticks=26860367547 tick_valid=2
[[AYKEN_PERF_MB_REASON]] name=no_candidate ticks=26860697331 tick_valid=2
N12
MARK:PID=2
MARK:SW=U>U
MARK:IRET
P10_TEXT_ROOT_PROOF AC=000000000C6A3000 KC=000000000DE83000 TC=000000000C6A3000 RC=000000000C6A3000 RIP=0000000000400037 AP=0000000000400103 TP=000000000C69D027
P10_ROOT_FRAME_WITNESS phase=pre_dispatch root=000000000C6A3000 pte=0000000000000000 phys=000000000C6A3000 used=1 lo=000000000C69C027 hi=0000000000000000 hash=AB3F4A62FAEF25FC
P10_TEXT_FRAME_WITNESS phase=pre_dispatch root=000000000C6A3000 pte=000000000C69D027 phys=000000000C69D000 used=1 lo=4800700000C3C748 hi=8948C0FF4808438B hash=3B68EAFA86874C6F
WTX4 R=000000000C6A3000 V=0000000000400037 I=0000000000000000 TP=000000000C6A3000 EP=000000000C6A3000 E=000000000C69C027 CF=000000000C69C000 4P=1 4W=1 4U=1 4N=0 4G=0 4H=0 4A=1 4D=0 4R=0 4X=1 4L=0
WTX3 R=000000000C6A3000 V=0000000000400037 I=0000000000000000 TP=000000000C69C000 EP=000000000C69C000 E=000000000C69B027 CF=000000000C69B000 3P=1 3W=1 3U=1 3N=0 3G=0 3H=0 3A=1 3D=0 3R=0 3X=1 3L=0
WTX2 R=000000000C6A3000 V=0000000000400037 I=0000000000000002 TP=000000000C69B000 EP=000000000C69B000 E=000000000C69A027 CF=000000000C69A000 2P=1 2W=1 2U=1 2N=0 2G=0 2H=0 2A=1 2D=0 2R=0 2X=1 2L=0
WTX1 R=000000000C6A3000 V=0000000000400037 I=0000000000000000 TP=000000000C69A000 EP=000000000C69A000 E=000000000C69D027 CF=000000000C69D000 1P=1 1W=1 1U=1 1N=0 1G=0 1H=0 1A=1 1D=0 1R=0 1X=1 1L=1
WTXP V=0000000000400037 EQ=0 KE=0000000000400103 KF=0000000000400000 KP=1 KW=1 KU=0 KN=0 KG=1 KH=0 KA=0 KD=0 KR=0 KX=1 KL=1 TE=000000000C69D027 TF=000000000C69D000 TP=1 TW=1 TU=1 TN=0 TG=0 TH=0 TA=1 TD=0 TR=0 TX=1 TL=1
P10_RING3_ATTEMPT
P10_RFLAGS_IF_ON
P10_RING3_FRAME_PROOF FRSP=FFFFFFFF82005C38 RIP=0000000000400037 CS=0000000000000023 RF=0000000000000246 RSP=00000000007FFFB8 SS=000000000000001B BYTES=370040000000000023000000000000004602000000000000B8FF7F00000000001B00000000000000
P10_RING3_GATE_PROOF TR=0028 CTX0=FFFFFFFF82005C60 TSS0=FFFFFFFF82005C60 FCS=0000000000000023 FSS=000000000000001B IDTB=FFFFFFFF800E9FC0 IDTL=0000000000000FFF GPSEL=0008 GPIST=0000000000000000 GPTA=000000000000008F GPOFF=FFFFFFFF80016EF0 PFSEL=0008 PFIST=0000000000000000 PFTA=000000000000008F PFOFF=FFFFFFFF80016FA0
P10_RING3_COMMIT
P10_CR3_SWITCH
P10_RING3_ENTER
TrY[IRQ][SCH]
P12[[AYKEN_PERF_MB_EXTRACT_RAW]] epoch=3 candidate_pid=2 owner_last_epoch=3 ticks=26871941785 tick_valid=2
[[AYKEN_PERF_MB_EXTRACT_REASON]] name=epoch_stale ticks=26872383239 tick_valid=2
[[AYKEN_PERF_MB_PATH]] name=fallback phase=enter ticks=26872777321 tick_valid=2
[[AYKEN_PERF_MB_PATH]] name=fallback phase=exit ticks=26873114359 tick_valid=2
[[AYKEN_PERF_MB_REASON]] name=no_candidate ticks=26873496429 tick_valid=2
N12
MARK:PID=2
MARK:SW=U>U
MARK:IRET
P10_TEXT_ROOT_PROOF AC=000000000C6A3000 KC=000000000DE83000 TC=000000000C6A3000 RC=000000000C6A3000 RIP=0000000000400037 AP=0000000000400103 TP=000000000C69D027
P10_ROOT_FRAME_WITNESS phase=pre_dispatch root=000000000C6A3000 pte=0000000000000000 phys=000000000C6A3000 used=1 lo=000000000C69C027 hi=0000000000000000 hash=AB3F4A62FAEF25FC
P10_TEXT_FRAME_WITNESS phase=pre_dispatch root=000000000C6A3000 pte=000000000C69D027 phys=000000000C69D000 used=1 lo=4800700000C3C748 hi=8948C0FF4808438B hash=3B68EAFA86874C6F
WTX4 R=000000000C6A3000 V=0000000000400037 I=0000000000000000 TP=000000000C6A3000 EP=000000000C6A3000 E=000000000C69C027 CF=000000000C69C000 4P=1 4W=1 4U=1 4N=0 4G=0 4H=0 4A=1 4D=0 4R=0 4X=1 4L=0
WTX3 R=000000000C6A3000 V=0000000000400037 I=0000000000000000 TP=000000000C69C000 EP=000000000C69C000 E=000000000C69B027 CF=000000000C69B000 3P=1 3W=1 3U=1 3N=0 3G=0 3H=0 3A=1 3D=0 3R=0 3X=1 3L=0
WTX2 R=000000000C6A3000 V=0000000000400037 I=0000000000000002 TP=000000000C69B000 EP=000000000C69B000 E=000000000C69A027 CF=000000000C69A000 2P=1 2W=1 2U=1 2N=0 2G=0 2H=0 2A=1 2D=0 2R=0 2X=1 2L=0
WTX1 R=000000000C6A3000 V=0000000000400037 I=0000000000000000 TP=000000000C69A000 EP=000000000C69A000 E=000000000C69D027 CF=000000000C69D000 1P=1 1W=1 1U=1 1N=0 1G=0 1H=0 1A=1 1D=0 1R=0 1X=1 1L=1
WTXP V=0000000000400037 EQ=0 KE=0000000000400103 KF=0000000000400000 KP=1 KW=1 KU=0 KN=0 KG=1 KH=0 KA=0 KD=0 KR=0 KX=1 KL=1 TE=000000000C69D027 TF=000000000C69D000 TP=1 TW=1 TU=1 TN=0 TG=0 TH=0 TA=1 TD=0 TR=0 TX=1 TL=1
P10_RING3_ATTEMPT
P10_RFLAGS_IF_ON
P10_RING3_FRAME_PROOF FRSP=FFFFFFFF82005C38 RIP=0000000000400037 CS=0000000000000023 RF=0000000000000246 RSP=00000000007FFFB8 SS=000000000000001B BYTES=370040000000000023000000000000004602000000000000B8FF7F00000000001B00000000000000
P10_RING3_GATE_PROOF TR=0028 CTX0=FFFFFFFF82005C60 TSS0=FFFFFFFF82005C60 FCS=0000000000000023 FSS=000000000000001B IDTB=FFFFFFFF800E9FC0 IDTL=0000000000000FFF GPSEL=0008 GPIST=0000000000000000 GPTA=000000000000008F GPOFF=FFFFFFFF80016EF0 PFSEL=0008 PFIST=0000000000000000 PFTA=000000000000008F PFOFF=FFFFFFFF80016FA0
P10_RING3_COMMIT
P10_CR3_SWITCH
P10_RING3_ENTER
rY[IRQ][SCH]
P12[[AYKEN_PERF_MB_EXTRACT_RAW]] epoch=3 candidate_pid=2 owner_last_epoch=3 ticks=26884498719 tick_valid=2
[[AYKEN_PERF_MB_EXTRACT_REASON]] name=epoch_stale ticks=26884940563 tick_valid=2
[[AYKEN_PERF_MB_PATH]] name=fallback phase=enter ticks=26885281605 tick_valid=2
[[AYKEN_PERF_MB_PATH]] name=fallback phase=exit ticks=26885667679 tick_valid=2
[[AYKEN_PERF_MB_REASON]] name=no_candidate ticks=26885996839 tick_valid=2
N12
MARK:PID=2
MARK:SW=U>U
MARK:IRET
P10_TEXT_ROOT_PROOF AC=000000000C6A3000 KC=000000000DE83000 TC=000000000C6A3000 RC=000000000C6A3000 RIP=0000000000400037 AP=0000000000400103 TP=000000000C69D027
P10_ROOT_FRAME_WITNESS phase=pre_dispatch root=000000000C6A3000 pte=0000000000000000 phys=000000000C6A3000 used=1 lo=000000000C69C027 hi=0000000000000000 hash=AB3F4A62FAEF25FC
P10_TEXT_FRAME_WITNESS phase=pre_dispatch root=000000000C6A3000 pte=000000000C69D027 phys=000000000C69D000 used=1 lo=4800700000C3C748 hi=8948C0FF4808438B hash=3B68EAFA86874C6F
WTX4 R=000000000C6A3000 V=0000000000400037 I=0000000000000000 TP=000000000C6A3000 EP=000000000C6A3000 E=000000000C69C027 CF=000000000C69C000 4P=1 4W=1 4U=1 4N=0 4G=0 4H=0 4A=1 4D=0 4R=0 4X=1 4L=0
WTX3 R=000000000C6A3000 V=0000000000400037 I=0000000000000000 TP=000000000C69C000 EP=000000000C69C000 E=000000000C69B027 CF=000000000C69B000 3P=1 3W=1 3U=1 3N=0 3G=0 3H=0 3A=1 3D=0 3R=0 3X=1 3L=0
WTX2 R=000000000C6A3000 V=0000000000400037 I=0000000000000002 TP=000000000C69B000 EP=000000000C69B000 E=000000000C69A027 CF=000000000C69A000 2P=1 2W=1 2U=1 2N=0 2G=0 2H=0 2A=1 2D=0 2R=0 2X=1 2L=0
WTX1 R=000000000C6A3000 V=0000000000400037 I=0000000000000000 TP=000000000C69A000 EP=000000000C69A000 E=000000000C69D027 CF=000000000C69D000 1P=1 1W=1 1U=1 1N=0 1G=0 1H=0 1A=1 1D=0 1R=0 1X=1 1L=1
WTXP V=0000000000400037 EQ=0 KE=0000000000400103 KF=0000000000400000 KP=1 KW=1 KU=0 KN=0 KG=1 KH=0 KA=0 KD=0 KR=0 KX=1 KL=1 TE=000000000C69D027 TF=000000000C69D000 TP=1 TW=1 TU=1 TN=0 TG=0 TH=0 TA=1 TD=0 TR=0 TX=1 TL=1
P10_RING3_ATTEMPT
P10_RFLAGS_IF_ON
P10_RING3_FRAME_PROOF FRSP=FFFFFFFF82005C38 RIP=0000000000400037 CS=0000000000000023 RF=0000000000000246 RSP=00000000007FFFB8 SS=000000000000001B BYTES=370040000000000023000000000000004602000000000000B8FF7F00000000001B00000000000000
P10_RING3_GATE_PROOF TR=0028 CTX0=FFFFFFFF82005C60 TSS0=FFFFFFFF82005C60 FCS=0000000000000023 FSS=000000000000001B IDTB=FFFFFFFF800E9FC0 IDTL=0000000000000FFF GPSEL=0008 GPIST=0000000000000000 GPTA=000000000000008F GPOFF=FFFFFFFF80016EF0 PFSEL=0008 PFIST=0000000000000000 PFTA=000000000000008F PFOFF=FFFFFFFF80016FA0
P10_RING3_COMMIT
P10_CR3_SWITCH
P10_RING3_ENTER
TrY[IRQ][SCH]
P12[[AYKEN_PERF_MB_EXTRACT_RAW]] epoch=3 candidate_pid=2 owner_last_epoch=3 ticks=26896881869 tick_valid=2
[[AYKEN_PERF_MB_EXTRACT_REASON]] name=epoch_stale ticks=26897369785 tick_valid=2
[[AYKEN_PERF_MB_PATH]] name=fallback phase=enter ticks=26897709501 tick_valid=2
[[AYKEN_PERF_MB_PATH]] name=fallback phase=exit ticks=26898046123 tick_valid=2
[[AYKEN_PERF_MB_REASON]] name=no_candidate ticks=26898373281 tick_valid=2
N12
MARK:PID=2
MARK:SW=U>U
MARK:IRET
P10_TEXT_ROOT_PROOF AC=000000000C6A3000 KC=000000000DE83000 TC=000000000C6A3000 RC=000000000C6A3000 RIP=0000000000400037 AP=0000000000400103 TP=000000000C69D027
P10_ROOT_FRAME_WITNESS phase=pre_dispatch root=000000000C6A3000 pte=0000000000000000 phys=000000000C6A3000 used=1 lo=000000000C69C027 hi=0000000000000000 hash=AB3F4A62FAEF25FC
P10_TEXT_FRAME_WITNESS phase=pre_dispatch root=000000000C6A3000 pte=000000000C69D027 phys=000000000C69D000 used=1 lo=4800700000C3C748 hi=8948C0FF4808438B hash=3B68EAFA86874C6F
WTX4 R=000000000C6A3000 V=0000000000400037 I=0000000000000000 TP=000000000C6A3000 EP=000000000C6A3000 E=000000000C69C027 CF=000000000C69C000 4P=1 4W=1 4U=1 4N=0 4G=0 4H=0 4A=1 4D=0 4R=0 4X=1 4L=0
WTX3 R=000000000C6A3000 V=0000000000400037 I=0000000000000000 TP=000000000C69C000 EP=000000000C69C000 E=000000000C69B027 CF=000000000C69B000 3P=1 3W=1 3U=1 3N=0 3G=0 3H=0 3A=1 3D=0 3R=0 3X=1 3L=0
WTX2 R=000000000C6A3000 V=0000000000400037 I=0000000000000002 TP=000000000C69B000 EP=000000000C69B000 E=000000000C69A027 CF=000000000C69A000 2P=1 2W=1 2U=1 2N=0 2G=0 2H=0 2A=1 2D=0 2R=0 2X=1 2L=0
WTX1 R=000000000C6A3000 V=0000000000400037 I=0000000000000000 TP=000000000C69A000 EP=000000000C69A000 E=000000000C69D027 CF=000000000C69D000 1P=1 1W=1 1U=1 1N=0 1G=0 1H=0 1A=1 1D=0 1R=0 1X=1 1L=1
WTXP V=0000000000400037 EQ=0 KE=0000000000400103 KF=0000000000400000 KP=1 KW=1 KU=0 KN=0 KG=1 KH=0 KA=0 KD=0 KR=0 KX=1 KL=1 TE=000000000C69D027 TF=000000000C69D000 TP=1 TW=1 TU=1 TN=0 TG=0 TH=0 TA=1 TD=0 TR=0 TX=1 TL=1
P10_RING3_ATTEMPT
P10_RFLAGS_IF_ON
P10_RING3_FRAME_PROOF FRSP=FFFFFFFF82005C38 RIP=0000000000400037 CS=0000000000000023 RF=0000000000000246 RSP=00000000007FFFB8 SS=000000000000001B BYTES=370040000000000023000000000000004602000000000000B8FF7F00000000001B00000000000000
P10_RING3_GATE_PROOF TR=0028 CTX0=FFFFFFFF82005C60 TSS0=FFFFFFFF82005C60 FCS=0000000000000023 FSS=000000000000001B IDTB=FFFFFFFF800E9FC0 IDTL=0000000000000FFF GPSEL=0008 GPIST=0000000000000000 GPTA=000000000000008F GPOFF=FFFFFFFF80016EF0 PFSEL=0008 PFIST=0000000000000000 PFTA=000000000000008F PFOFF=FFFFFFFF80016FA0
P10_RING3_COMMIT
P10_CR3_SWITCH
P10_RING3_ENTER
rY[IRQ][SCH]
P12[[AYKEN_PERF_MB_EXTRACT_RAW]] epoch=3 candidate_pid=2 owner_last_epoch=3 ticks=26909658451 tick_valid=2
[[AYKEN_PERF_MB_EXTRACT_REASON]] name=epoch_stale ticks=26910104273 tick_valid=2
[[AYKEN_PERF_MB_PATH]] name=fallback phase=enter ticks=26910488761 tick_valid=2
[[AYKEN_PERF_MB_PATH]] name=fallback phase=exit ticks=26910829179 tick_valid=2
[[AYKEN_PERF_MB_REASON]] name=no_candidate ticks=26911161121 tick_valid=2
N12
MARK:PID=2
MARK:SW=U>U
MARK:IRET
P10_TEXT_ROOT_PROOF AC=000000000C6A3000 KC=000000000DE83000 TC=000000000C6A3000 RC=000000000C6A3000 RIP=0000000000400037 AP=0000000000400103 TP=000000000C69D027
P10_ROOT_FRAME_WITNESS phase=pre_dispatch root=000000000C6A3000 pte=0000000000000000 phys=000000000C6A3000 used=1 lo=000000000C69C027 hi=0000000000000000 hash=AB3F4A62FAEF25FC
P10_TEXT_FRAME_WITNESS phase=pre_dispatch root=000000000C6A3000 pte=000000000C69D027 phys=000000000C69D000 used=1 lo=4800700000C3C748 hi=8948C0FF4808438B hash=3B68EAFA86874C6F
WTX4 R=000000000C6A3000 V=0000000000400037 I=0000000000000000 TP=000000000C6A3000 EP=000000000C6A3000 E=000000000C69C027 CF=000000000C69C000 4P=1 4W=1 4U=1 4N=0 4G=0 4H=0 4A=1 4D=0 4R=0 4X=1 4L=0
WTX3 R=000000000C6A3000 V=0000000000400037 I=0000000000000000 TP=000000000C69C000 EP=000000000C69C000 E=000000000C69B027 CF=000000000C69B000 3P=1 3W=1 3U=1 3N=0 3G=0 3H=0 3A=1 3D=0 3R=0 3X=1 3L=0
WTX2 R=000000000C6A3000 V=0000000000400037 I=0000000000000002 TP=000000000C69B000 EP=000000000C69B000 E=000000000C69A027 CF=000000000C69A000 2P=1 2W=1 2U=1 2N=0 2G=0 2H=0 2A=1 2D=0 2R=0 2X=1 2L=0
WTX1 R=000000000C6A3000 V=0000000000400037 I=0000000000000000 TP=000000000C69A000 EP=000000000C69A000 E=000000000C69D027 CF=000000000C69D000 1P=1 1W=1 1U=1 1N=0 1G=0 1H=0 1A=1 1D=0 1R=0 1X=1 1L=1
WTXP V=0000000000400037 EQ=0 KE=0000000000400103 KF=0000000000400000 KP=1 KW=1 KU=0 KN=0 KG=1 KH=0 KA=0 KD=0 KR=0 KX=1 KL=1 TE=000000000C69D027 TF=000000000C69D000 TP=1 TW=1 TU=1 TN=0 TG=0 TH=0 TA=1 TD=0 TR=0 TX=1 TL=1
P10_RING3_ATTEMPT
P10_RFLAGS_IF_ON
P10_RING3_FRAME_PROOF FRSP=FFFFFFFF82005C38 RIP=0000000000400037 CS=0000000000000023 RF=0000000000000246 RSP=00000000007FFFB8 SS=000000000000001B BYTES=370040000000000023000000000000004602000000000000B8FF7F00000000001B00000000000000
P10_RING3_GATE_PROOF TR=0028 CTX0=FFFFFFFF82005C60 TSS0=FFFFFFFF82005C60 FCS=0000000000000023 FSS=000000000000001B IDTB=FFFFFFFF800E9FC0 IDTL=0000000000000FFF GPSEL=0008 GPIST=0000000000000000 GPTA=000000000000008F GPOFF=FFFFFFFF80016EF0 PFSEL=0008 PFIST=0000000000000000 PFTA=000000000000008F PFOFF=FFFFFFFF80016FA0
P10_RING3_COMMIT
P10_CR3_SWITCH
P10_RING3_ENTER
TrY[IRQ][SCH]
P12[[AYKEN_PERF_MB_EXTRACT_RAW]] epoch=3 candidate_pid=2 owner_last_epoch=3 ticks=26922198199 tick_valid=2
[[AYKEN_PERF_MB_EXTRACT_REASON]] name=epoch_stale ticks=26922690951 tick_valid=2
[[AYKEN_PERF_MB_PATH]] name=fallback phase=enter ticks=26923032903 tick_valid=2
[[AYKEN_PERF_MB_PATH]] name=fallback phase=exit ticks=26923461617 tick_valid=2
[[AYKEN_PERF_MB_REASON]] name=no_candidate ticks=26923898755 tick_valid=2
N12
MARK:PID=2
MARK:SW=U>U
MARK:IRET
P10_TEXT_ROOT_PROOF AC=000000000C6A3000 KC=000000000DE83000 TC=000000000C6A3000 RC=000000000C6A3000 RIP=0000000000400037 AP=0000000000400103 TP=000000000C69D027
P10_ROOT_FRAME_WITNESS phase=pre_dispatch root=000000000C6A3000 pte=0000000000000000 phys=000000000C6A3000 used=1 lo=000000000C69C027 hi=0000000000000000 hash=AB3F4A62FAEF25FC
P10_TEXT_FRAME_WITNESS phase=pre_dispatch root=000000000C6A3000 pte=000000000C69D027 phys=000000000C69D000 used=1 lo=4800700000C3C748 hi=8948C0FF4808438B hash=3B68EAFA86874C6F
WTX4 R=000000000C6A3000 V=0000000000400037 I=0000000000000000 TP=000000000C6A3000 EP=000000000C6A3000 E=000000000C69C027 CF=000000000C69C000 4P=1 4W=1 4U=1 4N=0 4G=0 4H=0 4A=1 4D=0 4R=0 4X=1 4L=0
WTX3 R=000000000C6A3000 V=0000000000400037 I=0000000000000000 TP=000000000C69C000 EP=000000000C69C000 E=000000000C69B027 CF=000000000C69B000 3P=1 3W=1 3U=1 3N=0 3G=0 3H=0 3A=1 3D=0 3R=0 3X=1 3L=0
WTX2 R=000000000C6A3000 V=0000000000400037 I=0000000000000002 TP=000000000C69B000 EP=000000000C69B000 E=000000000C69A027 CF=000000000C69A000 2P=1 2W=1 2U=1 2N=0 2G=0 2H=0 2A=1 2D=0 2R=0 2X=1 2L=0
WTX1 R=000000000C6A3000 V=0000000000400037 I=0000000000000000 TP=000000000C69A000 EP=000000000C69A000 E=000000000C69D027 CF=000000000C69D000 1P=1 1W=1 1U=1 1N=0 1G=0 1H=0 1A=1 1D=0 1R=0 1X=1 1L=1
WTXP V=0000000000400037 EQ=0 KE=0000000000400103 KF=0000000000400000 KP=1 KW=1 KU=0 KN=0 KG=1 KH=0 KA=0 KD=0 KR=0 KX=1 KL=1 TE=000000000C69D027 TF=000000000C69D000 TP=1 TW=1 TU=1 TN=0 TG=0 TH=0 TA=1 TD=0 TR=0 TX=1 TL=1
P10_RING3_ATTEMPT
P10_RFLAGS_IF_ON
P10_RING3_FRAME_PROOF FRSP=FFFFFFFF82005C38 RIP=0000000000400037 CS=0000000000000023 RF=0000000000000246 RSP=00000000007FFFB8 SS=000000000000001B BYTES=370040000000000023000000000000004602000000000000B8FF7F00000000001B00000000000000
P10_RING3_GATE_PROOF TR=0028 CTX0=FFFFFFFF82005C60 TSS0=FFFFFFFF82005C60 FCS=0000000000000023 FSS=000000000000001B IDTB=FFFFFFFF800E9FC0 IDTL=0000000000000FFF GPSEL=0008 GPIST=0000000000000000 GPTA=000000000000008F GPOFF=FFFFFFFF80016EF0 PFSEL=0008 PFIST=0000000000000000 PFTA=000000000000008F PFOFF=FFFFFFFF80016FA0
P10_RING3_COMMIT
P10_CR3_SWITCH
P10_RING3_ENTER
rY[IRQ][SCH]
P12[[AYKEN_PERF_MB_EXTRACT_RAW]] epoch=3 candidate_pid=2 owner_last_epoch=3 ticks=26934992903 tick_valid=2
[[AYKEN_PERF_MB_EXTRACT_REASON]] name=epoch_stale ticks=26935480819 tick_valid=2
[[AYKEN_PERF_MB_PATH]] name=fallback phase=enter ticks=26935823603 tick_valid=2
[[AYKEN_PERF_MB_PATH]] name=fallback phase=exit ticks=26936197327 tick_valid=2
[[AYKEN_PERF_MB_REASON]] name=no_candidate ticks=26936675597 tick_valid=2
N12
MARK:PID=2
MARK:SW=U>U
MARK:IRET
P10_TEXT_ROOT_PROOF AC=000000000C6A3000 KC=000000000DE83000 TC=000000000C6A3000 RC=000000000C6A3000 RIP=0000000000400037 AP=0000000000400103 TP=000000000C69D027
P10_ROOT_FRAME_WITNESS phase=pre_dispatch root=000000000C6A3000 pte=0000000000000000 phys=000000000C6A3000 used=1 lo=000000000C69C027 hi=0000000000000000 hash=AB3F4A62FAEF25FC
P10_TEXT_FRAME_WITNESS phase=pre_dispatch root=000000000C6A3000 pte=000000000C69D027 phys=000000000C69D000 used=1 lo=4800700000C3C748 hi=8948C0FF4808438B hash=3B68EAFA86874C6F
WTX4 R=000000000C6A3000 V=0000000000400037 I=0000000000000000 TP=000000000C6A3000 EP=000000000C6A3000 E=000000000C69C027 CF=000000000C69C000 4P=1 4W=1 4U=1 4N=0 4G=0 4H=0 4A=1 4D=0 4R=0 4X=1 4L=0
WTX3 R=000000000C6A3000 V=0000000000400037 I=0000000000000000 TP=000000000C69C000 EP=000000000C69C000 E=000000000C69B027 CF=000000000C69B000 3P=1 3W=1 3U=1 3N=0 3G=0 3H=0 3A=1 3D=0 3R=0 3X=1 3L=0
WTX2 R=000000000C6A3000 V=0000000000400037 I=0000000000000002 TP=000000000C69B000 EP=000000000C69B000 E=000000000C69A027 CF=000000000C69A000 2P=1 2W=1 2U=1 2N=0 2G=0 2H=0 2A=1 2D=0 2R=0 2X=1 2L=0
WTX1 R=000000000C6A3000 V=0000000000400037 I=0000000000000000 TP=000000000C69A000 EP=000000000C69A000 E=000000000C69D027 CF=000000000C69D000 1P=1 1W=1 1U=1 1N=0 1G=0 1H=0 1A=1 1D=0 1R=0 1X=1 1L=1
WTXP V=0000000000400037 EQ=0 KE=0000000000400103 KF=0000000000400000 KP=1 KW=1 KU=0 KN=0 KG=1 KH=0 KA=0 KD=0 KR=0 KX=1 KL=1 TE=000000000C69D027 TF=000000000C69D000 TP=1 TW=1 TU=1 TN=0 TG=0 TH=0 TA=1 TD=0 TR=0 TX=1 TL=1
P10_RING3_ATTEMPT
P10_RFLAGS_IF_ON
P10_RING3_FRAME_PROOF FRSP=FFFFFFFF82005C38 RIP=0000000000400037 CS=0000000000000023 RF=0000000000000246 RSP=00000000007FFFB8 SS=000000000000001B BYTES=370040000000000023000000000000004602000000000000B8FF7F00000000001B00000000000000
P10_RING3_GATE_PROOF TR=0028 CTX0=FFFFFFFF82005C60 TSS0=FFFFFFFF82005C60 FCS=0000000000000023 FSS=000000000000001B IDTB=FFFFFFFF800E9FC0 IDTL=0000000000000FFF GPSEL=0008 GPIST=0000000000000000 GPTA=000000000000008F GPOFF=FFFFFFFF80016EF0 PFSEL=0008 PFIST=0000000000000000 PFTA=000000000000008F PFOFF=FFFFFFFF80016FA0
P10_RING3_COMMIT
P10_CR3_SWITCH
P10_RING3_ENTER
TrY[IRQ][SCH]
P12[[AYKEN_PERF_MB_EXTRACT_RAW]] epoch=3 candidate_pid=2 owner_last_epoch=3 ticks=26947595207 tick_valid=2
[[AYKEN_PERF_MB_EXTRACT_REASON]] name=epoch_stale ticks=26948106471 tick_valid=2
[[AYKEN_PERF_MB_PATH]] name=fallback phase=enter ticks=26948494937 tick_valid=2
[[AYKEN_PERF_MB_PATH]] name=fallback phase=exit ticks=26948831169 tick_valid=2
[[AYKEN_PERF_MB_REASON]] name=no_candidate ticks=26949197483 tick_valid=2
N12
MARK:PID=2
MARK:SW=U>U
MARK:IRET
P10_TEXT_ROOT_PROOF AC=000000000C6A3000 KC=000000000DE83000 TC=000000000C6A3000 RC=000000000C6A3000 RIP=0000000000400037 AP=0000000000400103 TP=000000000C69D027
P10_ROOT_FRAME_WITNESS phase=pre_dispatch root=000000000C6A3000 pte=0000000000000000 phys=000000000C6A3000 used=1 lo=000000000C69C027 hi=0000000000000000 hash=AB3F4A62FAEF25FC
P10_TEXT_FRAME_WITNESS phase=pre_dispatch root=000000000C6A3000 pte=000000000C69D027 phys=000000000C69D000 used=1 lo=4800700000C3C748 hi=8948C0FF4808438B hash=3B68EAFA86874C6F
WTX4 R=000000000C6A3000 V=0000000000400037 I=0000000000000000 TP=000000000C6A3000 EP=000000000C6A3000 E=000000000C69C027 CF=000000000C69C000 4P=1 4W=1 4U=1 4N=0 4G=0 4H=0 4A=1 4D=0 4R=0 4X=1 4L=0
WTX3 R=000000000C6A3000 V=0000000000400037 I=0000000000000000 TP=000000000C69C000 EP=000000000C69C000 E=000000000C69B027 CF=000000000C69B000 3P=1 3W=1 3U=1 3N=0 3G=0 3H=0 3A=1 3D=0 3R=0 3X=1 3L=0
WTX2 R=000000000C6A3000 V=0000000000400037 I=0000000000000002 TP=000000000C69B000 EP=000000000C69B000 E=000000000C69A027 CF=000000000C69A000 2P=1 2W=1 2U=1 2N=0 2G=0 2H=0 2A=1 2D=0 2R=0 2X=1 2L=0
WTX1 R=000000000C6A3000 V=0000000000400037 I=0000000000000000 TP=000000000C69A000 EP=000000000C69A000 E=000000000C69D027 CF=000000000C69D000 1P=1 1W=1 1U=1 1N=0 1G=0 1H=0 1A=1 1D=0 1R=0 1X=1 1L=1
WTXP V=0000000000400037 EQ=0 KE=0000000000400103 KF=0000000000400000 KP=1 KW=1 KU=0 KN=0 KG=1 KH=0 KA=0 KD=0 KR=0 KX=1 KL=1 TE=000000000C69D027 TF=000000000C69D000 TP=1 TW=1 TU=1 TN=0 TG=0 TH=0 TA=1 TD=0 TR=0 TX=1 TL=1
P10_RING3_ATTEMPT
P10_RFLAGS_IF_ON
P10_RING3_FRAME_PROOF FRSP=FFFFFFFF82005C38 RIP=0000000000400037 CS=0000000000000023 RF=0000000000000246 RSP=00000000007FFFB8 SS=000000000000001B BYTES=370040000000000023000000000000004602000000000000B8FF7F00000000001B00000000000000
P10_RING3_GATE_PROOF TR=0028 CTX0=FFFFFFFF82005C60 TSS0=FFFFFFFF82005C60 FCS=0000000000000023 FSS=000000000000001B IDTB=FFFFFFFF800E9FC0 IDTL=0000000000000FFF GPSEL=0008 GPIST=0000000000000000 GPTA=000000000000008F GPOFF=FFFFFFFF80016EF0 PFSEL=0008 PFIST=0000000000000000 PFTA=000000000000008F PFOFF=FFFFFFFF80016FA0
P10_RING3_COMMIT
P10_CR3_SWITCH
P10_RING3_ENTER
rY[IRQ][SCH]
P12[[AYKEN_PERF_MB_EXTRACT_RAW]] epoch=3 candidate_pid=2 owner_last_epoch=3 ticks=26960199279 tick_valid=2
[[AYKEN_PERF_MB_EXTRACT_REASON]] name=epoch_stale ticks=26960642839 tick_valid=2
[[AYKEN_PERF_MB_PATH]] name=fallback phase=enter ticks=26961017083 tick_valid=2
[[AYKEN_PERF_MB_PATH]] name=fallback phase=exit ticks=26961352379 tick_valid=2
[[AYKEN_PERF_MB_REASON]] name=no_candidate ticks=26961737751 tick_valid=2
N12
MARK:PID=2
MARK:SW=U>U
MARK:IRET
P10_TEXT_ROOT_PROOF AC=000000000C6A3000 KC=000000000DE83000 TC=000000000C6A3000 RC=000000000C6A3000 RIP=0000000000400037 AP=0000000000400103 TP=000000000C69D027
P10_ROOT_FRAME_WITNESS phase=pre_dispatch root=000000000C6A3000 pte=0000000000000000 phys=000000000C6A3000 used=1 lo=000000000C69C027 hi=0000000000000000 hash=AB3F4A62FAEF25FC
P10_TEXT_FRAME_WITNESS phase=pre_dispatch root=000000000C6A3000 pte=000000000C69D027 phys=000000000C69D000 used=1 lo=4800700000C3C748 hi=8948C0FF4808438B hash=3B68EAFA86874C6F
WTX4 R=000000000C6A3000 V=0000000000400037 I=0000000000000000 TP=000000000C6A3000 EP=000000000C6A3000 E=000000000C69C027 CF=000000000C69C000 4P=1 4W=1 4U=1 4N=0 4G=0 4H=0 4A=1 4D=0 4R=0 4X=1 4L=0
WTX3 R=000000000C6A3000 V=0000000000400037 I=0000000000000000 TP=000000000C69C000 EP=000000000C69C000 E=000000000C69B027 CF=000000000C69B000 3P=1 3W=1 3U=1 3N=0 3G=0 3H=0 3A=1 3D=0 3R=0 3X=1 3L=0
WTX2 R=000000000C6A3000 V=0000000000400037 I=0000000000000002 TP=000000000C69B000 EP=000000000C69B000 E=000000000C69A027 CF=000000000C69A000 2P=1 2W=1 2U=1 2N=0 2G=0 2H=0 2A=1 2D=0 2R=0 2X=1 2L=0
WTX1 R=000000000C6A3000 V=0000000000400037 I=0000000000000000 TP=000000000C69A000 EP=000000000C69A000 E=000000000C69D027 CF=000000000C69D000 1P=1 1W=1 1U=1 1N=0 1G=0 1H=0 1A=1 1D=0 1R=0 1X=1 1L=1
WTXP V=0000000000400037 EQ=0 KE=0000000000400103 KF=0000000000400000 KP=1 KW=1 KU=0 KN=0 KG=1 KH=0 KA=0 KD=0 KR=0 KX=1 KL=1 TE=000000000C69D027 TF=000000000C69D000 TP=1 TW=1 TU=1 TN=0 TG=0 TH=0 TA=1 TD=0 TR=0 TX=1 TL=1
P10_RING3_ATTEMPT
P10_RFLAGS_IF_ON
P10_RING3_FRAME_PROOF FRSP=FFFFFFFF82005C38 RIP=0000000000400037 CS=0000000000000023 RF=0000000000000246 RSP=00000000007FFFB8 SS=000000000000001B BYTES=370040000000000023000000000000004602000000000000B8FF7F00000000001B00000000000000
P10_RING3_GATE_PROOF TR=0028 CTX0=FFFFFFFF82005C60 TSS0=FFFFFFFF82005C60 FCS=0000000000000023 FSS=000000000000001B IDTB=FFFFFFFF800E9FC0 IDTL=0000000000000FFF GPSEL=0008 GPIST=0000000000000000 GPTA=000000000000008F GPOFF=FFFFFFFF80016EF0 PFSEL=0008 PFIST=0000000000000000 PFTA=000000000000008F PFOFF=FFFFFFFF80016FA0
P10_RING3_COMMIT
P10_CR3_SWITCH
P10_RING3_ENTER
TrY[IRQ][SCH]
P12[[AYKEN_PERF_MB_EXTRACT_RAW]] epoch=3 candidate_pid=2 owner_last_epoch=3 ticks=26973145615 tick_valid=2
[[AYKEN_PERF_MB_EXTRACT_REASON]] name=epoch_stale ticks=26973589721 tick_valid=2
[[AYKEN_PERF_MB_PATH]] name=fallback phase=enter ticks=26973964433 tick_valid=2
[[AYKEN_PERF_MB_PATH]] name=fallback phase=exit ticks=26974299729 tick_valid=2
[[AYKEN_PERF_MB_REASON]] name=no_candidate ticks=26974679927 tick_valid=2
N12
MARK:PID=2
MARK:SW=U>U
MARK:IRET
P10_TEXT_ROOT_PROOF AC=000000000C6A3000 KC=000000000DE83000 TC=000000000C6A3000 RC=000000000C6A3000 RIP=0000000000400037 AP=0000000000400103 TP=000000000C69D027
P10_ROOT_FRAME_WITNESS phase=pre_dispatch root=000000000C6A3000 pte=0000000000000000 phys=000000000C6A3000 used=1 lo=000000000C69C027 hi=0000000000000000 hash=AB3F4A62FAEF25FC
P10_TEXT_FRAME_WITNESS phase=pre_dispatch root=000000000C6A3000 pte=000000000C69D027 phys=000000000C69D000 used=1 lo=4800700000C3C748 hi=8948C0FF4808438B hash=3B68EAFA86874C6F
WTX4 R=000000000C6A3000 V=0000000000400037 I=0000000000000000 TP=000000000C6A3000 EP=000000000C6A3000 E=000000000C69C027 CF=000000000C69C000 4P=1 4W=1 4U=1 4N=0 4G=0 4H=0 4A=1 4D=0 4R=0 4X=1 4L=0
WTX3 R=000000000C6A3000 V=0000000000400037 I=0000000000000000 TP=000000000C69C000 EP=000000000C69C000 E=000000000C69B027 CF=000000000C69B000 3P=1 3W=1 3U=1 3N=0 3G=0 3H=0 3A=1 3D=0 3R=0 3X=1 3L=0
WTX2 R=000000000C6A3000 V=0000000000400037 I=0000000000000002 TP=000000000C69B000 EP=000000000C69B000 E=000000000C69A027 CF=000000000C69A000 2P=1 2W=1 2U=1 2N=0 2G=0 2H=0 2A=1 2D=0 2R=0 2X=1 2L=0
WTX1 R=000000000C6A3000 V=0000000000400037 I=0000000000000000 TP=000000000C69A000 EP=000000000C69A000 E=000000000C69D027 CF=000000000C69D000 1P=1 1W=1 1U=1 1N=0 1G=0 1H=0 1A=1 1D=0 1R=0 1X=1 1L=1
WTXP V=0000000000400037 EQ=0 KE=0000000000400103 KF=0000000000400000 KP=1 KW=1 KU=0 KN=0 KG=1 KH=0 KA=0 KD=0 KR=0 KX=1 KL=1 TE=000000000C69D027 TF=000000000C69D000 TP=1 TW=1 TU=1 TN=0 TG=0 TH=0 TA=1 TD=0 TR=0 TX=1 TL=1
P10_RING3_ATTEMPT
P10_RFLAGS_IF_ON
P10_RING3_FRAME_PROOF FRSP=FFFFFFFF82005C38 RIP=0000000000400037 CS=0000000000000023 RF=0000000000000246 RSP=00000000007FFFB8 SS=000000000000001B BYTES=370040000000000023000000000000004602000000000000B8FF7F00000000001B00000000000000
P10_RING3_GATE_PROOF TR=0028 CTX0=FFFFFFFF82005C60 TSS0=FFFFFFFF82005C60 FCS=0000000000000023 FSS=000000000000001B IDTB=FFFFFFFF800E9FC0 IDTL=0000000000000FFF GPSEL=0008 GPIST=0000000000000000 GPTA=000000000000008F GPOFF=FFFFFFFF80016EF0 PFSEL=0008 PFIST=0000000000000000 PFTA=000000000000008F PFOFF=FFFFFFFF80016FA0
P10_RING3_COMMIT
P10_CR3_SWITCH
P10_RING3_ENTER
rY[IRQ][SCH]
P12[[AYKEN_PERF_MB_EXTRACT_RAW]] epoch=3 candidate_pid=2 owner_last_epoch=3 ticks=26985752183 tick_valid=2
[[AYKEN_PERF_MB_EXTRACT_REASON]] name=epoch_stale ticks=26986229829 tick_valid=2
[[AYKEN_PERF_MB_PATH]] name=fallback phase=enter ticks=26986599133 tick_valid=2
[[AYKEN_PERF_MB_PATH]] name=fallback phase=exit ticks=26986993865 tick_valid=2
[[AYKEN_PERF_MB_REASON]] name=no_candidate ticks=26987347231 tick_valid=2
N12
MARK:PID=2
MARK:SW=U>U
MARK:IRET
P10_TEXT_ROOT_PROOF AC=000000000C6A3000 KC=000000000DE83000 TC=000000000C6A3000 RC=000000000C6A3000 RIP=0000000000400037 AP=0000000000400103 TP=000000000C69D027
P10_ROOT_FRAME_WITNESS phase=pre_dispatch root=000000000C6A3000 pte=0000000000000000 phys=000000000C6A3000 used=1 lo=000000000C69C027 hi=0000000000000000 hash=AB3F4A62FAEF25FC
P10_TEXT_FRAME_WITNESS phase=pre_dispatch root=000000000C6A3000 pte=000000000C69D027 phys=000000000C69D000 used=1 lo=4800700000C3C748 hi=8948C0FF4808438B hash=3B68EAFA86874C6F
WTX4 R=000000000C6A3000 V=0000000000400037 I=0000000000000000 TP=000000000C6A3000 EP=000000000C6A3000 E=000000000C69C027 CF=000000000C69C000 4P=1 4W=1 4U=1 4N=0 4G=0 4H=0 4A=1 4D=0 4R=0 4X=1 4L=0
WTX3 R=000000000C6A3000 V=0000000000400037 I=0000000000000000 TP=000000000C69C000 EP=000000000C69C000 E=000000000C69B027 CF=000000000C69B000 3P=1 3W=1 3U=1 3N=0 3G=0 3H=0 3A=1 3D=0 3R=0 3X=1 3L=0
WTX2 R=000000000C6A3000 V=0000000000400037 I=0000000000000002 TP=000000000C69B000 EP=000000000C69B000 E=000000000C69A027 CF=000000000C69A000 2P=1 2W=1 2U=1 2N=0 2G=0 2H=0 2A=1 2D=0 2R=0 2X=1 2L=0
WTX1 R=000000000C6A3000 V=0000000000400037 I=0000000000000000 TP=000000000C69A000 EP=000000000C69A000 E=000000000C69D027 CF=000000000C69D000 1P=1 1W=1 1U=1 1N=0 1G=0 1H=0 1A=1 1D=0 1R=0 1X=1 1L=1
WTXP V=0000000000400037 EQ=0 KE=0000000000400103 KF=0000000000400000 KP=1 KW=1 KU=0 KN=0 KG=1 KH=0 KA=0 KD=0 KR=0 KX=1 KL=1 TE=000000000C69D027 TF=000000000C69D000 TP=1 TW=1 TU=1 TN=0 TG=0 TH=0 TA=1 TD=0 TR=0 TX=1 TL=1
P10_RING3_ATTEMPT
P10_RFLAGS_IF_ON
P10_RING3_FRAME_PROOF FRSP=FFFFFFFF82005C38 RIP=0000000000400037 CS=0000000000000023 RF=0000000000000246 RSP=00000000007FFFB8 SS=000000000000001B BYTES=370040000000000023000000000000004602000000000000B8FF7F00000000001B00000000000000
P10_RING3_GATE_PROOF TR=0028 CTX0=FFFFFFFF82005C60 TSS0=FFFFFFFF82005C60 FCS=0000000000000023 FSS=000000000000001B IDTB=FFFFFFFF800E9FC0 IDTL=0000000000000FFF GPSEL=0008 GPIST=0000000000000000 GPTA=000000000000008F GPOFF=FFFFFFFF80016EF0 PFSEL=0008 PFIST=0000000000000000 PFTA=000000000000008F PFOFF=FFFFFFFF80016FA0
P10_RING3_COMMIT
P10_CR3_SWITCH
P10_RING3_ENTER
TrY[IRQ][SCH]
P12[[AYKEN_PERF_MB_EXTRACT_RAW]] epoch=3 candidate_pid=2 owner_last_epoch=3 ticks=26999332061 tick_valid=2
[[AYKEN_PERF_MB_EXTRACT_REASON]] name=epoch_stale ticks=26999831261 tick_valid=2
[[AYKEN_PERF_MB_PATH]] name=fallback phase=enter ticks=27000170847 tick_valid=2
[[AYKEN_PERF_MB_PATH]] name=fallback phase=exit ticks=27000560535 tick_valid=2
[[AYKEN_PERF_MB_REASON]] name=no_candidate ticks=27000888889 tick_valid=2
N12
MARK:PID=2
MARK:SW=U>U
MARK:IRET
P10_TEXT_ROOT_PROOF AC=000000000C6A3000 KC=000000000DE83000 TC=000000000C6A3000 RC=000000000C6A3000 RIP=0000000000400037 AP=0000000000400103 TP=000000000C69D027
P10_ROOT_FRAME_WITNESS phase=pre_dispatch root=000000000C6A3000 pte=0000000000000000 phys=000000000C6A3000 used=1 lo=000000000C69C027 hi=0000000000000000 hash=AB3F4A62FAEF25FC
P10_TEXT_FRAME_WITNESS phase=pre_dispatch root=000000000C6A3000 pte=000000000C69D027 phys=000000000C69D000 used=1 lo=4800700000C3C748 hi=8948C0FF4808438B hash=3B68EAFA86874C6F
WTX4 R=000000000C6A3000 V=0000000000400037 I=0000000000000000 TP=000000000C6A3000 EP=000000000C6A3000 E=000000000C69C027 CF=000000000C69C000 4P=1 4W=1 4U=1 4N=0 4G=0 4H=0 4A=1 4D=0 4R=0 4X=1 4L=0
WTX3 R=000000000C6A3000 V=0000000000400037 I=0000000000000000 TP=000000000C69C000 EP=000000000C69C000 E=000000000C69B027 CF=000000000C69B000 3P=1 3W=1 3U=1 3N=0 3G=0 3H=0 3A=1 3D=0 3R=0 3X=1 3L=0
WTX2 R=000000000C6A3000 V=0000000000400037 I=0000000000000002 TP=000000000C69B000 EP=000000000C69B000 E=000000000C69A027 CF=000000000C69A000 2P=1 2W=1 2U=1 2N=0 2G=0 2H=0 2A=1 2D=0 2R=0 2X=1 2L=0
WTX1 R=000000000C6A3000 V=0000000000400037 I=0000000000000000 TP=000000000C69A000 EP=000000000C69A000 E=000000000C69D027 CF=000000000C69D000 1P=1 1W=1 1U=1 1N=0 1G=0 1H=0 1A=1 1D=0 1R=0 1X=1 1L=1
WTXP V=0000000000400037 EQ=0 KE=0000000000400103 KF=0000000000400000 KP=1 KW=1 KU=0 KN=0 KG=1 KH=0 KA=0 KD=0 KR=0 KX=1 KL=1 TE=000000000C69D027 TF=000000000C69D000 TP=1 TW=1 TU=1 TN=0 TG=0 TH=0 TA=1 TD=0 TR=0 TX=1 TL=1
P10_RING3_ATTEMPT
P10_RFLAGS_IF_ON
P10_RING3_FRAME_PROOF FRSP=FFFFFFFF82005C38 RIP=0000000000400037 CS=0000000000000023 RF=0000000000000246 RSP=00000000007FFFB8 SS=000000000000001B BYTES=370040000000000023000000000000004602000000000000B8FF7F00000000001B00000000000000
P10_RING3_GATE_PROOF TR=0028 CTX0=FFFFFFFF82005C60 TSS0=FFFFFFFF82005C60 FCS=0000000000000023 FSS=000000000000001B IDTB=FFFFFFFF800E9FC0 IDTL=0000000000000FFF GPSEL=0008 GPIST=0000000000000000 GPTA=000000000000008F GPOFF=FFFFFFFF80016EF0 PFSEL=0008 PFIST=0000000000000000 PFTA=000000000000008F PFOFF=FFFFFFFF80016FA0
P10_RING3_COMMIT
P10_CR3_SWITCH
P10_RING3_ENTER
rY[IRQ][SCH]
P12[[AYKEN_PERF_MB_EXTRACT_RAW]] epoch=3 candidate_pid=2 owner_last_epoch=3 ticks=27011687599 tick_valid=2
[[AYKEN_PERF_MB_EXTRACT_REASON]] name=epoch_stale ticks=27012130223 tick_valid=2
[[AYKEN_PERF_MB_PATH]] name=fallback phase=enter ticks=27012469601 tick_valid=2
[[AYKEN_PERF_MB_PATH]] name=fallback phase=exit ticks=27012864723 tick_valid=2
[[AYKEN_PERF_MB_REASON]] name=no_candidate ticks=27013365509 tick_valid=2
N12
MARK:PID=2
MARK:SW=U>U
MARK:IRET
P10_TEXT_ROOT_PROOF AC=000000000C6A3000 KC=000000000DE83000 TC=000000000C6A3000 RC=000000000C6A3000 RIP=0000000000400037 AP=0000000000400103 TP=000000000C69D027
P10_ROOT_FRAME_WITNESS phase=pre_dispatch root=000000000C6A3000 pte=0000000000000000 phys=000000000C6A3000 used=1 lo=000000000C69C027 hi=0000000000000000 hash=AB3F4A62FAEF25FC
P10_TEXT_FRAME_WITNESS phase=pre_dispatch root=000000000C6A3000 pte=000000000C69D027 phys=000000000C69D000 used=1 lo=4800700000C3C748 hi=8948C0FF4808438B hash=3B68EAFA86874C6F
WTX4 R=000000000C6A3000 V=0000000000400037 I=0000000000000000 TP=000000000C6A3000 EP=000000000C6A3000 E=000000000C69C027 CF=000000000C69C000 4P=1 4W=1 4U=1 4N=0 4G=0 4H=0 4A=1 4D=0 4R=0 4X=1 4L=0
WTX3 R=000000000C6A3000 V=0000000000400037 I=0000000000000000 TP=000000000C69C000 EP=000000000C69C000 E=000000000C69B027 CF=000000000C69B000 3P=1 3W=1 3U=1 3N=0 3G=0 3H=0 3A=1 3D=0 3R=0 3X=1 3L=0
WTX2 R=000000000C6A3000 V=0000000000400037 I=0000000000000002 TP=000000000C69B000 EP=000000000C69B000 E=000000000C69A027 CF=000000000C69A000 2P=1 2W=1 2U=1 2N=0 2G=0 2H=0 2A=1 2D=0 2R=0 2X=1 2L=0
WTX1 R=000000000C6A3000 V=0000000000400037 I=0000000000000000 TP=000000000C69A000 EP=000000000C69A000 E=000000000C69D027 CF=000000000C69D000 1P=1 1W=1 1U=1 1N=0 1G=0 1H=0 1A=1 1D=0 1R=0 1X=1 1L=1
WTXP V=0000000000400037 EQ=0 KE=0000000000400103 KF=0000000000400000 KP=1 KW=1 KU=0 KN=0 KG=1 KH=0 KA=0 KD=0 KR=0 KX=1 KL=1 TE=000000000C69D027 TF=000000000C69D000 TP=1 TW=1 TU=1 TN=0 TG=0 TH=0 TA=1 TD=0 TR=0 TX=1 TL=1
P10_RING3_ATTEMPT
P10_RFLAGS_IF_ON
P10_RING3_FRAME_PROOF FRSP=FFFFFFFF82005C38 RIP=0000000000400037 CS=0000000000000023 RF=0000000000000246 RSP=00000000007FFFB8 SS=000000000000001B BYTES=370040000000000023000000000000004602000000000000B8FF7F00000000001B00000000000000
P10_RING3_GATE_PROOF TR=0028 CTX0=FFFFFFFF82005C60 TSS0=FFFFFFFF82005C60 FCS=0000000000000023 FSS=000000000000001B IDTB=FFFFFFFF800E9FC0 IDTL=0000000000000FFF GPSEL=0008 GPIST=0000000000000000 GPTA=000000000000008F GPOFF=FFFFFFFF80016EF0 PFSEL=0008 PFIST=0000000000000000 PFTA=000000000000008F PFOFF=FFFFFFFF80016FA0
P10_RING3_COMMIT
P10_CR3_SWITCH
P10_RING3_ENTER
TrY[IRQ][SCH]
P12[[AYKEN_PERF_MB_EXTRACT_RAW]] epoch=3 candidate_pid=2 owner_last_epoch=3 ticks=27024196797 tick_valid=2
[[AYKEN_PERF_MB_EXTRACT_REASON]] name=epoch_stale ticks=27024684531 tick_valid=2
[[AYKEN_PERF_MB_PATH]] name=fallback phase=enter ticks=27025024507 tick_valid=2
[[AYKEN_PERF_MB_PATH]] name=fallback phase=exit ticks=27025361025 tick_valid=2
[[AYKEN_PERF_MB_REASON]] name=no_candidate ticks=27025718915 tick_valid=2
N12
MARK:PID=2
MARK:SW=U>U
MARK:IRET
P10_TEXT_ROOT_PROOF AC=000000000C6A3000 KC=000000000DE83000 TC=000000000C6A3000 RC=000000000C6A3000 RIP=0000000000400037 AP=0000000000400103 TP=000000000C69D027
P10_ROOT_FRAME_WITNESS phase=pre_dispatch root=000000000C6A3000 pte=0000000000000000 phys=000000000C6A3000 used=1 lo=000000000C69C027 hi=0000000000000000 hash=AB3F4A62FAEF25FC
P10_TEXT_FRAME_WITNESS phase=pre_dispatch root=000000000C6A3000 pte=000000000C69D027 phys=000000000C69D000 used=1 lo=4800700000C3C748 hi=8948C0FF4808438B hash=3B68EAFA86874C6F
WTX4 R=000000000C6A3000 V=0000000000400037 I=0000000000000000 TP=000000000C6A3000 EP=000000000C6A3000 E=000000000C69C027 CF=000000000C69C000 4P=1 4W=1 4U=1 4N=0 4G=0 4H=0 4A=1 4D=0 4R=0 4X=1 4L=0
WTX3 R=000000000C6A3000 V=0000000000400037 I=0000000000000000 TP=000000000C69C000 EP=000000000C69C000 E=000000000C69B027 CF=000000000C69B000 3P=1 3W=1 3U=1 3N=0 3G=0 3H=0 3A=1 3D=0 3R=0 3X=1 3L=0
WTX2 R=000000000C6A3000 V=0000000000400037 I=0000000000000002 TP=000000000C69B000 EP=000000000C69B000 E=000000000C69A027 CF=000000000C69A000 2P=1 2W=1 2U=1 2N=0 2G=0 2H=0 2A=1 2D=0 2R=0 2X=1 2L=0
WTX1 R=000000000C6A3000 V=0000000000400037 I=0000000000000000 TP=000000000C69A000 EP=000000000C69A000 E=000000000C69D027 CF=000000000C69D000 1P=1 1W=1 1U=1 1N=0 1G=0 1H=0 1A=1 1D=0 1R=0 1X=1 1L=1
WTXP V=0000000000400037 EQ=0 KE=0000000000400103 KF=0000000000400000 KP=1 KW=1 KU=0 KN=0 KG=1 KH=0 KA=0 KD=0 KR=0 KX=1 KL=1 TE=000000000C69D027 TF=000000000C69D000 TP=1 TW=1 TU=1 TN=0 TG=0 TH=0 TA=1 TD=0 TR=0 TX=1 TL=1
P10_RING3_ATTEMPT
P10_RFLAGS_IF_ON
P10_RING3_FRAME_PROOF FRSP=FFFFFFFF82005C38 RIP=0000000000400037 CS=0000000000000023 RF=0000000000000246 RSP=00000000007FFFB8 SS=000000000000001B BYTES=370040000000000023000000000000004602000000000000B8FF7F00000000001B00000000000000
P10_RING3_GATE_PROOF TR=0028 CTX0=FFFFFFFF82005C60 TSS0=FFFFFFFF82005C60 FCS=0000000000000023 FSS=000000000000001B IDTB=FFFFFFFF800E9FC0 IDTL=0000000000000FFF GPSEL=0008 GPIST=0000000000000000 GPTA=000000000000008F GPOFF=FFFFFFFF80016EF0 PFSEL=0008 PFIST=0000000000000000 PFTA=000000000000008F PFOFF=FFFFFFFF80016FA0
P10_RING3_COMMIT
P10_CR3_SWITCH
P10_RING3_ENTER
rY[IRQ][SCH]
P12[[AYKEN_PERF_MB_EXTRACT_RAW]] epoch=3 candidate_pid=2 owner_last_epoch=3 ticks=27036532575 tick_valid=2
[[AYKEN_PERF_MB_EXTRACT_REASON]] name=epoch_stale ticks=27037026081 tick_valid=2
[[AYKEN_PERF_MB_PATH]] name=fallback phase=enter ticks=27037404433 tick_valid=2
[[AYKEN_PERF_MB_PATH]] name=fallback phase=exit ticks=27037741393 tick_valid=2
[[AYKEN_PERF_MB_REASON]] name=no_candidate ticks=27038067875 tick_valid=2
N12
MARK:PID=2
MARK:SW=U>U
MARK:IRET
P10_TEXT_ROOT_PROOF AC=000000000C6A3000 KC=000000000DE83000 TC=000000000C6A3000 RC=000000000C6A3000 RIP=0000000000400037 AP=0000000000400103 TP=000000000C69D027
P10_ROOT_FRAME_WITNESS phase=pre_dispatch root=000000000C6A3000 pte=0000000000000000 phys=000000000C6A3000 used=1 lo=000000000C69C027 hi=0000000000000000 hash=AB3F4A62FAEF25FC
P10_TEXT_FRAME_WITNESS phase=pre_dispatch root=000000000C6A3000 pte=000000000C69D027 phys=000000000C69D000 used=1 lo=4800700000C3C748 hi=8948C0FF4808438B hash=3B68EAFA86874C6F
WTX4 R=000000000C6A3000 V=0000000000400037 I=0000000000000000 TP=000000000C6A3000 EP=000000000C6A3000 E=000000000C69C027 CF=000000000C69C000 4P=1 4W=1 4U=1 4N=0 4G=0 4H=0 4A=1 4D=0 4R=0 4X=1 4L=0
WTX3 R=000000000C6A3000 V=0000000000400037 I=0000000000000000 TP=000000000C69C000 EP=000000000C69C000 E=000000000C69B027 CF=000000000C69B000 3P=1 3W=1 3U=1 3N=0 3G=0 3H=0 3A=1 3D=0 3R=0 3X=1 3L=0
WTX2 R=000000000C6A3000 V=0000000000400037 I=0000000000000002 TP=000000000C69B000 EP=000000000C69B000 E=000000000C69A027 CF=000000000C69A000 2P=1 2W=1 2U=1 2N=0 2G=0 2H=0 2A=1 2D=0 2R=0 2X=1 2L=0
WTX1 R=000000000C6A3000 V=0000000000400037 I=0000000000000000 TP=000000000C69A000 EP=000000000C69A000 E=000000000C69D027 CF=000000000C69D000 1P=1 1W=1 1U=1 1N=0 1G=0 1H=0 1A=1 1D=0 1R=0 1X=1 1L=1
WTXP V=0000000000400037 EQ=0 KE=0000000000400103 KF=0000000000400000 KP=1 KW=1 KU=0 KN=0 KG=1 KH=0 KA=0 KD=0 KR=0 KX=1 KL=1 TE=000000000C69D027 TF=000000000C69D000 TP=1 TW=1 TU=1 TN=0 TG=0 TH=0 TA=1 TD=0 TR=0 TX=1 TL=1
P10_RING3_ATTEMPT
P10_RFLAGS_IF_ON
P10_RING3_FRAME_PROOF FRSP=FFFFFFFF82005C38 RIP=0000000000400037 CS=0000000000000023 RF=0000000000000246 RSP=00000000007FFFB8 SS=000000000000001B BYTES=370040000000000023000000000000004602000000000000B8FF7F00000000001B00000000000000
P10_RING3_GATE_PROOF TR=0028 CTX0=FFFFFFFF82005C60 TSS0=FFFFFFFF82005C60 FCS=0000000000000023 FSS=000000000000001B IDTB=FFFFFFFF800E9FC0 IDTL=0000000000000FFF GPSEL=0008 GPIST=0000000000000000 GPTA=000000000000008F GPOFF=FFFFFFFF80016EF0 PFSEL=0008 PFIST=0000000000000000 PFTA=000000000000008F PFOFF=FFFFFFFF80016FA0
P10_RING3_COMMIT
P10_CR3_SWITCH
P10_RING3_ENTER
TrY[IRQ][SCH]
P12[[AYKEN_PERF_MB_EXTRACT_RAW]] epoch=3 candidate_pid=2 owner_last_epoch=3 ticks=27048851219 tick_valid=2
[[AYKEN_PERF_MB_EXTRACT_REASON]] name=epoch_stale ticks=27049342723 tick_valid=2
[[AYKEN_PERF_MB_PATH]] name=fallback phase=enter ticks=27049735947 tick_valid=2
[[AYKEN_PERF_MB_PATH]] name=fallback phase=exit ticks=27050082397 tick_valid=2
[[AYKEN_PERF_MB_REASON]] name=no_candidate ticks=27050454561 tick_valid=2
N12
MARK:PID=2
MARK:SW=U>U
MARK:IRET
P10_TEXT_ROOT_PROOF AC=000000000C6A3000 KC=000000000DE83000 TC=000000000C6A3000 RC=000000000C6A3000 RIP=0000000000400037 AP=0000000000400103 TP=000000000C69D027
P10_ROOT_FRAME_WITNESS phase=pre_dispatch root=000000000C6A3000 pte=0000000000000000 phys=000000000C6A3000 used=1 lo=000000000C69C027 hi=0000000000000000 hash=AB3F4A62FAEF25FC
P10_TEXT_FRAME_WITNESS phase=pre_dispatch root=000000000C6A3000 pte=000000000C69D027 phys=000000000C69D000 used=1 lo=4800700000C3C748 hi=8948C0FF4808438B hash=3B68EAFA86874C6F
WTX4 R=000000000C6A3000 V=0000000000400037 I=0000000000000000 TP=000000000C6A3000 EP=000000000C6A3000 E=000000000C69C027 CF=000000000C69C000 4P=1 4W=1 4U=1 4N=0 4G=0 4H=0 4A=1 4D=0 4R=0 4X=1 4L=0
WTX3 R=000000000C6A3000 V=0000000000400037 I=0000000000000000 TP=000000000C69C000 EP=000000000C69C000 E=000000000C69B027 CF=000000000C69B000 3P=1 3W=1 3U=1 3N=0 3G=0 3H=0 3A=1 3D=0 3R=0 3X=1 3L=0
WTX2 R=000000000C6A3000 V=0000000000400037 I=0000000000000002 TP=000000000C69B000 EP=000000000C69B000 E=000000000C69A027 CF=000000000C69A000 2P=1 2W=1 2U=1 2N=0 2G=0 2H=0 2A=1 2D=0 2R=0 2X=1 2L=0
WTX1 R=000000000C6A3000 V=0000000000400037 I=0000000000000000 TP=000000000C69A000 EP=000000000C69A000 E=000000000C69D027 CF=000000000C69D000 1P=1 1W=1 1U=1 1N=0 1G=0 1H=0 1A=1 1D=0 1R=0 1X=1 1L=1
WTXP V=0000000000400037 EQ=0 KE=0000000000400103 KF=0000000000400000 KP=1 KW=1 KU=0 KN=0 KG=1 KH=0 KA=0 KD=0 KR=0 KX=1 KL=1 TE=000000000C69D027 TF=000000000C69D000 TP=1 TW=1 TU=1 TN=0 TG=0 TH=0 TA=1 TD=0 TR=0 TX=1 TL=1
P10_RING3_ATTEMPT
P10_RFLAGS_IF_ON
P10_RING3_FRAME_PROOF FRSP=FFFFFFFF82005C38 RIP=0000000000400037 CS=0000000000000023 RF=0000000000000246 RSP=00000000007FFFB8 SS=000000000000001B BYTES=370040000000000023000000000000004602000000000000B8FF7F00000000001B00000000000000
P10_RING3_GATE_PROOF TR=0028 CTX0=FFFFFFFF82005C60 TSS0=FFFFFFFF82005C60 FCS=0000000000000023 FSS=000000000000001B IDTB=FFFFFFFF800E9FC0 IDTL=0000000000000FFF GPSEL=0008 GPIST=0000000000000000 GPTA=000000000000008F GPOFF=FFFFFFFF80016EF0 PFSEL=0008 PFIST=0000000000000000 PFTA=000000000000008F PFOFF=FFFFFFFF80016FA0
P10_RING3_COMMIT
P10_CR3_SWITCH
P10_RING3_ENTER
rY[IRQ][SCH]
P12[[AYKEN_PERF_MB_EXTRACT_RAW]] epoch=3 candidate_pid=2 owner_last_epoch=3 ticks=27061291725 tick_valid=2
[[AYKEN_PERF_MB_EXTRACT_REASON]] name=epoch_stale ticks=27061732685 tick_valid=2
[[AYKEN_PERF_MB_PATH]] name=fallback phase=enter ticks=27062105213 tick_valid=2
[[AYKEN_PERF_MB_PATH]] name=fallback phase=exit ticks=27062441211 tick_valid=2
[[AYKEN_PERF_MB_REASON]] name=no_candidate ticks=27062819095 tick_valid=2
N12
MARK:PID=2
MARK:SW=U>U
MARK:IRET
P10_TEXT_ROOT_PROOF AC=000000000C6A3000 KC=000000000DE83000 TC=000000000C6A3000 RC=000000000C6A3000 RIP=0000000000400037 AP=0000000000400103 TP=000000000C69D027
P10_ROOT_FRAME_WITNESS phase=pre_dispatch root=000000000C6A3000 pte=0000000000000000 phys=000000000C6A3000 used=1 lo=000000000C69C027 hi=0000000000000000 hash=AB3F4A62FAEF25FC
P10_TEXT_FRAME_WITNESS phase=pre_dispatch root=000000000C6A3000 pte=000000000C69D027 phys=000000000C69D000 used=1 lo=4800700000C3C748 hi=8948C0FF4808438B hash=3B68EAFA86874C6F
WTX4 R=000000000C6A3000 V=0000000000400037 I=0000000000000000 TP=000000000C6A3000 EP=000000000C6A3000 E=000000000C69C027 CF=000000000C69C000 4P=1 4W=1 4U=1 4N=0 4G=0 4H=0 4A=1 4D=0 4R=0 4X=1 4L=0
WTX3 R=000000000C6A3000 V=0000000000400037 I=0000000000000000 TP=000000000C69C000 EP=000000000C69C000 E=000000000C69B027 CF=000000000C69B000 3P=1 3W=1 3U=1 3N=0 3G=0 3H=0 3A=1 3D=0 3R=0 3X=1 3L=0
WTX2 R=000000000C6A3000 V=0000000000400037 I=0000000000000002 TP=000000000C69B000 EP=000000000C69B000 E=000000000C69A027 CF=000000000C69A000 2P=1 2W=1 2U=1 2N=0 2G=0 2H=0 2A=1 2D=0 2R=0 2X=1 2L=0
WTX1 R=000000000C6A3000 V=0000000000400037 I=0000000000000000 TP=000000000C69A000 EP=000000000C69A000 E=000000000C69D027 CF=000000000C69D000 1P=1 1W=1 1U=1 1N=0 1G=0 1H=0 1A=1 1D=0 1R=0 1X=1 1L=1
WTXP V=0000000000400037 EQ=0 KE=0000000000400103 KF=0000000000400000 KP=1 KW=1 KU=0 KN=0 KG=1 KH=0 KA=0 KD=0 KR=0 KX=1 KL=1 TE=000000000C69D027 TF=000000000C69D000 TP=1 TW=1 TU=1 TN=0 TG=0 TH=0 TA=1 TD=0 TR=0 TX=1 TL=1
P10_RING3_ATTEMPT
P10_RFLAGS_IF_ON
P10_RING3_FRAME_PROOF FRSP=FFFFFFFF82005C38 RIP=0000000000400037 CS=0000000000000023 RF=0000000000000246 RSP=00000000007FFFB8 SS=000000000000001B BYTES=370040000000000023000000000000004602000000000000B8FF7F00000000001B00000000000000
P10_RING3_GATE_PROOF TR=0028 CTX0=FFFFFFFF82005C60 TSS0=FFFFFFFF82005C60 FCS=0000000000000023 FSS=000000000000001B IDTB=FFFFFFFF800E9FC0 IDTL=0000000000000FFF GPSEL=0008 GPIST=0000000000000000 GPTA=000000000000008F GPOFF=FFFFFFFF80016EF0 PFSEL=0008 PFIST=0000000000000000 PFTA=000000000000008F PFOFF=FFFFFFFF80016FA0
P10_RING3_COMMIT
P10_CR3_SWITCH
P10_RING3_ENTER
TrY[IRQ][SCH]
P12[[AYKEN_PERF_MB_EXTRACT_RAW]] epoch=3 candidate_pid=2 owner_last_epoch=3 ticks=27073792109 tick_valid=2
[[AYKEN_PERF_MB_EXTRACT_REASON]] name=epoch_stale ticks=27074232575 tick_valid=2
[[AYKEN_PERF_MB_PATH]] name=fallback phase=enter ticks=27074588021 tick_valid=2
[[AYKEN_PERF_MB_PATH]] name=fallback phase=exit ticks=27074923135 tick_valid=2
[[AYKEN_PERF_MB_REASON]] name=no_candidate ticks=27075329203 tick_valid=2
N12
MARK:PID=2
MARK:SW=U>U
MARK:IRET
P10_TEXT_ROOT_PROOF AC=000000000C6A3000 KC=000000000DE83000 TC=000000000C6A3000 RC=000000000C6A3000 RIP=0000000000400037 AP=0000000000400103 TP=000000000C69D027
P10_ROOT_FRAME_WITNESS phase=pre_dispatch root=000000000C6A3000 pte=0000000000000000 phys=000000000C6A3000 used=1 lo=000000000C69C027 hi=0000000000000000 hash=AB3F4A62FAEF25FC
P10_TEXT_FRAME_WITNESS phase=pre_dispatch root=000000000C6A3000 pte=000000000C69D027 phys=000000000C69D000 used=1 lo=4800700000C3C748 hi=8948C0FF4808438B hash=3B68EAFA86874C6F
WTX4 R=000000000C6A3000 V=0000000000400037 I=0000000000000000 TP=000000000C6A3000 EP=000000000C6A3000 E=000000000C69C027 CF=000000000C69C000 4P=1 4W=1 4U=1 4N=0 4G=0 4H=0 4A=1 4D=0 4R=0 4X=1 4L=0
WTX3 R=000000000C6A3000 V=0000000000400037 I=0000000000000000 TP=000000000C69C000 EP=000000000C69C000 E=000000000C69B027 CF=000000000C69B000 3P=1 3W=1 3U=1 3N=0 3G=0 3H=0 3A=1 3D=0 3R=0 3X=1 3L=0
WTX2 R=000000000C6A3000 V=0000000000400037 I=0000000000000002 TP=000000000C69B000 EP=000000000C69B000 E=000000000C69A027 CF=000000000C69A000 2P=1 2W=1 2U=1 2N=0 2G=0 2H=0 2A=1 2D=0 2R=0 2X=1 2L=0
WTX1 R=000000000C6A3000 V=0000000000400037 I=0000000000000000 TP=000000000C69A000 EP=000000000C69A000 E=000000000C69D027 CF=000000000C69D000 1P=1 1W=1 1U=1 1N=0 1G=0 1H=0 1A=1 1D=0 1R=0 1X=1 1L=1
WTXP V=0000000000400037 EQ=0 KE=0000000000400103 KF=0000000000400000 KP=1 KW=1 KU=0 KN=0 KG=1 KH=0 KA=0 KD=0 KR=0 KX=1 KL=1 TE=000000000C69D027 TF=000000000C69D000 TP=1 TW=1 TU=1 TN=0 TG=0 TH=0 TA=1 TD=0 TR=0 TX=1 TL=1
P10_RING3_ATTEMPT
P10_RFLAGS_IF_ON
P10_RING3_FRAME_PROOF FRSP=FFFFFFFF82005C38 RIP=0000000000400037 CS=0000000000000023 RF=0000000000000246 RSP=00000000007FFFB8 SS=000000000000001B BYTES=370040000000000023000000000000004602000000000000B8FF7F00000000001B00000000000000
P10_RING3_GATE_PROOF TR=0028 CTX0=FFFFFFFF82005C60 TSS0=FFFFFFFF82005C60 FCS=0000000000000023 FSS=000000000000001B IDTB=FFFFFFFF800E9FC0 IDTL=0000000000000FFF GPSEL=0008 GPIST=0000000000000000 GPTA=000000000000008F GPOFF=FFFFFFFF80016EF0 PFSEL=0008 PFIST=0000000000000000 PFTA=000000000000008F PFOFF=FFFFFFFF80016FA0
P10_RING3_COMMIT
P10_CR3_SWITCH
P10_RING3_ENTER
rY[IRQ][SCH]
P12[[AYKEN_PERF_MB_EXTRACT_RAW]] epoch=3 candidate_pid=2 owner_last_epoch=3 ticks=27086387003 tick_valid=2
[[AYKEN_PERF_MB_EXTRACT_REASON]] name=epoch_stale ticks=27086890961 tick_valid=2
[[AYKEN_PERF_MB_PATH]] name=fallback phase=enter ticks=27087233823 tick_valid=2
[[AYKEN_PERF_MB_PATH]] name=fallback phase=exit ticks=27087570237 tick_valid=2
[[AYKEN_PERF_MB_REASON]] name=no_candidate ticks=27087897239 tick_valid=2
N12
MARK:PID=2
MARK:SW=U>U
MARK:IRET
P10_TEXT_ROOT_PROOF AC=000000000C6A3000 KC=000000000DE83000 TC=000000000C6A3000 RC=000000000C6A3000 RIP=0000000000400037 AP=0000000000400103 TP=000000000C69D027
P10_ROOT_FRAME_WITNESS phase=pre_dispatch root=000000000C6A3000 pte=0000000000000000 phys=000000000C6A3000 used=1 lo=000000000C69C027 hi=0000000000000000 hash=AB3F4A62FAEF25FC
P10_TEXT_FRAME_WITNESS phase=pre_dispatch root=000000000C6A3000 pte=000000000C69D027 phys=000000000C69D000 used=1 lo=4800700000C3C748 hi=8948C0FF4808438B hash=3B68EAFA86874C6F
WTX4 R=000000000C6A3000 V=0000000000400037 I=0000000000000000 TP=000000000C6A3000 EP=000000000C6A3000 E=000000000C69C027 CF=000000000C69C000 4P=1 4W=1 4U=1 4N=0 4G=0 4H=0 4A=1 4D=0 4R=0 4X=1 4L=0
WTX3 R=000000000C6A3000 V=0000000000400037 I=0000000000000000 TP=000000000C69C000 EP=000000000C69C000 E=000000000C69B027 CF=000000000C69B000 3P=1 3W=1 3U=1 3N=0 3G=0 3H=0 3A=1 3D=0 3R=0 3X=1 3L=0
WTX2 R=000000000C6A3000 V=0000000000400037 I=0000000000000002 TP=000000000C69B000 EP=000000000C69B000 E=000000000C69A027 CF=000000000C69A000 2P=1 2W=1 2U=1 2N=0 2G=0 2H=0 2A=1 2D=0 2R=0 2X=1 2L=0
WTX1 R=000000000C6A3000 V=0000000000400037 I=0000000000000000 TP=000000000C69A000 EP=000000000C69A000 E=000000000C69D027 CF=000000000C69D000 1P=1 1W=1 1U=1 1N=0 1G=0 1H=0 1A=1 1D=0 1R=0 1X=1 1L=1
WTXP V=0000000000400037 EQ=0 KE=0000000000400103 KF=0000000000400000 KP=1 KW=1 KU=0 KN=0 KG=1 KH=0 KA=0 KD=0 KR=0 KX=1 KL=1 TE=000000000C69D027 TF=000000000C69D000 TP=1 TW=1 TU=1 TN=0 TG=0 TH=0 TA=1 TD=0 TR=0 TX=1 TL=1
P10_RING3_ATTEMPT
P10_RFLAGS_IF_ON
P10_RING3_FRAME_PROOF FRSP=FFFFFFFF82005C38 RIP=0000000000400037 CS=0000000000000023 RF=0000000000000246 RSP=00000000007FFFB8 SS=000000000000001B BYTES=370040000000000023000000000000004602000000000000B8FF7F00000000001B00000000000000
P10_RING3_GATE_PROOF TR=0028 CTX0=FFFFFFFF82005C60 TSS0=FFFFFFFF82005C60 FCS=0000000000000023 FSS=000000000000001B IDTB=FFFFFFFF800E9FC0 IDTL=0000000000000FFF GPSEL=0008 GPIST=0000000000000000 GPTA=000000000000008F GPOFF=FFFFFFFF80016EF0 PFSEL=0008 PFIST=0000000000000000 PFTA=000000000000008F PFOFF=FFFFFFFF80016FA0
P10_RING3_COMMIT
P10_CR3_SWITCH
P10_RING3_ENTER
TrY[IRQ][SCH]
P12[[AYKEN_PERF_MB_EXTRACT_RAW]] epoch=3 candidate_pid=2 owner_last_epoch=3 ticks=27098762093 tick_valid=2
[[AYKEN_PERF_MB_EXTRACT_REASON]] name=epoch_stale ticks=27099255105 tick_valid=2
[[AYKEN_PERF_MB_PATH]] name=fallback phase=enter ticks=27099595289 tick_valid=2
[[AYKEN_PERF_MB_PATH]] name=fallback phase=exit ticks=27100060793 tick_valid=2
[[AYKEN_PERF_MB_REASON]] name=no_candidate ticks=27100387275 tick_valid=2
N12
MARK:PID=2
MARK:SW=U>U
MARK:IRET
P10_TEXT_ROOT_PROOF AC=000000000C6A3000 KC=000000000DE83000 TC=000000000C6A3000 RC=000000000C6A3000 RIP=0000000000400037 AP=0000000000400103 TP=000000000C69D027
P10_ROOT_FRAME_WITNESS phase=pre_dispatch root=000000000C6A3000 pte=0000000000000000 phys=000000000C6A3000 used=1 lo=000000000C69C027 hi=0000000000000000 hash=AB3F4A62FAEF25FC
P10_TEXT_FRAME_WITNESS phase=pre_dispatch root=000000000C6A3000 pte=000000000C69D027 phys=000000000C69D000 used=1 lo=4800700000C3C748 hi=8948C0FF4808438B hash=3B68EAFA86874C6F
WTX4 R=000000000C6A3000 V=0000000000400037 I=0000000000000000 TP=000000000C6A3000 EP=000000000C6A3000 E=000000000C69C027 CF=000000000C69C000 4P=1 4W=1 4U=1 4N=0 4G=0 4H=0 4A=1 4D=0 4R=0 4X=1 4L=0
WTX3 R=000000000C6A3000 V=0000000000400037 I=0000000000000000 TP=000000000C69C000 EP=000000000C69C000 E=000000000C69B027 CF=000000000C69B000 3P=1 3W=1 3U=1 3N=0 3G=0 3H=0 3A=1 3D=0 3R=0 3X=1 3L=0
WTX2 R=000000000C6A3000 V=0000000000400037 I=0000000000000002 TP=000000000C69B000 EP=000000000C69B000 E=000000000C69A027 CF=000000000C69A000 2P=1 2W=1 2U=1 2N=0 2G=0 2H=0 2A=1 2D=0 2R=0 2X=1 2L=0
WTX1 R=000000000C6A3000 V=0000000000400037 I=0000000000000000 TP=000000000C69A000 EP=000000000C69A000 E=000000000C69D027 CF=000000000C69D000 1P=1 1W=1 1U=1 1N=0 1G=0 1H=0 1A=1 1D=0 1R=0 1X=1 1L=1
WTXP V=0000000000400037 EQ=0 KE=0000000000400103 KF=0000000000400000 KP=1 KW=1 KU=0 KN=0 KG=1 KH=0 KA=0 KD=0 KR=0 KX=1 KL=1 TE=000000000C69D027 TF=000000000C69D000 TP=1 TW=1 TU=1 TN=0 TG=0 TH=0 TA=1 TD=0 TR=0 TX=1 TL=1
P10_RING3_ATTEMPT
P10_RFLAGS_IF_ON
P10_RING3_FRAME_PROOF FRSP=FFFFFFFF82005C38 RIP=0000000000400037 CS=0000000000000023 RF=0000000000000246 RSP=00000000007FFFB8 SS=000000000000001B BYTES=370040000000000023000000000000004602000000000000B8FF7F00000000001B00000000000000
P10_RING3_GATE_PROOF TR=0028 CTX0=FFFFFFFF82005C60 TSS0=FFFFFFFF82005C60 FCS=0000000000000023 FSS=000000000000001B IDTB=FFFFFFFF800E9FC0 IDTL=0000000000000FFF GPSEL=0008 GPIST=0000000000000000 GPTA=000000000000008F GPOFF=FFFFFFFF80016EF0 PFSEL=0008 PFIST=0000000000000000 PFTA=000000000000008F PFOFF=FFFFFFFF80016FA0
P10_RING3_COMMIT
P10_CR3_SWITCH
P10_RING3_ENTER
rY[IRQ][SCH]
P12[[AYKEN_PERF_MB_EXTRACT_RAW]] epoch=3 candidate_pid=2 owner_last_epoch=3 ticks=27110917405 tick_valid=2
[[AYKEN_PERF_MB_EXTRACT_REASON]] name=epoch_stale ticks=27111391671 tick_valid=2
[[AYKEN_PERF_MB_PATH]] name=fallback phase=enter ticks=27111734715 tick_valid=2
[[AYKEN_PERF_MB_PATH]] name=fallback phase=exit ticks=27112139301 tick_valid=2
[[AYKEN_PERF_MB_REASON]] name=no_candidate ticks=27112469761 tick_valid=2
N12
MARK:PID=2
MARK:SW=U>U
MARK:IRET
P10_TEXT_ROOT_PROOF AC=000000000C6A3000 KC=000000000DE83000 TC=000000000C6A3000 RC=000000000C6A3000 RIP=0000000000400037 AP=0000000000400103 TP=000000000C69D027
P10_ROOT_FRAME_WITNESS phase=pre_dispatch root=000000000C6A3000 pte=0000000000000000 phys=000000000C6A3000 used=1 lo=000000000C69C027 hi=0000000000000000 hash=AB3F4A62FAEF25FC
P10_TEXT_FRAME_WITNESS phase=pre_dispatch root=000000000C6A3000 pte=000000000C69D027 phys=000000000C69D000 used=1 lo=4800700000C3C748 hi=8948C0FF4808438B hash=3B68EAFA86874C6F
WTX4 R=000000000C6A3000 V=0000000000400037 I=0000000000000000 TP=000000000C6A3000 EP=000000000C6A3000 E=000000000C69C027 CF=000000000C69C000 4P=1 4W=1 4U=1 4N=0 4G=0 4H=0 4A=1 4D=0 4R=0 4X=1 4L=0
WTX3 R=000000000C6A3000 V=0000000000400037 I=0000000000000000 TP=000000000C69C000 EP=000000000C69C000 E=000000000C69B027 CF=000000000C69B000 3P=1 3W=1 3U=1 3N=0 3G=0 3H=0 3A=1 3D=0 3R=0 3X=1 3L=0
WTX2 R=000000000C6A3000 V=0000000000400037 I=0000000000000002 TP=000000000C69B000 EP=000000000C69B000 E=000000000C69A027 CF=000000000C69A000 2P=1 2W=1 2U=1 2N=0 2G=0 2H=0 2A=1 2D=0 2R=0 2X=1 2L=0
WTX1 R=000000000C6A3000 V=0000000000400037 I=0000000000000000 TP=000000000C69A000 EP=000000000C69A000 E=000000000C69D027 CF=000000000C69D000 1P=1 1W=1 1U=1 1N=0 1G=0 1H=0 1A=1 1D=0 1R=0 1X=1 1L=1
WTXP V=0000000000400037 EQ=0 KE=0000000000400103 KF=0000000000400000 KP=1 KW=1 KU=0 KN=0 KG=1 KH=0 KA=0 KD=0 KR=0 KX=1 KL=1 TE=000000000C69D027 TF=000000000C69D000 TP=1 TW=1 TU=1 TN=0 TG=0 TH=0 TA=1 TD=0 TR=0 TX=1 TL=1
P10_RING3_ATTEMPT
P10_RFLAGS_IF_ON
P10_RING3_FRAME_PROOF FRSP=FFFFFFFF82005C38 RIP=0000000000400037 CS=0000000000000023 RF=0000000000000246 RSP=00000000007FFFB8 SS=000000000000001B BYTES=370040000000000023000000000000004602000000000000B8FF7F00000000001B00000000000000
P10_RING3_GATE_PROOF TR=0028 CTX0=FFFFFFFF82005C60 TSS0=FFFFFFFF82005C60 FCS=0000000000000023 FSS=000000000000001B IDTB=FFFFFFFF800E9FC0 IDTL=0000000000000FFF GPSEL=0008 GPIST=0000000000000000 GPTA=000000000000008F GPOFF=FFFFFFFF80016EF0 PFSEL=0008 PFIST=0000000000000000 PFTA=000000000000008F PFOFF=FFFFFFFF80016FA0
P10_RING3_COMMIT
P10_CR3_SWITCH
P10_RING3_ENTER
TrY[IRQ][SCH]
P12[[AYKEN_PERF_MB_EXTRACT_RAW]] epoch=3 candidate_pid=2 owner_last_epoch=3 ticks=27123448287 tick_valid=2
[[AYKEN_PERF_MB_EXTRACT_REASON]] name=epoch_stale ticks=27123893511 tick_valid=2
[[AYKEN_PERF_MB_PATH]] name=fallback phase=enter ticks=27124234163 tick_valid=2
[[AYKEN_PERF_MB_PATH]] name=fallback phase=exit ticks=27124678841 tick_valid=2
[[AYKEN_PERF_MB_REASON]] name=no_candidate ticks=27125113847 tick_valid=2
N12
MARK:PID=2
MARK:SW=U>U
MARK:IRET
P10_TEXT_ROOT_PROOF AC=000000000C6A3000 KC=000000000DE83000 TC=000000000C6A3000 RC=000000000C6A3000 RIP=0000000000400037 AP=0000000000400103 TP=000000000C69D027
P10_ROOT_FRAME_WITNESS phase=pre_dispatch root=000000000C6A3000 pte=0000000000000000 phys=000000000C6A3000 used=1 lo=000000000C69C027 hi=0000000000000000 hash=AB3F4A62FAEF25FC
P10_TEXT_FRAME_WITNESS phase=pre_dispatch root=000000000C6A3000 pte=000000000C69D027 phys=000000000C69D000 used=1 lo=4800700000C3C748 hi=8948C0FF4808438B hash=3B68EAFA86874C6F
WTX4 R=000000000C6A3000 V=0000000000400037 I=0000000000000000 TP=000000000C6A3000 EP=000000000C6A3000 E=000000000C69C027 CF=000000000C69C000 4P=1 4W=1 4U=1 4N=0 4G=0 4H=0 4A=1 4D=0 4R=0 4X=1 4L=0
WTX3 R=000000000C6A3000 V=0000000000400037 I=0000000000000000 TP=000000000C69C000 EP=000000000C69C000 E=000000000C69B027 CF=000000000C69B000 3P=1 3W=1 3U=1 3N=0 3G=0 3H=0 3A=1 3D=0 3R=0 3X=1 3L=0
WTX2 R=000000000C6A3000 V=0000000000400037 I=0000000000000002 TP=000000000C69B000 EP=000000000C69B000 E=000000000C69A027 CF=000000000C69A000 2P=1 2W=1 2U=1 2N=0 2G=0 2H=0 2A=1 2D=0 2R=0 2X=1 2L=0
WTX1 R=000000000C6A3000 V=0000000000400037 I=0000000000000000 TP=000000000C69A000 EP=000000000C69A000 E=000000000C69D027 CF=000000000C69D000 1P=1 1W=1 1U=1 1N=0 1G=0 1H=0 1A=1 1D=0 1R=0 1X=1 1L=1
WTXP V=0000000000400037 EQ=0 KE=0000000000400103 KF=0000000000400000 KP=1 KW=1 KU=0 KN=0 KG=1 KH=0 KA=0 KD=0 KR=0 KX=1 KL=1 TE=000000000C69D027 TF=000000000C69D000 TP=1 TW=1 TU=1 TN=0 TG=0 TH=0 TA=1 TD=0 TR=0 TX=1 TL=1
P10_RING3_ATTEMPT
P10_RFLAGS_IF_ON
P10_RING3_FRAME_PROOF FRSP=FFFFFFFF82005C38 RIP=0000000000400037 CS=0000000000000023 RF=0000000000000246 RSP=00000000007FFFB8 SS=000000000000001B BYTES=370040000000000023000000000000004602000000000000B8FF7F00000000001B00000000000000
P10_RING3_GATE_PROOF TR=0028 CTX0=FFFFFFFF82005C60 TSS0=FFFFFFFF82005C60 FCS=0000000000000023 FSS=000000000000001B IDTB=FFFFFFFF800E9FC0 IDTL=0000000000000FFF GPSEL=0008 GPIST=0000000000000000 GPTA=000000000000008F GPOFF=FFFFFFFF80016EF0 PFSEL=0008 PFIST=0000000000000000 PFTA=000000000000008F PFOFF=FFFFFFFF80016FA0
P10_RING3_COMMIT
P10_CR3_SWITCH
P10_RING3_ENTER
rY[IRQ][SCH]
P12[[AYKEN_PERF_MB_EXTRACT_RAW]] epoch=3 candidate_pid=2 owner_last_epoch=3 ticks=27136169671 tick_valid=2
[[AYKEN_PERF_MB_EXTRACT_REASON]] name=epoch_stale ticks=27136613439 tick_valid=2
[[AYKEN_PERF_MB_PATH]] name=fallback phase=enter ticks=27136956301 tick_valid=2
[[AYKEN_PERF_MB_PATH]] name=fallback phase=exit ticks=27137332677 tick_valid=2
[[AYKEN_PERF_MB_REASON]] name=no_candidate ticks=27137662539 tick_valid=2
N12
MARK:PID=2
MARK:SW=U>U
MARK:IRET
P10_TEXT_ROOT_PROOF AC=000000000C6A3000 KC=000000000DE83000 TC=000000000C6A3000 RC=000000000C6A3000 RIP=0000000000400037 AP=0000000000400103 TP=000000000C69D027
P10_ROOT_FRAME_WITNESS phase=pre_dispatch root=000000000C6A3000 pte=0000000000000000 phys=000000000C6A3000 used=1 lo=000000000C69C027 hi=0000000000000000 hash=AB3F4A62FAEF25FC
P10_TEXT_FRAME_WITNESS phase=pre_dispatch root=000000000C6A3000 pte=000000000C69D027 phys=000000000C69D000 used=1 lo=4800700000C3C748 hi=8948C0FF4808438B hash=3B68EAFA86874C6F
WTX4 R=000000000C6A3000 V=0000000000400037 I=0000000000000000 TP=000000000C6A3000 EP=000000000C6A3000 E=000000000C69C027 CF=000000000C69C000 4P=1 4W=1 4U=1 4N=0 4G=0 4H=0 4A=1 4D=0 4R=0 4X=1 4L=0
WTX3 R=000000000C6A3000 V=0000000000400037 I=0000000000000000 TP=000000000C69C000 EP=000000000C69C000 E=000000000C69B027 CF=000000000C69B000 3P=1 3W=1 3U=1 3N=0 3G=0 3H=0 3A=1 3D=0 3R=0 3X=1 3L=0
WTX2 R=000000000C6A3000 V=0000000000400037 I=0000000000000002 TP=000000000C69B000 EP=000000000C69B000 E=000000000C69A027 CF=000000000C69A000 2P=1 2W=1 2U=1 2N=0 2G=0 2H=0 2A=1 2D=0 2R=0 2X=1 2L=0
WTX1 R=000000000C6A3000 V=0000000000400037 I=0000000000000000 TP=000000000C69A000 EP=000000000C69A000 E=000000000C69D027 CF=000000000C69D000 1P=1 1W=1 1U=1 1N=0 1G=0 1H=0 1A=1 1D=0 1R=0 1X=1 1L=1
WTXP V=0000000000400037 EQ=0 KE=0000000000400103 KF=0000000000400000 KP=1 KW=1 KU=0 KN=0 KG=1 KH=0 KA=0 KD=0 KR=0 KX=1 KL=1 TE=000000000C69D027 TF=000000000C69D000 TP=1 TW=1 TU=1 TN=0 TG=0 TH=0 TA=1 TD=0 TR=0 TX=1 TL=1
P10_RING3_ATTEMPT
P10_RFLAGS_IF_ON
P10_RING3_FRAME_PROOF FRSP=FFFFFFFF82005C38 RIP=0000000000400037 CS=0000000000000023 RF=0000000000000246 RSP=00000000007FFFB8 SS=000000000000001B BYTES=370040000000000023000000000000004602000000000000B8FF7F00000000001B00000000000000
P10_RING3_GATE_PROOF TR=0028 CTX0=FFFFFFFF82005C60 TSS0=FFFFFFFF82005C60 FCS=0000000000000023 FSS=000000000000001B IDTB=FFFFFFFF800E9FC0 IDTL=0000000000000FFF GPSEL=0008 GPIST=0000000000000000 GPTA=000000000000008F GPOFF=FFFFFFFF80016EF0 PFSEL=0008 PFIST=0000000000000000 PFTA=000000000000008F PFOFF=FFFFFFFF80016FA0
P10_RING3_COMMIT
P10_CR3_SWITCH
P10_RING3_ENTER
TrY[IRQ][SCH]
P12[[AYKEN_PERF_MB_EXTRACT_RAW]] epoch=3 candidate_pid=2 owner_last_epoch=3 ticks=27148437589 tick_valid=2
[[AYKEN_PERF_MB_EXTRACT_REASON]] name=epoch_stale ticks=27148881825 tick_valid=2
[[AYKEN_PERF_MB_PATH]] name=fallback phase=enter ticks=27149323747 tick_valid=2
[[AYKEN_PERF_MB_PATH]] name=fallback phase=exit ticks=27149663645 tick_valid=2
[[AYKEN_PERF_MB_REASON]] name=no_candidate ticks=27149990673 tick_valid=2
N12
MARK:PID=2
MARK:SW=U>U
MARK:IRET
P10_TEXT_ROOT_PROOF AC=000000000C6A3000 KC=000000000DE83000 TC=000000000C6A3000 RC=000000000C6A3000 RIP=0000000000400037 AP=0000000000400103 TP=000000000C69D027
P10_ROOT_FRAME_WITNESS phase=pre_dispatch root=000000000C6A3000 pte=0000000000000000 phys=000000000C6A3000 used=1 lo=000000000C69C027 hi=0000000000000000 hash=AB3F4A62FAEF25FC
P10_TEXT_FRAME_WITNESS phase=pre_dispatch root=000000000C6A3000 pte=000000000C69D027 phys=000000000C69D000 used=1 lo=4800700000C3C748 hi=8948C0FF4808438B hash=3B68EAFA86874C6F
WTX4 R=000000000C6A3000 V=0000000000400037 I=0000000000000000 TP=000000000C6A3000 EP=000000000C6A3000 E=000000000C69C027 CF=000000000C69C000 4P=1 4W=1 4U=1 4N=0 4G=0 4H=0 4A=1 4D=0 4R=0 4X=1 4L=0
WTX3 R=000000000C6A3000 V=0000000000400037 I=0000000000000000 TP=000000000C69C000 EP=000000000C69C000 E=000000000C69B027 CF=000000000C69B000 3P=1 3W=1 3U=1 3N=0 3G=0 3H=0 3A=1 3D=0 3R=0 3X=1 3L=0
WTX2 R=000000000C6A3000 V=0000000000400037 I=0000000000000002 TP=000000000C69B000 EP=000000000C69B000 E=000000000C69A027 CF=000000000C69A000 2P=1 2W=1 2U=1 2N=0 2G=0 2H=0 2A=1 2D=0 2R=0 2X=1 2L=0
WTX1 R=000000000C6A3000 V=0000000000400037 I=0000000000000000 TP=000000000C69A000 EP=000000000C69A000 E=000000000C69D027 CF=000000000C69D000 1P=1 1W=1 1U=1 1N=0 1G=0 1H=0 1A=1 1D=0 1R=0 1X=1 1L=1
WTXP V=0000000000400037 EQ=0 KE=0000000000400103 KF=0000000000400000 KP=1 KW=1 KU=0 KN=0 KG=1 KH=0 KA=0 KD=0 KR=0 KX=1 KL=1 TE=000000000C69D027 TF=000000000C69D000 TP=1 TW=1 TU=1 TN=0 TG=0 TH=0 TA=1 TD=0 TR=0 TX=1 TL=1
P10_RING3_ATTEMPT
P10_RFLAGS_IF_ON
P10_RING3_FRAME_PROOF FRSP=FFFFFFFF82005C38 RIP=0000000000400037 CS=0000000000000023 RF=0000000000000246 RSP=00000000007FFFB8 SS=000000000000001B BYTES=370040000000000023000000000000004602000000000000B8FF7F00000000001B00000000000000
P10_RING3_GATE_PROOF TR=0028 CTX0=FFFFFFFF82005C60 TSS0=FFFFFFFF82005C60 FCS=0000000000000023 FSS=000000000000001B IDTB=FFFFFFFF800E9FC0 IDTL=0000000000000FFF GPSEL=0008 GPIST=0000000000000000 GPTA=000000000000008F GPOFF=FFFFFFFF80016EF0 PFSEL=0008 PFIST=0000000000000000 PFTA=000000000000008F PFOFF=FFFFFFFF80016FA0
P10_RING3_COMMIT
P10_CR3_SWITCH
P10_RING3_ENTER
rY[IRQ][SCH]
P12[[AYKEN_PERF_MB_EXTRACT_RAW]] epoch=3 candidate_pid=2 owner_last_epoch=3 ticks=27160617627 tick_valid=2
[[AYKEN_PERF_MB_EXTRACT_REASON]] name=epoch_stale ticks=27161061889 tick_valid=2
[[AYKEN_PERF_MB_PATH]] name=fallback phase=enter ticks=27161438135 tick_valid=2
[[AYKEN_PERF_MB_PATH]] name=fallback phase=exit ticks=27161776291 tick_valid=2
[[AYKEN_PERF_MB_REASON]] name=no_candidate ticks=27162176405 tick_valid=2
N12
MARK:PID=2
MARK:SW=U>U
MARK:IRET
P10_TEXT_ROOT_PROOF AC=000000000C6A3000 KC=000000000DE83000 TC=000000000C6A3000 RC=000000000C6A3000 RIP=0000000000400037 AP=0000000000400103 TP=000000000C69D027
P10_ROOT_FRAME_WITNESS phase=pre_dispatch root=000000000C6A3000 pte=0000000000000000 phys=000000000C6A3000 used=1 lo=000000000C69C027 hi=0000000000000000 hash=AB3F4A62FAEF25FC
P10_TEXT_FRAME_WITNESS phase=pre_dispatch root=000000000C6A3000 pte=000000000C69D027 phys=000000000C69D000 used=1 lo=4800700000C3C748 hi=8948C0FF4808438B hash=3B68EAFA86874C6F
WTX4 R=000000000C6A3000 V=0000000000400037 I=0000000000000000 TP=000000000C6A3000 EP=000000000C6A3000 E=000000000C69C027 CF=000000000C69C000 4P=1 4W=1 4U=1 4N=0 4G=0 4H=0 4A=1 4D=0 4R=0 4X=1 4L=0
WTX3 R=000000000C6A3000 V=0000000000400037 I=0000000000000000 TP=000000000C69C000 EP=000000000C69C000 E=000000000C69B027 CF=000000000C69B000 3P=1 3W=1 3U=1 3N=0 3G=0 3H=0 3A=1 3D=0 3R=0 3X=1 3L=0
WTX2 R=000000000C6A3000 V=0000000000400037 I=0000000000000002 TP=000000000C69B000 EP=000000000C69B000 E=000000000C69A027 CF=000000000C69A000 2P=1 2W=1 2U=1 2N=0 2G=0 2H=0 2A=1 2D=0 2R=0 2X=1 2L=0
WTX1 R=000000000C6A3000 V=0000000000400037 I=0000000000000000 TP=000000000C69A000 EP=000000000C69A000 E=000000000C69D027 CF=000000000C69D000 1P=1 1W=1 1U=1 1N=0 1G=0 1H=0 1A=1 1D=0 1R=0 1X=1 1L=1
WTXP V=0000000000400037 EQ=0 KE=0000000000400103 KF=0000000000400000 KP=1 KW=1 KU=0 KN=0 KG=1 KH=0 KA=0 KD=0 KR=0 KX=1 KL=1 TE=000000000C69D027 TF=000000000C69D000 TP=1 TW=1 TU=1 TN=0 TG=0 TH=0 TA=1 TD=0 TR=0 TX=1 TL=1
P10_RING3_ATTEMPT
P10_RFLAGS_IF_ON
P10_RING3_FRAME_PROOF FRSP=FFFFFFFF82005C38 RIP=0000000000400037 CS=0000000000000023 RF=0000000000000246 RSP=00000000007FFFB8 SS=000000000000001B BYTES=370040000000000023000000000000004602000000000000B8FF7F00000000001B00000000000000
P10_RING3_GATE_PROOF TR=0028 CTX0=FFFFFFFF82005C60 TSS0=FFFFFFFF82005C60 FCS=0000000000000023 FSS=000000000000001B IDTB=FFFFFFFF800E9FC0 IDTL=0000000000000FFF GPSEL=0008 GPIST=0000000000000000 GPTA=000000000000008F GPOFF=FFFFFFFF80016EF0 PFSEL=0008 PFIST=0000000000000000 PFTA=000000000000008F PFOFF=FFFFFFFF80016FA0
P10_RING3_COMMIT
P10_CR3_SWITCH
P10_RING3_ENTER
TrY[IRQ][SCH]
P12[[AYKEN_PERF_MB_EXTRACT_RAW]] epoch=3 candidate_pid=2 owner_last_epoch=3 ticks=27172929069 tick_valid=2
[[AYKEN_PERF_MB_EXTRACT_REASON]] name=epoch_stale ticks=27173372863 tick_valid=2
[[AYKEN_PERF_MB_PATH]] name=fallback phase=enter ticks=27173790761 tick_valid=2
[[AYKEN_PERF_MB_PATH]] name=fallback phase=exit ticks=27174126837 tick_valid=2
[[AYKEN_PERF_MB_REASON]] name=no_candidate ticks=27174505631 tick_valid=2
N12
MARK:PID=2
MARK:SW=U>U
MARK:IRET
P10_TEXT_ROOT_PROOF AC=000000000C6A3000 KC=000000000DE83000 TC=000000000C6A3000 RC=000000000C6A3000 RIP=0000000000400037 AP=0000000000400103 TP=000000000C69D027
P10_ROOT_FRAME_WITNESS phase=pre_dispatch root=000000000C6A3000 pte=0000000000000000 phys=000000000C6A3000 used=1 lo=000000000C69C027 hi=0000000000000000 hash=AB3F4A62FAEF25FC
P10_TEXT_FRAME_WITNESS phase=pre_dispatch root=000000000C6A3000 pte=000000000C69D027 phys=000000000C69D000 used=1 lo=4800700000C3C748 hi=8948C0FF4808438B hash=3B68EAFA86874C6F
WTX4 R=000000000C6A3000 V=0000000000400037 I=0000000000000000 TP=000000000C6A3000 EP=000000000C6A3000 E=000000000C69C027 CF=000000000C69C000 4P=1 4W=1 4U=1 4N=0 4G=0 4H=0 4A=1 4D=0 4R=0 4X=1 4L=0
WTX3 R=000000000C6A3000 V=0000000000400037 I=0000000000000000 TP=000000000C69C000 EP=000000000C69C000 E=000000000C69B027 CF=000000000C69B000 3P=1 3W=1 3U=1 3N=0 3G=0 3H=0 3A=1 3D=0 3R=0 3X=1 3L=0
WTX2 R=000000000C6A3000 V=0000000000400037 I=0000000000000002 TP=000000000C69B000 EP=000000000C69B000 E=000000000C69A027 CF=000000000C69A000 2P=1 2W=1 2U=1 2N=0 2G=0 2H=0 2A=1 2D=0 2R=0 2X=1 2L=0
WTX1 R=000000000C6A3000 V=0000000000400037 I=0000000000000000 TP=000000000C69A000 EP=000000000C69A000 E=000000000C69D027 CF=000000000C69D000 1P=1 1W=1 1U=1 1N=0 1G=0 1H=0 1A=1 1D=0 1R=0 1X=1 1L=1
WTXP V=0000000000400037 EQ=0 KE=0000000000400103 KF=0000000000400000 KP=1 KW=1 KU=0 KN=0 KG=1 KH=0 KA=0 KD=0 KR=0 KX=1 KL=1 TE=000000000C69D027 TF=000000000C69D000 TP=1 TW=1 TU=1 TN=0 TG=0 TH=0 TA=1 TD=0 TR=0 TX=1 TL=1
P10_RING3_ATTEMPT
P10_RFLAGS_IF_ON
P10_RING3_FRAME_PROOF FRSP=FFFFFFFF82005C38 RIP=0000000000400037 CS=0000000000000023 RF=0000000000000246 RSP=00000000007FFFB8 SS=000000000000001B BYTES=370040000000000023000000000000004602000000000000B8FF7F00000000001B00000000000000
P10_RING3_GATE_PROOF TR=0028 CTX0=FFFFFFFF82005C60 TSS0=FFFFFFFF82005C60 FCS=0000000000000023 FSS=000000000000001B IDTB=FFFFFFFF800E9FC0 IDTL=0000000000000FFF GPSEL=0008 GPIST=0000000000000000 GPTA=000000000000008F GPOFF=FFFFFFFF80016EF0 PFSEL=0008 PFIST=0000000000000000 PFTA=000000000000008F PFOFF=FFFFFFFF80016FA0
P10_RING3_COMMIT
P10_CR3_SWITCH
P10_RING3_ENTER
rY[IRQ][SCH]
P12[[AYKEN_PERF_MB_EXTRACT_RAW]] epoch=3 candidate_pid=2 owner_last_epoch=3 ticks=27185278679 tick_valid=2
[[AYKEN_PERF_MB_EXTRACT_REASON]] name=epoch_stale ticks=27185722369 tick_valid=2
[[AYKEN_PERF_MB_PATH]] name=fallback phase=enter ticks=27186064061 tick_valid=2
[[AYKEN_PERF_MB_PATH]] name=fallback phase=exit ticks=27186402165 tick_valid=2
[[AYKEN_PERF_MB_REASON]] name=no_candidate ticks=27186808103 tick_valid=2
N12
MARK:PID=2
MARK:SW=U>U
MARK:IRET
P10_TEXT_ROOT_PROOF AC=000000000C6A3000 KC=000000000DE83000 TC=000000000C6A3000 RC=000000000C6A3000 RIP=0000000000400037 AP=0000000000400103 TP=000000000C69D027
P10_ROOT_FRAME_WITNESS phase=pre_dispatch root=000000000C6A3000 pte=0000000000000000 phys=000000000C6A3000 used=1 lo=000000000C69C027 hi=0000000000000000 hash=AB3F4A62FAEF25FC
P10_TEXT_FRAME_WITNESS phase=pre_dispatch root=000000000C6A3000 pte=000000000C69D027 phys=000000000C69D000 used=1 lo=4800700000C3C748 hi=8948C0FF4808438B hash=3B68EAFA86874C6F
WTX4 R=000000000C6A3000 V=0000000000400037 I=0000000000000000 TP=000000000C6A3000 EP=000000000C6A3000 E=000000000C69C027 CF=000000000C69C000 4P=1 4W=1 4U=1 4N=0 4G=0 4H=0 4A=1 4D=0 4R=0 4X=1 4L=0
WTX3 R=000000000C6A3000 V=0000000000400037 I=0000000000000000 TP=000000000C69C000 EP=000000000C69C000 E=000000000C69B027 CF=000000000C69B000 3P=1 3W=1 3U=1 3N=0 3G=0 3H=0 3A=1 3D=0 3R=0 3X=1 3L=0
WTX2 R=000000000C6A3000 V=0000000000400037 I=0000000000000002 TP=000000000C69B000 EP=000000000C69B000 E=000000000C69A027 CF=000000000C69A000 2P=1 2W=1 2U=1 2N=0 2G=0 2H=0 2A=1 2D=0 2R=0 2X=1 2L=0
WTX1 R=000000000C6A3000 V=0000000000400037 I=0000000000000000 TP=000000000C69A000 EP=000000000C69A000 E=000000000C69D027 CF=000000000C69D000 1P=1 1W=1 1U=1 1N=0 1G=0 1H=0 1A=1 1D=0 1R=0 1X=1 1L=1
WTXP V=0000000000400037 EQ=0 KE=0000000000400103 KF=0000000000400000 KP=1 KW=1 KU=0 KN=0 KG=1 KH=0 KA=0 KD=0 KR=0 KX=1 KL=1 TE=000000000C69D027 TF=000000000C69D000 TP=1 TW=1 TU=1 TN=0 TG=0 TH=0 TA=1 TD=0 TR=0 TX=1 TL=1
P10_RING3_ATTEMPT
P10_RFLAGS_IF_ON
P10_RING3_FRAME_PROOF FRSP=FFFFFFFF82005C38 RIP=0000000000400037 CS=0000000000000023 RF=0000000000000246 RSP=00000000007FFFB8 SS=000000000000001B BYTES=370040000000000023000000000000004602000000000000B8FF7F00000000001B00000000000000
P10_RING3_GATE_PROOF TR=0028 CTX0=FFFFFFFF82005C60 TSS0=FFFFFFFF82005C60 FCS=0000000000000023 FSS=000000000000001B IDTB=FFFFFFFF800E9FC0 IDTL=0000000000000FFF GPSEL=0008 GPIST=0000000000000000 GPTA=000000000000008F GPOFF=FFFFFFFF80016EF0 PFSEL=0008 PFIST=0000000000000000 PFTA=000000000000008F PFOFF=FFFFFFFF80016FA0
P10_RING3_COMMIT
P10_CR3_SWITCH
P10_RING3_ENTER
TrY[IRQ][SCH]
P12[[AYKEN_PERF_MB_EXTRACT_RAW]] epoch=3 candidate_pid=2 owner_last_epoch=3 ticks=27197611103 tick_valid=2
[[AYKEN_PERF_MB_EXTRACT_REASON]] name=epoch_stale ticks=27198100943 tick_valid=2
[[AYKEN_PERF_MB_PATH]] name=fallback phase=enter ticks=27198514759 tick_valid=2
[[AYKEN_PERF_MB_PATH]] name=fallback phase=exit ticks=27198939313 tick_valid=2
[[AYKEN_PERF_MB_REASON]] name=no_candidate ticks=27199270215 tick_valid=2
N12
MARK:PID=2
MARK:SW=U>U
MARK:IRET
P10_TEXT_ROOT_PROOF AC=000000000C6A3000 KC=000000000DE83000 TC=000000000C6A3000 RC=000000000C6A3000 RIP=0000000000400037 AP=0000000000400103 TP=000000000C69D027
P10_ROOT_FRAME_WITNESS phase=pre_dispatch root=000000000C6A3000 pte=0000000000000000 phys=000000000C6A3000 used=1 lo=000000000C69C027 hi=0000000000000000 hash=AB3F4A62FAEF25FC
P10_TEXT_FRAME_WITNESS phase=pre_dispatch root=000000000C6A3000 pte=000000000C69D027 phys=000000000C69D000 used=1 lo=4800700000C3C748 hi=8948C0FF4808438B hash=3B68EAFA86874C6F
WTX4 R=000000000C6A3000 V=0000000000400037 I=0000000000000000 TP=000000000C6A3000 EP=000000000C6A3000 E=000000000C69C027 CF=000000000C69C000 4P=1 4W=1 4U=1 4N=0 4G=0 4H=0 4A=1 4D=0 4R=0 4X=1 4L=0
WTX3 R=000000000C6A3000 V=0000000000400037 I=0000000000000000 TP=000000000C69C000 EP=000000000C69C000 E=000000000C69B027 CF=000000000C69B000 3P=1 3W=1 3U=1 3N=0 3G=0 3H=0 3A=1 3D=0 3R=0 3X=1 3L=0
WTX2 R=000000000C6A3000 V=0000000000400037 I=0000000000000002 TP=000000000C69B000 EP=000000000C69B000 E=000000000C69A027 CF=000000000C69A000 2P=1 2W=1 2U=1 2N=0 2G=0 2H=0 2A=1 2D=0 2R=0 2X=1 2L=0
WTX1 R=000000000C6A3000 V=0000000000400037 I=0000000000000000 TP=000000000C69A000 EP=000000000C69A000 E=000000000C69D027 CF=000000000C69D000 1P=1 1W=1 1U=1 1N=0 1G=0 1H=0 1A=1 1D=0 1R=0 1X=1 1L=1
WTXP V=0000000000400037 EQ=0 KE=0000000000400103 KF=0000000000400000 KP=1 KW=1 KU=0 KN=0 KG=1 KH=0 KA=0 KD=0 KR=0 KX=1 KL=1 TE=000000000C69D027 TF=000000000C69D000 TP=1 TW=1 TU=1 TN=0 TG=0 TH=0 TA=1 TD=0 TR=0 TX=1 TL=1
P10_RING3_ATTEMPT
P10_RFLAGS_IF_ON
P10_RING3_FRAME_PROOF FRSP=FFFFFFFF82005C38 RIP=0000000000400037 CS=0000000000000023 RF=0000000000000246 RSP=00000000007FFFB8 SS=000000000000001B BYTES=370040000000000023000000000000004602000000000000B8FF7F00000000001B00000000000000
P10_RING3_GATE_PROOF TR=0028 CTX0=FFFFFFFF82005C60 TSS0=FFFFFFFF82005C60 FCS=0000000000000023 FSS=000000000000001B IDTB=FFFFFFFF800E9FC0 IDTL=0000000000000FFF GPSEL=0008 GPIST=0000000000000000 GPTA=000000000000008F GPOFF=FFFFFFFF80016EF0 PFSEL=0008 PFIST=0000000000000000 PFTA=000000000000008F PFOFF=FFFFFFFF80016FA0
P10_RING3_COMMIT
P10_CR3_SWITCH
P10_RING3_ENTER
rY[IRQ][SCH]
P12[[AYKEN_PERF_MB_EXTRACT_RAW]] epoch=3 candidate_pid=2 owner_last_epoch=3 ticks=27210246791 tick_valid=2
[[AYKEN_PERF_MB_EXTRACT_REASON]] name=epoch_stale ticks=27210762241 tick_valid=2
[[AYKEN_PERF_MB_PATH]] name=fallback phase=enter ticks=27211102971 tick_valid=2
[[AYKEN_PERF_MB_PATH]] name=fallback phase=exit ticks=27211520219 tick_valid=2
[[AYKEN_PERF_MB_REASON]] name=no_candidate ticks=27211846805 tick_valid=2
N12
MARK:PID=2
MARK:SW=U>U
MARK:IRET
P10_TEXT_ROOT_PROOF AC=000000000C6A3000 KC=000000000DE83000 TC=000000000C6A3000 RC=000000000C6A3000 RIP=0000000000400037 AP=0000000000400103 TP=000000000C69D027
P10_ROOT_FRAME_WITNESS phase=pre_dispatch root=000000000C6A3000 pte=0000000000000000 phys=000000000C6A3000 used=1 lo=000000000C69C027 hi=0000000000000000 hash=AB3F4A62FAEF25FC
P10_TEXT_FRAME_WITNESS phase=pre_dispatch root=000000000C6A3000 pte=000000000C69D027 phys=000000000C69D000 used=1 lo=4800700000C3C748 hi=8948C0FF4808438B hash=3B68EAFA86874C6F
WTX4 R=000000000C6A3000 V=0000000000400037 I=0000000000000000 TP=000000000C6A3000 EP=000000000C6A3000 E=000000000C69C027 CF=000000000C69C000 4P=1 4W=1 4U=1 4N=0 4G=0 4H=0 4A=1 4D=0 4R=0 4X=1 4L=0
WTX3 R=000000000C6A3000 V=0000000000400037 I=0000000000000000 TP=000000000C69C000 EP=000000000C69C000 E=000000000C69B027 CF=000000000C69B000 3P=1 3W=1 3U=1 3N=0 3G=0 3H=0 3A=1 3D=0 3R=0 3X=1 3L=0
WTX2 R=000000000C6A3000 V=0000000000400037 I=0000000000000002 TP=000000000C69B000 EP=000000000C69B000 E=000000000C69A027 CF=000000000C69A000 2P=1 2W=1 2U=1 2N=0 2G=0 2H=0 2A=1 2D=0 2R=0 2X=1 2L=0
WTX1 R=000000000C6A3000 V=0000000000400037 I=0000000000000000 TP=000000000C69A000 EP=000000000C69A000 E=000000000C69D027 CF=000000000C69D000 1P=1 1W=1 1U=1 1N=0 1G=0 1H=0 1A=1 1D=0 1R=0 1X=1 1L=1
WTXP V=0000000000400037 EQ=0 KE=0000000000400103 KF=0000000000400000 KP=1 KW=1 KU=0 KN=0 KG=1 KH=0 KA=0 KD=0 KR=0 KX=1 KL=1 TE=000000000C69D027 TF=000000000C69D000 TP=1 TW=1 TU=1 TN=0 TG=0 TH=0 TA=1 TD=0 TR=0 TX=1 TL=1
P10_RING3_ATTEMPT
P10_RFLAGS_IF_ON
P10_RING3_FRAME_PROOF FRSP=FFFFFFFF82005C38 RIP=0000000000400037 CS=0000000000000023 RF=0000000000000246 RSP=00000000007FFFB8 SS=000000000000001B BYTES=370040000000000023000000000000004602000000000000B8FF7F00000000001B00000000000000
P10_RING3_GATE_PROOF TR=0028 CTX0=FFFFFFFF82005C60 TSS0=FFFFFFFF82005C60 FCS=0000000000000023 FSS=000000000000001B IDTB=FFFFFFFF800E9FC0 IDTL=0000000000000FFF GPSEL=0008 GPIST=0000000000000000 GPTA=000000000000008F GPOFF=FFFFFFFF80016EF0 PFSEL=0008 PFIST=0000000000000000 PFTA=000000000000008F PFOFF=FFFFFFFF80016FA0
P10_RING3_COMMIT
P10_CR3_SWITCH
P10_RING3_ENTER
TrY[IRQ][SCH]
P12[[AYKEN_PERF_MB_EXTRACT_RAW]] epoch=3 candidate_pid=2 owner_last_epoch=3 ticks=27222788463 tick_valid=2
[[AYKEN_PERF_MB_EXTRACT_REASON]] name=epoch_stale ticks=27223265043 tick_valid=2
[[AYKEN_PERF_MB_PATH]] name=fallback phase=enter ticks=27223654419 tick_valid=2
[[AYKEN_PERF_MB_PATH]] name=fallback phase=exit ticks=27223993433 tick_valid=2
[[AYKEN_PERF_MB_REASON]] name=no_candidate ticks=27224353611 tick_valid=2
N12
MARK:PID=2
MARK:SW=U>U
MARK:IRET
P10_TEXT_ROOT_PROOF AC=000000000C6A3000 KC=000000000DE83000 TC=000000000C6A3000 RC=000000000C6A3000 RIP=0000000000400037 AP=0000000000400103 TP=000000000C69D027
P10_ROOT_FRAME_WITNESS phase=pre_dispatch root=000000000C6A3000 pte=0000000000000000 phys=000000000C6A3000 used=1 lo=000000000C69C027 hi=0000000000000000 hash=AB3F4A62FAEF25FC
P10_TEXT_FRAME_WITNESS phase=pre_dispatch root=000000000C6A3000 pte=000000000C69D027 phys=000000000C69D000 used=1 lo=4800700000C3C748 hi=8948C0FF4808438B hash=3B68EAFA86874C6F
WTX4 R=000000000C6A3000 V=0000000000400037 I=0000000000000000 TP=000000000C6A3000 EP=000000000C6A3000 E=000000000C69C027 CF=000000000C69C000 4P=1 4W=1 4U=1 4N=0 4G=0 4H=0 4A=1 4D=0 4R=0 4X=1 4L=0
WTX3 R=000000000C6A3000 V=0000000000400037 I=0000000000000000 TP=000000000C69C000 EP=000000000C69C000 E=000000000C69B027 CF=000000000C69B000 3P=1 3W=1 3U=1 3N=0 3G=0 3H=0 3A=1 3D=0 3R=0 3X=1 3L=0
WTX2 R=000000000C6A3000 V=0000000000400037 I=0000000000000002 TP=000000000C69B000 EP=000000000C69B000 E=000000000C69A027 CF=000000000C69A000 2P=1 2W=1 2U=1 2N=0 2G=0 2H=0 2A=1 2D=0 2R=0 2X=1 2L=0
WTX1 R=000000000C6A3000 V=0000000000400037 I=0000000000000000 TP=000000000C69A000 EP=000000000C69A000 E=000000000C69D027 CF=000000000C69D000 1P=1 1W=1 1U=1 1N=0 1G=0 1H=0 1A=1 1D=0 1R=0 1X=1 1L=1
WTXP V=0000000000400037 EQ=0 KE=0000000000400103 KF=0000000000400000 KP=1 KW=1 KU=0 KN=0 KG=1 KH=0 KA=0 KD=0 KR=0 KX=1 KL=1 TE=000000000C69D027 TF=000000000C69D000 TP=1 TW=1 TU=1 TN=0 TG=0 TH=0 TA=1 TD=0 TR=0 TX=1 TL=1
P10_RING3_ATTEMPT
P10_RFLAGS_IF_ON
P10_RING3_FRAME_PROOF FRSP=FFFFFFFF82005C38 RIP=0000000000400037 CS=0000000000000023 RF=0000000000000246 RSP=00000000007FFFB8 SS=000000000000001B BYTES=370040000000000023000000000000004602000000000000B8FF7F00000000001B00000000000000
P10_RING3_GATE_PROOF TR=0028 CTX0=FFFFFFFF82005C60 TSS0=FFFFFFFF82005C60 FCS=0000000000000023 FSS=000000000000001B IDTB=FFFFFFFF800E9FC0 IDTL=0000000000000FFF GPSEL=0008 GPIST=0000000000000000 GPTA=000000000000008F GPOFF=FFFFFFFF80016EF0 PFSEL=0008 PFIST=0000000000000000 PFTA=000000000000008F PFOFF=FFFFFFFF80016FA0
P10_RING3_COMMIT
P10_CR3_SWITCH
P10_RING3_ENTER
rY[IRQ][SCH]
P12[[AYKEN_PERF_MB_EXTRACT_RAW]] epoch=3 candidate_pid=2 owner_last_epoch=3 ticks=27235419367 tick_valid=2
[[AYKEN_PERF_MB_EXTRACT_REASON]] name=epoch_stale ticks=27235860145 tick_valid=2
[[AYKEN_PERF_MB_PATH]] name=fallback phase=enter ticks=27236313065 tick_valid=2
[[AYKEN_PERF_MB_PATH]] name=fallback phase=exit ticks=27236731977 tick_valid=2
[[AYKEN_PERF_MB_REASON]] name=no_candidate ticks=27237057861 tick_valid=2
N12
MARK:PID=2
MARK:SW=U>U
MARK:IRET
P10_TEXT_ROOT_PROOF AC=000000000C6A3000 KC=000000000DE83000 TC=000000000C6A3000 RC=000000000C6A3000 RIP=0000000000400037 AP=0000000000400103 TP=000000000C69D027
P10_ROOT_FRAME_WITNESS phase=pre_dispatch root=000000000C6A3000 pte=0000000000000000 phys=000000000C6A3000 used=1 lo=000000000C69C027 hi=0000000000000000 hash=AB3F4A62FAEF25FC
P10_TEXT_FRAME_WITNESS phase=pre_dispatch root=000000000C6A3000 pte=000000000C69D027 phys=000000000C69D000 used=1 lo=4800700000C3C748 hi=8948C0FF4808438B hash=3B68EAFA86874C6F
WTX4 R=000000000C6A3000 V=0000000000400037 I=0000000000000000 TP=000000000C6A3000 EP=000000000C6A3000 E=000000000C69C027 CF=000000000C69C000 4P=1 4W=1 4U=1 4N=0 4G=0 4H=0 4A=1 4D=0 4R=0 4X=1 4L=0
WTX3 R=000000000C6A3000 V=0000000000400037 I=0000000000000000 TP=000000000C69C000 EP=000000000C69C000 E=000000000C69B027 CF=000000000C69B000 3P=1 3W=1 3U=1 3N=0 3G=0 3H=0 3A=1 3D=0 3R=0 3X=1 3L=0
WTX2 R=000000000C6A3000 V=0000000000400037 I=0000000000000002 TP=000000000C69B000 EP=000000000C69B000 E=000000000C69A027 CF=000000000C69A000 2P=1 2W=1 2U=1 2N=0 2G=0 2H=0 2A=1 2D=0 2R=0 2X=1 2L=0
WTX1 R=000000000C6A3000 V=0000000000400037 I=0000000000000000 TP=000000000C69A000 EP=000000000C69A000 E=000000000C69D027 CF=000000000C69D000 1P=1 1W=1 1U=1 1N=0 1G=0 1H=0 1A=1 1D=0 1R=0 1X=1 1L=1
WTXP V=0000000000400037 EQ=0 KE=0000000000400103 KF=0000000000400000 KP=1 KW=1 KU=0 KN=0 KG=1 KH=0 KA=0 KD=0 KR=0 KX=1 KL=1 TE=000000000C69D027 TF=000000000C69D000 TP=1 TW=1 TU=1 TN=0 TG=0 TH=0 TA=1 TD=0 TR=0 TX=1 TL=1
P10_RING3_ATTEMPT
P10_RFLAGS_IF_ON
P10_RING3_FRAME_PROOF FRSP=FFFFFFFF82005C38 RIP=0000000000400037 CS=0000000000000023 RF=0000000000000246 RSP=00000000007FFFB8 SS=000000000000001B BYTES=370040000000000023000000000000004602000000000000B8FF7F00000000001B00000000000000
P10_RING3_GATE_PROOF TR=0028 CTX0=FFFFFFFF82005C60 TSS0=FFFFFFFF82005C60 FCS=0000000000000023 FSS=000000000000001B IDTB=FFFFFFFF800E9FC0 IDTL=0000000000000FFF GPSEL=0008 GPIST=0000000000000000 GPTA=000000000000008F GPOFF=FFFFFFFF80016EF0 PFSEL=0008 PFIST=0000000000000000 PFTA=000000000000008F PFOFF=FFFFFFFF80016FA0
P10_RING3_COMMIT
P10_CR3_SWITCH
P10_RING3_ENTER
TrY[IRQ][SCH]
P12[[AYKEN_PERF_MB_EXTRACT_RAW]] epoch=3 candidate_pid=2 owner_last_epoch=3 ticks=27248011427 tick_valid=2
[[AYKEN_PERF_MB_EXTRACT_REASON]] name=epoch_stale ticks=27248454649 tick_valid=2
[[AYKEN_PERF_MB_PATH]] name=fallback phase=enter ticks=27248804167 tick_valid=2
[[AYKEN_PERF_MB_PATH]] name=fallback phase=exit ticks=27249185327 tick_valid=2
[[AYKEN_PERF_MB_REASON]] name=no_candidate ticks=27249512095 tick_valid=2
N12
MARK:PID=2
MARK:SW=U>U
MARK:IRET
P10_TEXT_ROOT_PROOF AC=000000000C6A3000 KC=000000000DE83000 TC=000000000C6A3000 RC=000000000C6A3000 RIP=0000000000400037 AP=0000000000400103 TP=000000000C69D027
P10_ROOT_FRAME_WITNESS phase=pre_dispatch root=000000000C6A3000 pte=0000000000000000 phys=000000000C6A3000 used=1 lo=000000000C69C027 hi=0000000000000000 hash=AB3F4A62FAEF25FC
P10_TEXT_FRAME_WITNESS phase=pre_dispatch root=000000000C6A3000 pte=000000000C69D027 phys=000000000C69D000 used=1 lo=4800700000C3C748 hi=8948C0FF4808438B hash=3B68EAFA86874C6F
WTX4 R=000000000C6A3000 V=0000000000400037 I=0000000000000000 TP=000000000C6A3000 EP=000000000C6A3000 E=000000000C69C027 CF=000000000C69C000 4P=1 4W=1 4U=1 4N=0 4G=0 4H=0 4A=1 4D=0 4R=0 4X=1 4L=0
WTX3 R=000000000C6A3000 V=0000000000400037 I=0000000000000000 TP=000000000C69C000 EP=000000000C69C000 E=000000000C69B027 CF=000000000C69B000 3P=1 3W=1 3U=1 3N=0 3G=0 3H=0 3A=1 3D=0 3R=0 3X=1 3L=0
WTX2 R=000000000C6A3000 V=0000000000400037 I=0000000000000002 TP=000000000C69B000 EP=000000000C69B000 E=000000000C69A027 CF=000000000C69A000 2P=1 2W=1 2U=1 2N=0 2G=0 2H=0 2A=1 2D=0 2R=0 2X=1 2L=0
WTX1 R=000000000C6A3000 V=0000000000400037 I=0000000000000000 TP=000000000C69A000 EP=000000000C69A000 E=000000000C69D027 CF=000000000C69D000 1P=1 1W=1 1U=1 1N=0 1G=0 1H=0 1A=1 1D=0 1R=0 1X=1 1L=1
WTXP V=0000000000400037 EQ=0 KE=0000000000400103 KF=0000000000400000 KP=1 KW=1 KU=0 KN=0 KG=1 KH=0 KA=0 KD=0 KR=0 KX=1 KL=1 TE=000000000C69D027 TF=000000000C69D000 TP=1 TW=1 TU=1 TN=0 TG=0 TH=0 TA=1 TD=0 TR=0 TX=1 TL=1
P10_RING3_ATTEMPT
P10_RFLAGS_IF_ON
P10_RING3_FRAME_PROOF FRSP=FFFFFFFF82005C38 RIP=0000000000400037 CS=0000000000000023 RF=0000000000000246 RSP=00000000007FFFB8 SS=000000000000001B BYTES=370040000000000023000000000000004602000000000000B8FF7F00000000001B00000000000000
P10_RING3_GATE_PROOF TR=0028 CTX0=FFFFFFFF82005C60 TSS0=FFFFFFFF82005C60 FCS=0000000000000023 FSS=000000000000001B IDTB=FFFFFFFF800E9FC0 IDTL=0000000000000FFF GPSEL=0008 GPIST=0000000000000000 GPTA=000000000000008F GPOFF=FFFFFFFF80016EF0 PFSEL=0008 PFIST=0000000000000000 PFTA=000000000000008F PFOFF=FFFFFFFF80016FA0
P10_RING3_COMMIT
P10_CR3_SWITCH
P10_RING3_ENTER
rY[IRQ][SCH]
P12[[AYKEN_PERF_MB_EXTRACT_RAW]] epoch=3 candidate_pid=2 owner_last_epoch=3 ticks=27260451933 tick_valid=2
[[AYKEN_PERF_MB_EXTRACT_REASON]] name=epoch_stale ticks=27260945153 tick_valid=2
[[AYKEN_PERF_MB_PATH]] name=fallback phase=enter ticks=27261288249 tick_valid=2
[[AYKEN_PERF_MB_PATH]] name=fallback phase=exit ticks=27261627549 tick_valid=2
[[AYKEN_PERF_MB_REASON]] name=no_candidate ticks=27262002729 tick_valid=2
N12
MARK:PID=2
MARK:SW=U>U
MARK:IRET
P10_TEXT_ROOT_PROOF AC=000000000C6A3000 KC=000000000DE83000 TC=000000000C6A3000 RC=000000000C6A3000 RIP=0000000000400037 AP=0000000000400103 TP=000000000C69D027
P10_ROOT_FRAME_WITNESS phase=pre_dispatch root=000000000C6A3000 pte=0000000000000000 phys=000000000C6A3000 used=1 lo=000000000C69C027 hi=0000000000000000 hash=AB3F4A62FAEF25FC
P10_TEXT_FRAME_WITNESS phase=pre_dispatch root=000000000C6A3000 pte=000000000C69D027 phys=000000000C69D000 used=1 lo=4800700000C3C748 hi=8948C0FF4808438B hash=3B68EAFA86874C6F
WTX4 R=000000000C6A3000 V=0000000000400037 I=0000000000000000 TP=000000000C6A3000 EP=000000000C6A3000 E=000000000C69C027 CF=000000000C69C000 4P=1 4W=1 4U=1 4N=0 4G=0 4H=0 4A=1 4D=0 4R=0 4X=1 4L=0
WTX3 R=000000000C6A3000 V=0000000000400037 I=0000000000000000 TP=000000000C69C000 EP=000000000C69C000 E=000000000C69B027 CF=000000000C69B000 3P=1 3W=1 3U=1 3N=0 3G=0 3H=0 3A=1 3D=0 3R=0 3X=1 3L=0
WTX2 R=000000000C6A3000 V=0000000000400037 I=0000000000000002 TP=000000000C69B000 EP=000000000C69B000 E=000000000C69A027 CF=000000000C69A000 2P=1 2W=1 2U=1 2N=0 2G=0 2H=0 2A=1 2D=0 2R=0 2X=1 2L=0
WTX1 R=000000000C6A3000 V=0000000000400037 I=0000000000000000 TP=000000000C69A000 EP=000000000C69A000 E=000000000C69D027 CF=000000000C69D000 1P=1 1W=1 1U=1 1N=0 1G=0 1H=0 1A=1 1D=0 1R=0 1X=1 1L=1
WTXP V=0000000000400037 EQ=0 KE=0000000000400103 KF=0000000000400000 KP=1 KW=1 KU=0 KN=0 KG=1 KH=0 KA=0 KD=0 KR=0 KX=1 KL=1 TE=000000000C69D027 TF=000000000C69D000 TP=1 TW=1 TU=1 TN=0 TG=0 TH=0 TA=1 TD=0 TR=0 TX=1 TL=1
P10_RING3_ATTEMPT
P10_RFLAGS_IF_ON
P10_RING3_FRAME_PROOF FRSP=FFFFFFFF82005C38 RIP=0000000000400037 CS=0000000000000023 RF=0000000000000246 RSP=00000000007FFFB8 SS=000000000000001B BYTES=370040000000000023000000000000004602000000000000B8FF7F00000000001B00000000000000
P10_RING3_GATE_PROOF TR=0028 CTX0=FFFFFFFF82005C60 TSS0=FFFFFFFF82005C60 FCS=0000000000000023 FSS=000000000000001B IDTB=FFFFFFFF800E9FC0 IDTL=0000000000000FFF GPSEL=0008 GPIST=0000000000000000 GPTA=000000000000008F GPOFF=FFFFFFFF80016EF0 PFSEL=0008 PFIST=0000000000000000 PFTA=000000000000008F PFOFF=FFFFFFFF80016FA0
P10_RING3_COMMIT
P10_CR3_SWITCH
P10_RING3_ENTER
TrY[IRQ][SCH]
P12[[AYKEN_PERF_MB_EXTRACT_RAW]] epoch=3 candidate_pid=2 owner_last_epoch=3 ticks=27273364651 tick_valid=2
[[AYKEN_PERF_MB_EXTRACT_REASON]] name=epoch_stale ticks=27273909247 tick_valid=2
[[AYKEN_PERF_MB_PATH]] name=fallback phase=enter ticks=27274359489 tick_valid=2
[[AYKEN_PERF_MB_PATH]] name=fallback phase=exit ticks=27274803881 tick_valid=2
[[AYKEN_PERF_MB_REASON]] name=no_candidate ticks=27275231243 tick_valid=2
N12
MARK:PID=2
MARK:SW=U>U
MARK:IRET
P10_TEXT_ROOT_PROOF AC=000000000C6A3000 KC=000000000DE83000 TC=000000000C6A3000 RC=000000000C6A3000 RIP=0000000000400037 AP=0000000000400103 TP=000000000C69D027
P10_ROOT_FRAME_WITNESS phase=pre_dispatch root=000000000C6A3000 pte=0000000000000000 phys=000000000C6A3000 used=1 lo=000000000C69C027 hi=0000000000000000 hash=AB3F4A62FAEF25FC
P10_TEXT_FRAME_WITNESS phase=pre_dispatch root=000000000C6A3000 pte=000000000C69D027 phys=000000000C69D000 used=1 lo=4800700000C3C748 hi=8948C0FF4808438B hash=3B68EAFA86874C6F
WTX4 R=000000000C6A3000 V=0000000000400037 I=0000000000000000 TP=000000000C6A3000 EP=000000000C6A3000 E=000000000C69C027 CF=000000000C69C000 4P=1 4W=1 4U=1 4N=0 4G=0 4H=0 4A=1 4D=0 4R=0 4X=1 4L=0
WTX3 R=000000000C6A3000 V=0000000000400037 I=0000000000000000 TP=000000000C69C000 EP=000000000C69C000 E=000000000C69B027 CF=000000000C69B000 3P=1 3W=1 3U=1 3N=0 3G=0 3H=0 3A=1 3D=0 3R=0 3X=1 3L=0
WTX2 R=000000000C6A3000 V=0000000000400037 I=0000000000000002 TP=000000000C69B000 EP=000000000C69B000 E=000000000C69A027 CF=000000000C69A000 2P=1 2W=1 2U=1 2N=0 2G=0 2H=0 2A=1 2D=0 2R=0 2X=1 2L=0
WTX1 R=000000000C6A3000 V=0000000000400037 I=0000000000000000 TP=000000000C69A000 EP=000000000C69A000 E=000000000C69D027 CF=000000000C69D000 1P=1 1W=1 1U=1 1N=0 1G=0 1H=0 1A=1 1D=0 1R=0 1X=1 1L=1
WTXP V=0000000000400037 EQ=0 KE=0000000000400103 KF=0000000000400000 KP=1 KW=1 KU=0 KN=0 KG=1 KH=0 KA=0 KD=0 KR=0 KX=1 KL=1 TE=000000000C69D027 TF=000000000C69D000 TP=1 TW=1 TU=1 TN=0 TG=0 TH=0 TA=1 TD=0 TR=0 TX=1 TL=1
P10_RING3_ATTEMPT
P10_RFLAGS_IF_ON
P10_RING3_FRAME_PROOF FRSP=FFFFFFFF82005C38 RIP=0000000000400037 CS=0000000000000023 RF=0000000000000246 RSP=00000000007FFFB8 SS=000000000000001B BYTES=370040000000000023000000000000004602000000000000B8FF7F00000000001B00000000000000
P10_RING3_GATE_PROOF TR=0028 CTX0=FFFFFFFF82005C60 TSS0=FFFFFFFF82005C60 FCS=0000000000000023 FSS=000000000000001B IDTB=FFFFFFFF800E9FC0 IDTL=0000000000000FFF GPSEL=0008 GPIST=0000000000000000 GPTA=000000000000008F GPOFF=FFFFFFFF80016EF0 PFSEL=0008 PFIST=0000000000000000 PFTA=000000000000008F PFOFF=FFFFFFFF80016FA0
P10_RING3_COMMIT
P10_CR3_SWITCH
P10_RING3_ENTER
rY[IRQ][SCH]
P12[[AYKEN_PERF_MB_EXTRACT_RAW]] epoch=3 candidate_pid=2 owner_last_epoch=3 ticks=27286066379 tick_valid=2
[[AYKEN_PERF_MB_EXTRACT_REASON]] name=epoch_stale ticks=27286529543 tick_valid=2
[[AYKEN_PERF_MB_PATH]] name=fallback phase=enter ticks=27286918789 tick_valid=2
[[AYKEN_PERF_MB_PATH]] name=fallback phase=exit ticks=27287260559 tick_valid=2
[[AYKEN_PERF_MB_REASON]] name=no_candidate ticks=27287591487 tick_valid=2
N12
MARK:PID=2
MARK:SW=U>U
MARK:IRET
P10_TEXT_ROOT_PROOF AC=000000000C6A3000 KC=000000000DE83000 TC=000000000C6A3000 RC=000000000C6A3000 RIP=0000000000400037 AP=0000000000400103 TP=000000000C69D027
P10_ROOT_FRAME_WITNESS phase=pre_dispatch root=000000000C6A3000 pte=0000000000000000 phys=000000000C6A3000 used=1 lo=000000000C69C027 hi=0000000000000000 hash=AB3F4A62FAEF25FC
P10_TEXT_FRAME_WITNESS phase=pre_dispatch root=000000000C6A3000 pte=000000000C69D027 phys=000000000C69D000 used=1 lo=4800700000C3C748 hi=8948C0FF4808438B hash=3B68EAFA86874C6F
WTX4 R=000000000C6A3000 V=0000000000400037 I=0000000000000000 TP=000000000C6A3000 EP=000000000C6A3000 E=000000000C69C027 CF=000000000C69C000 4P=1 4W=1 4U=1 4N=0 4G=0 4H=0 4A=1 4D=0 4R=0 4X=1 4L=0
WTX3 R=000000000C6A3000 V=0000000000400037 I=0000000000000000 TP=000000000C69C000 EP=000000000C69C000 E=000000000C69B027 CF=000000000C69B000 3P=1 3W=1 3U=1 3N=0 3G=0 3H=0 3A=1 3D=0 3R=0 3X=1 3L=0
WTX2 R=000000000C6A3000 V=0000000000400037 I=0000000000000002 TP=000000000C69B000 EP=000000000C69B000 E=000000000C69A027 CF=000000000C69A000 2P=1 2W=1 2U=1 2N=0 2G=0 2H=0 2A=1 2D=0 2R=0 2X=1 2L=0
WTX1 R=000000000C6A3000 V=0000000000400037 I=0000000000000000 TP=000000000C69A000 EP=000000000C69A000 E=000000000C69D027 CF=000000000C69D000 1P=1 1W=1 1U=1 1N=0 1G=0 1H=0 1A=1 1D=0 1R=0 1X=1 1L=1
WTXP V=0000000000400037 EQ=0 KE=0000000000400103 KF=0000000000400000 KP=1 KW=1 KU=0 KN=0 KG=1 KH=0 KA=0 KD=0 KR=0 KX=1 KL=1 TE=000000000C69D027 TF=000000000C69D000 TP=1 TW=1 TU=1 TN=0 TG=0 TH=0 TA=1 TD=0 TR=0 TX=1 TL=1
P10_RING3_ATTEMPT
P10_RFLAGS_IF_ON
P10_RING3_FRAME_PROOF FRSP=FFFFFFFF82005C38 RIP=0000000000400037 CS=0000000000000023 RF=0000000000000246 RSP=00000000007FFFB8 SS=000000000000001B BYTES=370040000000000023000000000000004602000000000000B8FF7F00000000001B00000000000000
P10_RING3_GATE_PROOF TR=0028 CTX0=FFFFFFFF82005C60 TSS0=FFFFFFFF82005C60 FCS=0000000000000023 FSS=000000000000001B IDTB=FFFFFFFF800E9FC0 IDTL=0000000000000FFF GPSEL=0008 GPIST=0000000000000000 GPTA=000000000000008F GPOFF=FFFFFFFF80016EF0 PFSEL=0008 PFIST=0000000000000000 PFTA=000000000000008F PFOFF=FFFFFFFF80016FA0
P10_RING3_COMMIT
P10_CR3_SWITCH
P10_RING3_ENTER
TrY[IRQ][SCH]
P12[[AYKEN_PERF_MB_EXTRACT_RAW]] epoch=3 candidate_pid=2 owner_last_epoch=3 ticks=27298658803 tick_valid=2
[[AYKEN_PERF_MB_EXTRACT_REASON]] name=epoch_stale ticks=27299159043 tick_valid=2
[[AYKEN_PERF_MB_PATH]] name=fallback phase=enter ticks=27299521509 tick_valid=2
[[AYKEN_PERF_MB_PATH]] name=fallback phase=exit ticks=27299904749 tick_valid=2
[[AYKEN_PERF_MB_REASON]] name=no_candidate ticks=27300236873 tick_valid=2
N12
MARK:PID=2
MARK:SW=U>U
MARK:IRET
P10_TEXT_ROOT_PROOF AC=000000000C6A3000 KC=000000000DE83000 TC=000000000C6A3000 RC=000000000C6A3000 RIP=0000000000400037 AP=0000000000400103 TP=000000000C69D027
P10_ROOT_FRAME_WITNESS phase=pre_dispatch root=000000000C6A3000 pte=0000000000000000 phys=000000000C6A3000 used=1 lo=000000000C69C027 hi=0000000000000000 hash=AB3F4A62FAEF25FC
P10_TEXT_FRAME_WITNESS phase=pre_dispatch root=000000000C6A3000 pte=000000000C69D027 phys=000000000C69D000 used=1 lo=4800700000C3C748 hi=8948C0FF4808438B hash=3B68EAFA86874C6F
WTX4 R=000000000C6A3000 V=0000000000400037 I=0000000000000000 TP=000000000C6A3000 EP=000000000C6A3000 E=000000000C69C027 CF=000000000C69C000 4P=1 4W=1 4U=1 4N=0 4G=0 4H=0 4A=1 4D=0 4R=0 4X=1 4L=0
WTX3 R=000000000C6A3000 V=0000000000400037 I=0000000000000000 TP=000000000C69C000 EP=000000000C69C000 E=000000000C69B027 CF=000000000C69B000 3P=1 3W=1 3U=1 3N=0 3G=0 3H=0 3A=1 3D=0 3R=0 3X=1 3L=0
WTX2 R=000000000C6A3000 V=0000000000400037 I=0000000000000002 TP=000000000C69B000 EP=000000000C69B000 E=000000000C69A027 CF=000000000C69A000 2P=1 2W=1 2U=1 2N=0 2G=0 2H=0 2A=1 2D=0 2R=0 2X=1 2L=0
WTX1 R=000000000C6A3000 V=0000000000400037 I=0000000000000000 TP=000000000C69A000 EP=000000000C69A000 E=000000000C69D027 CF=000000000C69D000 1P=1 1W=1 1U=1 1N=0 1G=0 1H=0 1A=1 1D=0 1R=0 1X=1 1L=1
WTXP V=0000000000400037 EQ=0 KE=0000000000400103 KF=0000000000400000 KP=1 KW=1 KU=0 KN=0 KG=1 KH=0 KA=0 KD=0 KR=0 KX=1 KL=1 TE=000000000C69D027 TF=000000000C69D000 TP=1 TW=1 TU=1 TN=0 TG=0 TH=0 TA=1 TD=0 TR=0 TX=1 TL=1
P10_RING3_ATTEMPT
P10_RFLAGS_IF_ON
P10_RING3_FRAME_PROOF FRSP=FFFFFFFF82005C38 RIP=0000000000400037 CS=0000000000000023 RF=0000000000000246 RSP=00000000007FFFB8 SS=000000000000001B BYTES=370040000000000023000000000000004602000000000000B8FF7F00000000001B00000000000000
P10_RING3_GATE_PROOF TR=0028 CTX0=FFFFFFFF82005C60 TSS0=FFFFFFFF82005C60 FCS=0000000000000023 FSS=000000000000001B IDTB=FFFFFFFF800E9FC0 IDTL=0000000000000FFF GPSEL=0008 GPIST=0000000000000000 GPTA=000000000000008F GPOFF=FFFFFFFF80016EF0 PFSEL=0008 PFIST=0000000000000000 PFTA=000000000000008F PFOFF=FFFFFFFF80016FA0
P10_RING3_COMMIT
P10_CR3_SWITCH
P10_RING3_ENTER
rY[IRQ][SCH]
P12[[AYKEN_PERF_MB_EXTRACT_RAW]] epoch=3 candidate_pid=2 owner_last_epoch=3 ticks=27311269973 tick_valid=2
[[AYKEN_PERF_MB_EXTRACT_REASON]] name=epoch_stale ticks=27311716575 tick_valid=2
[[AYKEN_PERF_MB_PATH]] name=fallback phase=enter ticks=27312116611 tick_valid=2
[[AYKEN_PERF_MB_PATH]] name=fallback phase=exit ticks=27312489581 tick_valid=2
[[AYKEN_PERF_MB_REASON]] name=no_candidate ticks=27312822693 tick_valid=2
N12
MARK:PID=2
MARK:SW=U>U
MARK:IRET
P10_TEXT_ROOT_PROOF AC=000000000C6A3000 KC=000000000DE83000 TC=000000000C6A3000 RC=000000000C6A3000 RIP=0000000000400037 AP=0000000000400103 TP=000000000C69D027
P10_ROOT_FRAME_WITNESS phase=pre_dispatch root=000000000C6A3000 pte=0000000000000000 phys=000000000C6A3000 used=1 lo=000000000C69C027 hi=0000000000000000 hash=AB3F4A62FAEF25FC
P10_TEXT_FRAME_WITNESS phase=pre_dispatch root=000000000C6A3000 pte=000000000C69D027 phys=000000000C69D000 used=1 lo=4800700000C3C748 hi=8948C0FF4808438B hash=3B68EAFA86874C6F
WTX4 R=000000000C6A3000 V=0000000000400037 I=0000000000000000 TP=000000000C6A3000 EP=000000000C6A3000 E=000000000C69C027 CF=000000000C69C000 4P=1 4W=1 4U=1 4N=0 4G=0 4H=0 4A=1 4D=0 4R=0 4X=1 4L=0
WTX3 R=000000000C6A3000 V=0000000000400037 I=0000000000000000 TP=000000000C69C000 EP=000000000C69C000 E=000000000C69B027 CF=000000000C69B000 3P=1 3W=1 3U=1 3N=0 3G=0 3H=0 3A=1 3D=0 3R=0 3X=1 3L=0
WTX2 R=000000000C6A3000 V=0000000000400037 I=0000000000000002 TP=000000000C69B000 EP=000000000C69B000 E=000000000C69A027 CF=000000000C69A000 2P=1 2W=1 2U=1 2N=0 2G=0 2H=0 2A=1 2D=0 2R=0 2X=1 2L=0
WTX1 R=000000000C6A3000 V=0000000000400037 I=0000000000000000 TP=000000000C69A000 EP=000000000C69A000 E=000000000C69D027 CF=000000000C69D000 1P=1 1W=1 1U=1 1N=0 1G=0 1H=0 1A=1 1D=0 1R=0 1X=1 1L=1
WTXP V=0000000000400037 EQ=0 KE=0000000000400103 KF=0000000000400000 KP=1 KW=1 KU=0 KN=0 KG=1 KH=0 KA=0 KD=0 KR=0 KX=1 KL=1 TE=000000000C69D027 TF=000000000C69D000 TP=1 TW=1 TU=1 TN=0 TG=0 TH=0 TA=1 TD=0 TR=0 TX=1 TL=1
P10_RING3_ATTEMPT
P10_RFLAGS_IF_ON
P10_RING3_FRAME_PROOF FRSP=FFFFFFFF82005C38 RIP=0000000000400037 CS=0000000000000023 RF=0000000000000246 RSP=00000000007FFFB8 SS=000000000000001B BYTES=370040000000000023000000000000004602000000000000B8FF7F00000000001B00000000000000
P10_RING3_GATE_PROOF TR=0028 CTX0=FFFFFFFF82005C60 TSS0=FFFFFFFF82005C60 FCS=0000000000000023 FSS=000000000000001B IDTB=FFFFFFFF800E9FC0 IDTL=0000000000000FFF GPSEL=0008 GPIST=0000000000000000 GPTA=000000000000008F GPOFF=FFFFFFFF80016EF0 PFSEL=0008 PFIST=0000000000000000 PFTA=000000000000008F PFOFF=FFFFFFFF80016FA0
P10_RING3_COMMIT
P10_CR3_SWITCH
P10_RING3_ENTER
TrY[IRQ][SCH]
P12[[AYKEN_PERF_MB_EXTRACT_RAW]] epoch=3 candidate_pid=2 owner_last_epoch=3 ticks=27324247834 tick_valid=2
[[AYKEN_PERF_MB_EXTRACT_REASON]] name=epoch_stale ticks=27324690562 tick_valid=2
[[AYKEN_PERF_MB_PATH]] name=fallback phase=enter ticks=27325085814 tick_valid=2
[[AYKEN_PERF_MB_PATH]] name=fallback phase=exit ticks=27325423372 tick_valid=2
[[AYKEN_PERF_MB_REASON]] name=no_candidate ticks=27325827880 tick_valid=2
N12
MARK:PID=2
MARK:SW=U>U
MARK:IRET
P10_TEXT_ROOT_PROOF AC=000000000C6A3000 KC=000000000DE83000 TC=000000000C6A3000 RC=000000000C6A3000 RIP=0000000000400037 AP=0000000000400103 TP=000000000C69D027
P10_ROOT_FRAME_WITNESS phase=pre_dispatch root=000000000C6A3000 pte=0000000000000000 phys=000000000C6A3000 used=1 lo=000000000C69C027 hi=0000000000000000 hash=AB3F4A62FAEF25FC
P10_TEXT_FRAME_WITNESS phase=pre_dispatch root=000000000C6A3000 pte=000000000C69D027 phys=000000000C69D000 used=1 lo=4800700000C3C748 hi=8948C0FF4808438B hash=3B68EAFA86874C6F
WTX4 R=000000000C6A3000 V=0000000000400037 I=0000000000000000 TP=000000000C6A3000 EP=000000000C6A3000 E=000000000C69C027 CF=000000000C69C000 4P=1 4W=1 4U=1 4N=0 4G=0 4H=0 4A=1 4D=0 4R=0 4X=1 4L=0
WTX3 R=000000000C6A3000 V=0000000000400037 I=0000000000000000 TP=000000000C69C000 EP=000000000C69C000 E=000000000C69B027 CF=000000000C69B000 3P=1 3W=1 3U=1 3N=0 3G=0 3H=0 3A=1 3D=0 3R=0 3X=1 3L=0
WTX2 R=000000000C6A3000 V=0000000000400037 I=0000000000000002 TP=000000000C69B000 EP=000000000C69B000 E=000000000C69A027 CF=000000000C69A000 2P=1 2W=1 2U=1 2N=0 2G=0 2H=0 2A=1 2D=0 2R=0 2X=1 2L=0
WTX1 R=000000000C6A3000 V=0000000000400037 I=0000000000000000 TP=000000000C69A000 EP=000000000C69A000 E=000000000C69D027 CF=000000000C69D000 1P=1 1W=1 1U=1 1N=0 1G=0 1H=0 1A=1 1D=0 1R=0 1X=1 1L=1
WTXP V=0000000000400037 EQ=0 KE=0000000000400103 KF=0000000000400000 KP=1 KW=1 KU=0 KN=0 KG=1 KH=0 KA=0 KD=0 KR=0 KX=1 KL=1 TE=000000000C69D027 TF=000000000C69D000 TP=1 TW=1 TU=1 TN=0 TG=0 TH=0 TA=1 TD=0 TR=0 TX=1 TL=1
P10_RING3_ATTEMPT
P10_RFLAGS_IF_ON
P10_RING3_FRAME_PROOF FRSP=FFFFFFFF82005C38 RIP=0000000000400037 CS=0000000000000023 RF=0000000000000246 RSP=00000000007FFFB8 SS=000000000000001B BYTES=370040000000000023000000000000004602000000000000B8FF7F00000000001B00000000000000
P10_RING3_GATE_PROOF TR=0028 CTX0=FFFFFFFF82005C60 TSS0=FFFFFFFF82005C60 FCS=0000000000000023 FSS=000000000000001B IDTB=FFFFFFFF800E9FC0 IDTL=0000000000000FFF GPSEL=0008 GPIST=0000000000000000 GPTA=000000000000008F GPOFF=FFFFFFFF80016EF0 PFSEL=0008 PFIST=0000000000000000 PFTA=000000000000008F PFOFF=FFFFFFFF80016FA0
P10_RING3_COMMIT
P10_CR3_SWITCH
P10_RING3_ENTER
rY[IRQ][SCH]
P12[[AYKEN_PERF_MB_EXTRACT_RAW]] epoch=3 candidate_pid=2 owner_last_epoch=3 ticks=27337482380 tick_valid=2
[[AYKEN_PERF_MB_EXTRACT_REASON]] name=epoch_stale ticks=27338007372 tick_valid=2
[[AYKEN_PERF_MB_PATH]] name=fallback phase=enter ticks=27338376156 tick_valid=2
[[AYKEN_PERF_MB_PATH]] name=fallback phase=exit ticks=27338843844 tick_valid=2
[[AYKEN_PERF_MB_REASON]] name=no_candidate ticks=27339197314 tick_valid=2
N12
MARK:PID=2
MARK:SW=U>U
MARK:IRET
P10_TEXT_ROOT_PROOF AC=000000000C6A3000 KC=000000000DE83000 TC=000000000C6A3000 RC=000000000C6A3000 RIP=0000000000400037 AP=0000000000400103 TP=000000000C69D027
P10_ROOT_FRAME_WITNESS phase=pre_dispatch root=000000000C6A3000 pte=0000000000000000 phys=000000000C6A3000 used=1 lo=000000000C69C027 hi=0000000000000000 hash=AB3F4A62FAEF25FC
P10_TEXT_FRAME_WITNESS phase=pre_dispatch root=000000000C6A3000 pte=000000000C69D027 phys=000000000C69D000 used=1 lo=4800700000C3C748 hi=8948C0FF4808438B hash=3B68EAFA86874C6F
WTX4 R=000000000C6A3000 V=0000000000400037 I=0000000000000000 TP=000000000C6A3000 EP=000000000C6A3000 E=000000000C69C027 CF=000000000C69C000 4P=1 4W=1 4U=1 4N=0 4G=0 4H=0 4A=1 4D=0 4R=0 4X=1 4L=0
WTX3 R=000000000C6A3000 V=0000000000400037 I=0000000000000000 TP=000000000C69C000 EP=000000000C69C000 E=000000000C69B027 CF=000000000C69B000 3P=1 3W=1 3U=1 3N=0 3G=0 3H=0 3A=1 3D=0 3R=0 3X=1 3L=0
WTX2 R=000000000C6A3000 V=0000000000400037 I=0000000000000002 TP=000000000C69B000 EP=000000000C69B000 E=000000000C69A027 CF=000000000C69A000 2P=1 2W=1 2U=1 2N=0 2G=0 2H=0 2A=1 2D=0 2R=0 2X=1 2L=0
WTX1 R=000000000C6A3000 V=0000000000400037 I=0000000000000000 TP=000000000C69A000 EP=000000000C69A000 E=000000000C69D027 CF=000000000C69D000 1P=1 1W=1 1U=1 1N=0 1G=0 1H=0 1A=1 1D=0 1R=0 1X=1 1L=1
WTXP V=0000000000400037 EQ=0 KE=0000000000400103 KF=0000000000400000 KP=1 KW=1 KU=0 KN=0 KG=1 KH=0 KA=0 KD=0 KR=0 KX=1 KL=1 TE=000000000C69D027 TF=000000000C69D000 TP=1 TW=1 TU=1 TN=0 TG=0 TH=0 TA=1 TD=0 TR=0 TX=1 TL=1
P10_RING3_ATTEMPT
P10_RFLAGS_IF_ON
P10_RING3_FRAME_PROOF FRSP=FFFFFFFF82005C38 RIP=0000000000400037 CS=0000000000000023 RF=0000000000000246 RSP=00000000007FFFB8 SS=000000000000001B BYTES=370040000000000023000000000000004602000000000000B8FF7F00000000001B00000000000000
P10_RING3_GATE_PROOF TR=0028 CTX0=FFFFFFFF82005C60 TSS0=FFFFFFFF82005C60 FCS=0000000000000023 FSS=000000000000001B IDTB=FFFFFFFF800E9FC0 IDTL=0000000000000FFF GPSEL=0008 GPIST=0000000000000000 GPTA=000000000000008F GPOFF=FFFFFFFF80016EF0 PFSEL=0008 PFIST=0000000000000000 PFTA=000000000000008F PFOFF=FFFFFFFF80016FA0
P10_RING3_COMMIT
P10_CR3_SWITCH
P10_RING3_ENTER
TrY[IRQ][SCH]
P12[[AYKEN_PERF_MB_EXTRACT_RAW]] epoch=3 candidate_pid=2 owner_last_epoch=3 ticks=27350422164 tick_valid=2
[[AYKEN_PERF_MB_EXTRACT_REASON]] name=epoch_stale ticks=27350916398 tick_valid=2
[[AYKEN_PERF_MB_PATH]] name=fallback phase=enter ticks=27351257804 tick_valid=2
[[AYKEN_PERF_MB_PATH]] name=fallback phase=exit ticks=27351636884 tick_valid=2
[[AYKEN_PERF_MB_REASON]] name=no_candidate ticks=27351964666 tick_valid=2
N12
MARK:PID=2
MARK:SW=U>U
MARK:IRET
P10_TEXT_ROOT_PROOF AC=000000000C6A3000 KC=000000000DE83000 TC=000000000C6A3000 RC=000000000C6A3000 RIP=0000000000400037 AP=0000000000400103 TP=000000000C69D027
P10_ROOT_FRAME_WITNESS phase=pre_dispatch root=000000000C6A3000 pte=0000000000000000 phys=000000000C6A3000 used=1 lo=000000000C69C027 hi=0000000000000000 hash=AB3F4A62FAEF25FC
P10_TEXT_FRAME_WITNESS phase=pre_dispatch root=000000000C6A3000 pte=000000000C69D027 phys=000000000C69D000 used=1 lo=4800700000C3C748 hi=8948C0FF4808438B hash=3B68EAFA86874C6F
WTX4 R=000000000C6A3000 V=0000000000400037 I=0000000000000000 TP=000000000C6A3000 EP=000000000C6A3000 E=000000000C69C027 CF=000000000C69C000 4P=1 4W=1 4U=1 4N=0 4G=0 4H=0 4A=1 4D=0 4R=0 4X=1 4L=0
WTX3 R=000000000C6A3000 V=0000000000400037 I=0000000000000000 TP=000000000C69C000 EP=000000000C69C000 E=000000000C69B027 CF=000000000C69B000 3P=1 3W=1 3U=1 3N=0 3G=0 3H=0 3A=1 3D=0 3R=0 3X=1 3L=0
WTX2 R=000000000C6A3000 V=0000000000400037 I=0000000000000002 TP=000000000C69B000 EP=000000000C69B000 E=000000000C69A027 CF=000000000C69A000 2P=1 2W=1 2U=1 2N=0 2G=0 2H=0 2A=1 2D=0 2R=0 2X=1 2L=0
WTX1 R=000000000C6A3000 V=0000000000400037 I=0000000000000000 TP=000000000C69A000 EP=000000000C69A000 E=000000000C69D027 CF=000000000C69D000 1P=1 1W=1 1U=1 1N=0 1G=0 1H=0 1A=1 1D=0 1R=0 1X=1 1L=1
WTXP V=0000000000400037 EQ=0 KE=0000000000400103 KF=0000000000400000 KP=1 KW=1 KU=0 KN=0 KG=1 KH=0 KA=0 KD=0 KR=0 KX=1 KL=1 TE=000000000C69D027 TF=000000000C69D000 TP=1 TW=1 TU=1 TN=0 TG=0 TH=0 TA=1 TD=0 TR=0 TX=1 TL=1
P10_RING3_ATTEMPT
P10_RFLAGS_IF_ON
P10_RING3_FRAME_PROOF FRSP=FFFFFFFF82005C38 RIP=0000000000400037 CS=0000000000000023 RF=0000000000000246 RSP=00000000007FFFB8 SS=000000000000001B BYTES=370040000000000023000000000000004602000000000000B8FF7F00000000001B00000000000000
P10_RING3_GATE_PROOF TR=0028 CTX0=FFFFFFFF82005C60 TSS0=FFFFFFFF82005C60 FCS=0000000000000023 FSS=000000000000001B IDTB=FFFFFFFF800E9FC0 IDTL=0000000000000FFF GPSEL=0008 GPIST=0000000000000000 GPTA=000000000000008F GPOFF=FFFFFFFF80016EF0 PFSEL=0008 PFIST=0000000000000000 PFTA=000000000000008F PFOFF=FFFFFFFF80016FA0
P10_RING3_COMMIT
P10_CR3_SWITCH
P10_RING3_ENTER
rY[IRQ][SCH]
P12[[AYKEN_PERF_MB_EXTRACT_RAW]] epoch=3 candidate_pid=2 owner_last_epoch=3 ticks=27363082968 tick_valid=2
[[AYKEN_PERF_MB_EXTRACT_REASON]] name=epoch_stale ticks=27363524162 tick_valid=2
[[AYKEN_PERF_MB_PATH]] name=fallback phase=enter ticks=27363924354 tick_valid=2
[[AYKEN_PERF_MB_PATH]] name=fallback phase=exit ticks=27364263420 tick_valid=2
[[AYKEN_PERF_MB_REASON]] name=no_candidate ticks=27364627888 tick_valid=2
N12
MARK:PID=2
MARK:SW=U>U
MARK:IRET
P10_TEXT_ROOT_PROOF AC=000000000C6A3000 KC=000000000DE83000 TC=000000000C6A3000 RC=000000000C6A3000 RIP=0000000000400037 AP=0000000000400103 TP=000000000C69D027
P10_ROOT_FRAME_WITNESS phase=pre_dispatch root=000000000C6A3000 pte=0000000000000000 phys=000000000C6A3000 used=1 lo=000000000C69C027 hi=0000000000000000 hash=AB3F4A62FAEF25FC
P10_TEXT_FRAME_WITNESS phase=pre_dispatch root=000000000C6A3000 pte=000000000C69D027 phys=000000000C69D000 used=1 lo=4800700000C3C748 hi=8948C0FF4808438B hash=3B68EAFA86874C6F
WTX4 R=000000000C6A3000 V=0000000000400037 I=0000000000000000 TP=000000000C6A3000 EP=000000000C6A3000 E=000000000C69C027 CF=000000000C69C000 4P=1 4W=1 4U=1 4N=0 4G=0 4H=0 4A=1 4D=0 4R=0 4X=1 4L=0
WTX3 R=000000000C6A3000 V=0000000000400037 I=0000000000000000 TP=000000000C69C000 EP=000000000C69C000 E=000000000C69B027 CF=000000000C69B000 3P=1 3W=1 3U=1 3N=0 3G=0 3H=0 3A=1 3D=0 3R=0 3X=1 3L=0
WTX2 R=000000000C6A3000 V=0000000000400037 I=0000000000000002 TP=000000000C69B000 EP=000000000C69B000 E=000000000C69A027 CF=000000000C69A000 2P=1 2W=1 2U=1 2N=0 2G=0 2H=0 2A=1 2D=0 2R=0 2X=1 2L=0
WTX1 R=000000000C6A3000 V=0000000000400037 I=0000000000000000 TP=000000000C69A000 EP=000000000C69A000 E=000000000C69D027 CF=000000000C69D000 1P=1 1W=1 1U=1 1N=0 1G=0 1H=0 1A=1 1D=0 1R=0 1X=1 1L=1
WTXP V=0000000000400037 EQ=0 KE=0000000000400103 KF=0000000000400000 KP=1 KW=1 KU=0 KN=0 KG=1 KH=0 KA=0 KD=0 KR=0 KX=1 KL=1 TE=000000000C69D027 TF=000000000C69D000 TP=1 TW=1 TU=1 TN=0 TG=0 TH=0 TA=1 TD=0 TR=0 TX=1 TL=1
P10_RING3_ATTEMPT
P10_RFLAGS_IF_ON
P10_RING3_FRAME_PROOF FRSP=FFFFFFFF82005C38 RIP=0000000000400037 CS=0000000000000023 RF=0000000000000246 RSP=00000000007FFFB8 SS=000000000000001B BYTES=370040000000000023000000000000004602000000000000B8FF7F00000000001B00000000000000
P10_RING3_GATE_PROOF TR=0028 CTX0=FFFFFFFF82005C60 TSS0=FFFFFFFF82005C60 FCS=0000000000000023 FSS=000000000000001B IDTB=FFFFFFFF800E9FC0 IDTL=0000000000000FFF GPSEL=0008 GPIST=0000000000000000 GPTA=000000000000008F GPOFF=FFFFFFFF80016EF0 PFSEL=0008 PFIST=0000000000000000 PFTA=000000000000008F PFOFF=FFFFFFFF80016FA0
P10_RING3_COMMIT
P10_CR3_SWITCH
P10_RING3_ENTER
TrY[IRQ][SCH]
P12[[AYKEN_PERF_MB_EXTRACT_RAW]] epoch=3 candidate_pid=2 owner_last_epoch=3 ticks=27375568142 tick_valid=2
[[AYKEN_PERF_MB_EXTRACT_REASON]] name=epoch_stale ticks=27376013080 tick_valid=2
[[AYKEN_PERF_MB_PATH]] name=fallback phase=enter ticks=27376396840 tick_valid=2
[[AYKEN_PERF_MB_PATH]] name=fallback phase=exit ticks=27376735490 tick_valid=2
[[AYKEN_PERF_MB_REASON]] name=no_candidate ticks=27377172524 tick_valid=2
N12
MARK:PID=2
MARK:SW=U>U
MARK:IRET
P10_TEXT_ROOT_PROOF AC=000000000C6A3000 KC=000000000DE83000 TC=000000000C6A3000 RC=000000000C6A3000 RIP=0000000000400037 AP=0000000000400103 TP=000000000C69D027
P10_ROOT_FRAME_WITNESS phase=pre_dispatch root=000000000C6A3000 pte=0000000000000000 phys=000000000C6A3000 used=1 lo=000000000C69C027 hi=0000000000000000 hash=AB3F4A62FAEF25FC
P10_TEXT_FRAME_WITNESS phase=pre_dispatch root=000000000C6A3000 pte=000000000C69D027 phys=000000000C69D000 used=1 lo=4800700000C3C748 hi=8948C0FF4808438B hash=3B68EAFA86874C6F
WTX4 R=000000000C6A3000 V=0000000000400037 I=0000000000000000 TP=000000000C6A3000 EP=000000000C6A3000 E=000000000C69C027 CF=000000000C69C000 4P=1 4W=1 4U=1 4N=0 4G=0 4H=0 4A=1 4D=0 4R=0 4X=1 4L=0
WTX3 R=000000000C6A3000 V=0000000000400037 I=0000000000000000 TP=000000000C69C000 EP=000000000C69C000 E=000000000C69B027 CF=000000000C69B000 3P=1 3W=1 3U=1 3N=0 3G=0 3H=0 3A=1 3D=0 3R=0 3X=1 3L=0
WTX2 R=000000000C6A3000 V=0000000000400037 I=0000000000000002 TP=000000000C69B000 EP=000000000C69B000 E=000000000C69A027 CF=000000000C69A000 2P=1 2W=1 2U=1 2N=0 2G=0 2H=0 2A=1 2D=0 2R=0 2X=1 2L=0
WTX1 R=000000000C6A3000 V=0000000000400037 I=0000000000000000 TP=000000000C69A000 EP=000000000C69A000 E=000000000C69D027 CF=000000000C69D000 1P=1 1W=1 1U=1 1N=0 1G=0 1H=0 1A=1 1D=0 1R=0 1X=1 1L=1
WTXP V=0000000000400037 EQ=0 KE=0000000000400103 KF=0000000000400000 KP=1 KW=1 KU=0 KN=0 KG=1 KH=0 KA=0 KD=0 KR=0 KX=1 KL=1 TE=000000000C69D027 TF=000000000C69D000 TP=1 TW=1 TU=1 TN=0 TG=0 TH=0 TA=1 TD=0 TR=0 TX=1 TL=1
P10_RING3_ATTEMPT
P10_RFLAGS_IF_ON
P10_RING3_FRAME_PROOF FRSP=FFFFFFFF82005C38 RIP=0000000000400037 CS=0000000000000023 RF=0000000000000246 RSP=00000000007FFFB8 SS=000000000000001B BYTES=370040000000000023000000000000004602000000000000B8FF7F00000000001B00000000000000
P10_RING3_GATE_PROOF TR=0028 CTX0=FFFFFFFF82005C60 TSS0=FFFFFFFF82005C60 FCS=0000000000000023 FSS=000000000000001B IDTB=FFFFFFFF800E9FC0 IDTL=0000000000000FFF GPSEL=0008 GPIST=0000000000000000 GPTA=000000000000008F GPOFF=FFFFFFFF80016EF0 PFSEL=0008 PFIST=0000000000000000 PFTA=000000000000008F PFOFF=FFFFFFFF80016FA0
P10_RING3_COMMIT
P10_CR3_SWITCH
P10_RING3_ENTER
rY[IRQ][SCH]
P12[[AYKEN_PERF_MB_EXTRACT_RAW]] epoch=3 candidate_pid=2 owner_last_epoch=3 ticks=27388563306 tick_valid=2
[[AYKEN_PERF_MB_EXTRACT_REASON]] name=epoch_stale ticks=27389009570 tick_valid=2
[[AYKEN_PERF_MB_PATH]] name=fallback phase=enter ticks=27389467300 tick_valid=2
[[AYKEN_PERF_MB_PATH]] name=fallback phase=exit ticks=27389963120 tick_valid=2
[[AYKEN_PERF_MB_REASON]] name=no_candidate ticks=27390294724 tick_valid=2
N12
MARK:PID=2
MARK:SW=U>U
MARK:IRET
P10_TEXT_ROOT_PROOF AC=000000000C6A3000 KC=000000000DE83000 TC=000000000C6A3000 RC=000000000C6A3000 RIP=0000000000400037 AP=0000000000400103 TP=000000000C69D027
P10_ROOT_FRAME_WITNESS phase=pre_dispatch root=000000000C6A3000 pte=0000000000000000 phys=000000000C6A3000 used=1 lo=000000000C69C027 hi=0000000000000000 hash=AB3F4A62FAEF25FC
P10_TEXT_FRAME_WITNESS phase=pre_dispatch root=000000000C6A3000 pte=000000000C69D027 phys=000000000C69D000 used=1 lo=4800700000C3C748 hi=8948C0FF4808438B hash=3B68EAFA86874C6F
WTX4 R=000000000C6A3000 V=0000000000400037 I=0000000000000000 TP=000000000C6A3000 EP=000000000C6A3000 E=000000000C69C027 CF=000000000C69C000 4P=1 4W=1 4U=1 4N=0 4G=0 4H=0 4A=1 4D=0 4R=0 4X=1 4L=0
WTX3 R=000000000C6A3000 V=0000000000400037 I=0000000000000000 TP=000000000C69C000 EP=000000000C69C000 E=000000000C69B027 CF=000000000C69B000 3P=1 3W=1 3U=1 3N=0 3G=0 3H=0 3A=1 3D=0 3R=0 3X=1 3L=0
WTX2 R=000000000C6A3000 V=0000000000400037 I=0000000000000002 TP=000000000C69B000 EP=000000000C69B000 E=000000000C69A027 CF=000000000C69A000 2P=1 2W=1 2U=1 2N=0 2G=0 2H=0 2A=1 2D=0 2R=0 2X=1 2L=0
WTX1 R=000000000C6A3000 V=0000000000400037 I=0000000000000000 TP=000000000C69A000 EP=000000000C69A000 E=000000000C69D027 CF=000000000C69D000 1P=1 1W=1 1U=1 1N=0 1G=0 1H=0 1A=1 1D=0 1R=0 1X=1 1L=1
WTXP V=0000000000400037 EQ=0 KE=0000000000400103 KF=0000000000400000 KP=1 KW=1 KU=0 KN=0 KG=1 KH=0 KA=0 KD=0 KR=0 KX=1 KL=1 TE=000000000C69D027 TF=000000000C69D000 TP=1 TW=1 TU=1 TN=0 TG=0 TH=0 TA=1 TD=0 TR=0 TX=1 TL=1
P10_RING3_ATTEMPT
P10_RFLAGS_IF_ON
P10_RING3_FRAME_PROOF FRSP=FFFFFFFF82005C38 RIP=0000000000400037 CS=0000000000000023 RF=0000000000000246 RSP=00000000007FFFB8 SS=000000000000001B BYTES=370040000000000023000000000000004602000000000000B8FF7F00000000001B00000000000000
P10_RING3_GATE_PROOF TR=0028 CTX0=FFFFFFFF82005C60 TSS0=FFFFFFFF82005C60 FCS=0000000000000023 FSS=000000000000001B IDTB=FFFFFFFF800E9FC0 IDTL=0000000000000FFF GPSEL=0008 GPIST=0000000000000000 GPTA=000000000000008F GPOFF=FFFFFFFF80016EF0 PFSEL=0008 PFIST=0000000000000000 PFTA=000000000000008F PFOFF=FFFFFFFF80016FA0
P10_RING3_COMMIT
P10_CR3_SWITCH
P10_RING3_ENTER
TrY[IRQ][SCH]
P12[[AYKEN_PERF_MB_EXTRACT_RAW]] epoch=3 candidate_pid=2 owner_last_epoch=3 ticks=27401498176 tick_valid=2
[[AYKEN_PERF_MB_EXTRACT_REASON]] name=epoch_stale ticks=27401940098 tick_valid=2
[[AYKEN_PERF_MB_PATH]] name=fallback phase=enter ticks=27402379628 tick_valid=2
[[AYKEN_PERF_MB_PATH]] name=fallback phase=exit ticks=27402793678 tick_valid=2
[[AYKEN_PERF_MB_REASON]] name=no_candidate ticks=27403127154 tick_valid=2
N12
MARK:PID=2
MARK:SW=U>U
MARK:IRET
P10_TEXT_ROOT_PROOF AC=000000000C6A3000 KC=000000000DE83000 TC=000000000C6A3000 RC=000000000C6A3000 RIP=0000000000400037 AP=0000000000400103 TP=000000000C69D027
P10_ROOT_FRAME_WITNESS phase=pre_dispatch root=000000000C6A3000 pte=0000000000000000 phys=000000000C6A3000 used=1 lo=000000000C69C027 hi=0000000000000000 hash=AB3F4A62FAEF25FC
P10_TEXT_FRAME_WITNESS phase=pre_dispatch root=000000000C6A3000 pte=000000000C69D027 phys=000000000C69D000 used=1 lo=4800700000C3C748 hi=8948C0FF4808438B hash=3B68EAFA86874C6F
WTX4 R=000000000C6A3000 V=0000000000400037 I=0000000000000000 TP=000000000C6A3000 EP=000000000C6A3000 E=000000000C69C027 CF=000000000C69C000 4P=1 4W=1 4U=1 4N=0 4G=0 4H=0 4A=1 4D=0 4R=0 4X=1 4L=0
WTX3 R=000000000C6A3000 V=0000000000400037 I=0000000000000000 TP=000000000C69C000 EP=000000000C69C000 E=000000000C69B027 CF=000000000C69B000 3P=1 3W=1 3U=1 3N=0 3G=0 3H=0 3A=1 3D=0 3R=0 3X=1 3L=0
WTX2 R=000000000C6A3000 V=0000000000400037 I=0000000000000002 TP=000000000C69B000 EP=000000000C69B000 E=000000000C69A027 CF=000000000C69A000 2P=1 2W=1 2U=1 2N=0 2G=0 2H=0 2A=1 2D=0 2R=0 2X=1 2L=0
WTX1 R=000000000C6A3000 V=0000000000400037 I=0000000000000000 TP=000000000C69A000 EP=000000000C69A000 E=000000000C69D027 CF=000000000C69D000 1P=1 1W=1 1U=1 1N=0 1G=0 1H=0 1A=1 1D=0 1R=0 1X=1 1L=1
WTXP V=0000000000400037 EQ=0 KE=0000000000400103 KF=0000000000400000 KP=1 KW=1 KU=0 KN=0 KG=1 KH=0 KA=0 KD=0 KR=0 KX=1 KL=1 TE=000000000C69D027 TF=000000000C69D000 TP=1 TW=1 TU=1 TN=0 TG=0 TH=0 TA=1 TD=0 TR=0 TX=1 TL=1
P10_RING3_ATTEMPT
P10_RFLAGS_IF_ON
P10_RING3_FRAME_PROOF FRSP=FFFFFFFF82005C38 RIP=0000000000400037 CS=0000000000000023 RF=0000000000000246 RSP=00000000007FFFB8 SS=000000000000001B BYTES=370040000000000023000000000000004602000000000000B8FF7F00000000001B00000000000000
P10_RING3_GATE_PROOF TR=0028 CTX0=FFFFFFFF82005C60 TSS0=FFFFFFFF82005C60 FCS=0000000000000023 FSS=000000000000001B IDTB=FFFFFFFF800E9FC0 IDTL=0000000000000FFF GPSEL=0008 GPIST=0000000000000000 GPTA=000000000000008F GPOFF=FFFFFFFF80016EF0 PFSEL=0008 PFIST=0000000000000000 PFTA=000000000000008F PFOFF=FFFFFFFF80016FA0
P10_RING3_COMMIT
P10_CR3_SWITCH
P10_RING3_ENTER
rY[IRQ][SCH]
P12[[AYKEN_PERF_MB_EXTRACT_RAW]] epoch=3 candidate_pid=2 owner_last_epoch=3 ticks=27414079264 tick_valid=2
[[AYKEN_PERF_MB_EXTRACT_REASON]] name=epoch_stale ticks=27414522148 tick_valid=2
[[AYKEN_PERF_MB_PATH]] name=fallback phase=enter ticks=27414863424 tick_valid=2
[[AYKEN_PERF_MB_PATH]] name=fallback phase=exit ticks=27415249134 tick_valid=2
[[AYKEN_PERF_MB_REASON]] name=no_candidate ticks=27415578736 tick_valid=2
N12
MARK:PID=2
MARK:SW=U>U
MARK:IRET
P10_TEXT_ROOT_PROOF AC=000000000C6A3000 KC=000000000DE83000 TC=000000000C6A3000 RC=000000000C6A3000 RIP=0000000000400037 AP=0000000000400103 TP=000000000C69D027
P10_ROOT_FRAME_WITNESS phase=pre_dispatch root=000000000C6A3000 pte=0000000000000000 phys=000000000C6A3000 used=1 lo=000000000C69C027 hi=0000000000000000 hash=AB3F4A62FAEF25FC
P10_TEXT_FRAME_WITNESS phase=pre_dispatch root=000000000C6A3000 pte=000000000C69D027 phys=000000000C69D000 used=1 lo=4800700000C3C748 hi=8948C0FF4808438B hash=3B68EAFA86874C6F
WTX4 R=000000000C6A3000 V=0000000000400037 I=0000000000000000 TP=000000000C6A3000 EP=000000000C6A3000 E=000000000C69C027 CF=000000000C69C000 4P=1 4W=1 4U=1 4N=0 4G=0 4H=0 4A=1 4D=0 4R=0 4X=1 4L=0
WTX3 R=000000000C6A3000 V=0000000000400037 I=0000000000000000 TP=000000000C69C000 EP=000000000C69C000 E=000000000C69B027 CF=000000000C69B000 3P=1 3W=1 3U=1 3N=0 3G=0 3H=0 3A=1 3D=0 3R=0 3X=1 3L=0
WTX2 R=000000000C6A3000 V=0000000000400037 I=0000000000000002 TP=000000000C69B000 EP=000000000C69B000 E=000000000C69A027 CF=000000000C69A000 2P=1 2W=1 2U=1 2N=0 2G=0 2H=0 2A=1 2D=0 2R=0 2X=1 2L=0
WTX1 R=000000000C6A3000 V=0000000000400037 I=0000000000000000 TP=000000000C69A000 EP=000000000C69A000 E=000000000C69D027 CF=000000000C69D000 1P=1 1W=1 1U=1 1N=0 1G=0 1H=0 1A=1 1D=0 1R=0 1X=1 1L=1
WTXP V=0000000000400037 EQ=0 KE=0000000000400103 KF=0000000000400000 KP=1 KW=1 KU=0 KN=0 KG=1 KH=0 KA=0 KD=0 KR=0 KX=1 KL=1 TE=000000000C69D027 TF=000000000C69D000 TP=1 TW=1 TU=1 TN=0 TG=0 TH=0 TA=1 TD=0 TR=0 TX=1 TL=1
P10_RING3_ATTEMPT
P10_RFLAGS_IF_ON
P10_RING3_FRAME_PROOF FRSP=FFFFFFFF82005C38 RIP=0000000000400037 CS=0000000000000023 RF=0000000000000246 RSP=00000000007FFFB8 SS=000000000000001B BYTES=370040000000000023000000000000004602000000000000B8FF7F00000000001B00000000000000
P10_RING3_GATE_PROOF TR=0028 CTX0=FFFFFFFF82005C60 TSS0=FFFFFFFF82005C60 FCS=0000000000000023 FSS=000000000000001B IDTB=FFFFFFFF800E9FC0 IDTL=0000000000000FFF GPSEL=0008 GPIST=0000000000000000 GPTA=000000000000008F GPOFF=FFFFFFFF80016EF0 PFSEL=0008 PFIST=0000000000000000 PFTA=000000000000008F PFOFF=FFFFFFFF80016FA0
P10_RING3_COMMIT
P10_CR3_SWITCH
P10_RING3_ENTER
TrY[IRQ][SCH]
P12[[AYKEN_PERF_MB_EXTRACT_RAW]] epoch=3 candidate_pid=2 owner_last_epoch=3 ticks=27426618154 tick_valid=2
[[AYKEN_PERF_MB_EXTRACT_REASON]] name=epoch_stale ticks=27427115612 tick_valid=2
[[AYKEN_PERF_MB_PATH]] name=fallback phase=enter ticks=27427457824 tick_valid=2
[[AYKEN_PERF_MB_PATH]] name=fallback phase=exit ticks=27427796760 tick_valid=2
[[AYKEN_PERF_MB_REASON]] name=no_candidate ticks=27428189204 tick_valid=2
N12
MARK:PID=2
MARK:SW=U>U
MARK:IRET
P10_TEXT_ROOT_PROOF AC=000000000C6A3000 KC=000000000DE83000 TC=000000000C6A3000 RC=000000000C6A3000 RIP=0000000000400037 AP=0000000000400103 TP=000000000C69D027
P10_ROOT_FRAME_WITNESS phase=pre_dispatch root=000000000C6A3000 pte=0000000000000000 phys=000000000C6A3000 used=1 lo=000000000C69C027 hi=0000000000000000 hash=AB3F4A62FAEF25FC
P10_TEXT_FRAME_WITNESS phase=pre_dispatch root=000000000C6A3000 pte=000000000C69D027 phys=000000000C69D000 used=1 lo=4800700000C3C748 hi=8948C0FF4808438B hash=3B68EAFA86874C6F
WTX4 R=000000000C6A3000 V=0000000000400037 I=0000000000000000 TP=000000000C6A3000 EP=000000000C6A3000 E=000000000C69C027 CF=000000000C69C000 4P=1 4W=1 4U=1 4N=0 4G=0 4H=0 4A=1 4D=0 4R=0 4X=1 4L=0
WTX3 R=000000000C6A3000 V=0000000000400037 I=0000000000000000 TP=000000000C69C000 EP=000000000C69C000 E=000000000C69B027 CF=000000000C69B000 3P=1 3W=1 3U=1 3N=0 3G=0 3H=0 3A=1 3D=0 3R=0 3X=1 3L=0
WTX2 R=000000000C6A3000 V=0000000000400037 I=0000000000000002 TP=000000000C69B000 EP=000000000C69B000 E=000000000C69A027 CF=000000000C69A000 2P=1 2W=1 2U=1 2N=0 2G=0 2H=0 2A=1 2D=0 2R=0 2X=1 2L=0
WTX1 R=000000000C6A3000 V=0000000000400037 I=0000000000000000 TP=000000000C69A000 EP=000000000C69A000 E=000000000C69D027 CF=000000000C69D000 1P=1 1W=1 1U=1 1N=0 1G=0 1H=0 1A=1 1D=0 1R=0 1X=1 1L=1
WTXP V=0000000000400037 EQ=0 KE=0000000000400103 KF=0000000000400000 KP=1 KW=1 KU=0 KN=0 KG=1 KH=0 KA=0 KD=0 KR=0 KX=1 KL=1 TE=000000000C69D027 TF=000000000C69D000 TP=1 TW=1 TU=1 TN=0 TG=0 TH=0 TA=1 TD=0 TR=0 TX=1 TL=1
P10_RING3_ATTEMPT
P10_RFLAGS_IF_ON
P10_RING3_FRAME_PROOF FRSP=FFFFFFFF82005C38 RIP=0000000000400037 CS=0000000000000023 RF=0000000000000246 RSP=00000000007FFFB8 SS=000000000000001B BYTES=370040000000000023000000000000004602000000000000B8FF7F00000000001B00000000000000
P10_RING3_GATE_PROOF TR=0028 CTX0=FFFFFFFF82005C60 TSS0=FFFFFFFF82005C60 FCS=0000000000000023 FSS=000000000000001B IDTB=FFFFFFFF800E9FC0 IDTL=0000000000000FFF GPSEL=0008 GPIST=0000000000000000 GPTA=000000000000008F GPOFF=FFFFFFFF80016EF0 PFSEL=0008 PFIST=0000000000000000 PFTA=000000000000008F PFOFF=FFFFFFFF80016FA0
P10_RING3_COMMIT
P10_CR3_SWITCH
P10_RING3_ENTER
rY[IRQ][SCH]
P12[[AYKEN_PERF_MB_EXTRACT_RAW]] epoch=3 candidate_pid=2 owner_last_epoch=3 ticks=27439359714 tick_valid=2
[[AYKEN_PERF_MB_EXTRACT_REASON]] name=epoch_stale ticks=27439897264 tick_valid=2
[[AYKEN_PERF_MB_PATH]] name=fallback phase=enter ticks=27440237812 tick_valid=2
[[AYKEN_PERF_MB_PATH]] name=fallback phase=exit ticks=27440576202 tick_valid=2
[[AYKEN_PERF_MB_REASON]] name=no_candidate ticks=27440904712 tick_valid=2
N12
MARK:PID=2
MARK:SW=U>U
MARK:IRET
P10_TEXT_ROOT_PROOF AC=000000000C6A3000 KC=000000000DE83000 TC=000000000C6A3000 RC=000000000C6A3000 RIP=0000000000400037 AP=0000000000400103 TP=000000000C69D027
P10_ROOT_FRAME_WITNESS phase=pre_dispatch root=000000000C6A3000 pte=0000000000000000 phys=000000000C6A3000 used=1 lo=000000000C69C027 hi=0000000000000000 hash=AB3F4A62FAEF25FC
P10_TEXT_FRAME_WITNESS phase=pre_dispatch root=000000000C6A3000 pte=000000000C69D027 phys=000000000C69D000 used=1 lo=4800700000C3C748 hi=8948C0FF4808438B hash=3B68EAFA86874C6F
WTX4 R=000000000C6A3000 V=0000000000400037 I=0000000000000000 TP=000000000C6A3000 EP=000000000C6A3000 E=000000000C69C027 CF=000000000C69C000 4P=1 4W=1 4U=1 4N=0 4G=0 4H=0 4A=1 4D=0 4R=0 4X=1 4L=0
WTX3 R=000000000C6A3000 V=0000000000400037 I=0000000000000000 TP=000000000C69C000 EP=000000000C69C000 E=000000000C69B027 CF=000000000C69B000 3P=1 3W=1 3U=1 3N=0 3G=0 3H=0 3A=1 3D=0 3R=0 3X=1 3L=0
WTX2 R=000000000C6A3000 V=0000000000400037 I=0000000000000002 TP=000000000C69B000 EP=000000000C69B000 E=000000000C69A027 CF=000000000C69A000 2P=1 2W=1 2U=1 2N=0 2G=0 2H=0 2A=1 2D=0 2R=0 2X=1 2L=0
WTX1 R=000000000C6A3000 V=0000000000400037 I=0000000000000000 TP=000000000C69A000 EP=000000000C69A000 E=000000000C69D027 CF=000000000C69D000 1P=1 1W=1 1U=1 1N=0 1G=0 1H=0 1A=1 1D=0 1R=0 1X=1 1L=1
WTXP V=0000000000400037 EQ=0 KE=0000000000400103 KF=0000000000400000 KP=1 KW=1 KU=0 KN=0 KG=1 KH=0 KA=0 KD=0 KR=0 KX=1 KL=1 TE=000000000C69D027 TF=000000000C69D000 TP=1 TW=1 TU=1 TN=0 TG=0 TH=0 TA=1 TD=0 TR=0 TX=1 TL=1
P10_RING3_ATTEMPT
P10_RFLAGS_IF_ON
P10_RING3_FRAME_PROOF FRSP=FFFFFFFF82005C38 RIP=0000000000400037 CS=0000000000000023 RF=0000000000000246 RSP=00000000007FFFB8 SS=000000000000001B BYTES=370040000000000023000000000000004602000000000000B8FF7F00000000001B00000000000000
P10_RING3_GATE_PROOF TR=0028 CTX0=FFFFFFFF82005C60 TSS0=FFFFFFFF82005C60 FCS=0000000000000023 FSS=000000000000001B IDTB=FFFFFFFF800E9FC0 IDTL=0000000000000FFF GPSEL=0008 GPIST=0000000000000000 GPTA=000000000000008F GPOFF=FFFFFFFF80016EF0 PFSEL=0008 PFIST=0000000000000000 PFTA=000000000000008F PFOFF=FFFFFFFF80016FA0
P10_RING3_COMMIT
P10_CR3_SWITCH
P10_RING3_ENTER
TrY[IRQ][SCH]
P12[[AYKEN_PERF_MB_EXTRACT_RAW]] epoch=3 candidate_pid=2 owner_last_epoch=3 ticks=27451714628 tick_valid=2
[[AYKEN_PERF_MB_EXTRACT_REASON]] name=epoch_stale ticks=27452209278 tick_valid=2
[[AYKEN_PERF_MB_PATH]] name=fallback phase=enter ticks=27452555546 tick_valid=2
[[AYKEN_PERF_MB_PATH]] name=fallback phase=exit ticks=27452984780 tick_valid=2
[[AYKEN_PERF_MB_REASON]] name=no_candidate ticks=27453311496 tick_valid=2
N12
MARK:PID=2
MARK:SW=U>U
MARK:IRET
P10_TEXT_ROOT_PROOF AC=000000000C6A3000 KC=000000000DE83000 TC=000000000C6A3000 RC=000000000C6A3000 RIP=0000000000400037 AP=0000000000400103 TP=000000000C69D027
P10_ROOT_FRAME_WITNESS phase=pre_dispatch root=000000000C6A3000 pte=0000000000000000 phys=000000000C6A3000 used=1 lo=000000000C69C027 hi=0000000000000000 hash=AB3F4A62FAEF25FC
P10_TEXT_FRAME_WITNESS phase=pre_dispatch root=000000000C6A3000 pte=000000000C69D027 phys=000000000C69D000 used=1 lo=4800700000C3C748 hi=8948C0FF4808438B hash=3B68EAFA86874C6F
WTX4 R=000000000C6A3000 V=0000000000400037 I=0000000000000000 TP=000000000C6A3000 EP=000000000C6A3000 E=000000000C69C027 CF=000000000C69C000 4P=1 4W=1 4U=1 4N=0 4G=0 4H=0 4A=1 4D=0 4R=0 4X=1 4L=0
WTX3 R=000000000C6A3000 V=0000000000400037 I=0000000000000000 TP=000000000C69C000 EP=000000000C69C000 E=000000000C69B027 CF=000000000C69B000 3P=1 3W=1 3U=1 3N=0 3G=0 3H=0 3A=1 3D=0 3R=0 3X=1 3L=0
WTX2 R=000000000C6A3000 V=0000000000400037 I=0000000000000002 TP=000000000C69B000 EP=000000000C69B000 E=000000000C69A027 CF=000000000C69A000 2P=1 2W=1 2U=1 2N=0 2G=0 2H=0 2A=1 2D=0 2R=0 2X=1 2L=0
WTX1 R=000000000C6A3000 V=0000000000400037 I=0000000000000000 TP=000000000C69A000 EP=000000000C69A000 E=000000000C69D027 CF=000000000C69D000 1P=1 1W=1 1U=1 1N=0 1G=0 1H=0 1A=1 1D=0 1R=0 1X=1 1L=1
WTXP V=0000000000400037 EQ=0 KE=0000000000400103 KF=0000000000400000 KP=1 KW=1 KU=0 KN=0 KG=1 KH=0 KA=0 KD=0 KR=0 KX=1 KL=1 TE=000000000C69D027 TF=000000000C69D000 TP=1 TW=1 TU=1 TN=0 TG=0 TH=0 TA=1 TD=0 TR=0 TX=1 TL=1
P10_RING3_ATTEMPT
P10_RFLAGS_IF_ON
P10_RING3_FRAME_PROOF FRSP=FFFFFFFF82005C38 RIP=0000000000400037 CS=0000000000000023 RF=0000000000000246 RSP=00000000007FFFB8 SS=000000000000001B BYTES=370040000000000023000000000000004602000000000000B8FF7F00000000001B00000000000000
P10_RING3_GATE_PROOF TR=0028 CTX0=FFFFFFFF82005C60 TSS0=FFFFFFFF82005C60 FCS=0000000000000023 FSS=000000000000001B IDTB=FFFFFFFF800E9FC0 IDTL=0000000000000FFF GPSEL=0008 GPIST=0000000000000000 GPTA=000000000000008F GPOFF=FFFFFFFF80016EF0 PFSEL=0008 PFIST=0000000000000000 PFTA=000000000000008F PFOFF=FFFFFFFF80016FA0
P10_RING3_COMMIT
P10_CR3_SWITCH
P10_RING3_ENTER
rY[IRQ][SCH]
P12[[AYKEN_PERF_MB_EXTRACT_RAW]] epoch=3 candidate_pid=2 owner_last_epoch=3 ticks=27464448440 tick_valid=2
[[AYKEN_PERF_MB_EXTRACT_REASON]] name=epoch_stale ticks=27464891012 tick_valid=2
[[AYKEN_PERF_MB_PATH]] name=fallback phase=enter ticks=27465290190 tick_valid=2
[[AYKEN_PERF_MB_PATH]] name=fallback phase=exit ticks=27465659988 tick_valid=2
[[AYKEN_PERF_MB_REASON]] name=no_candidate ticks=27466094136 tick_valid=2
N12
MARK:PID=2
MARK:SW=U>U
MARK:IRET
P10_TEXT_ROOT_PROOF AC=000000000C6A3000 KC=000000000DE83000 TC=000000000C6A3000 RC=000000000C6A3000 RIP=0000000000400037 AP=0000000000400103 TP=000000000C69D027
P10_ROOT_FRAME_WITNESS phase=pre_dispatch root=000000000C6A3000 pte=0000000000000000 phys=000000000C6A3000 used=1 lo=000000000C69C027 hi=0000000000000000 hash=AB3F4A62FAEF25FC
P10_TEXT_FRAME_WITNESS phase=pre_dispatch root=000000000C6A3000 pte=000000000C69D027 phys=000000000C69D000 used=1 lo=4800700000C3C748 hi=8948C0FF4808438B hash=3B68EAFA86874C6F
WTX4 R=000000000C6A3000 V=0000000000400037 I=0000000000000000 TP=000000000C6A3000 EP=000000000C6A3000 E=000000000C69C027 CF=000000000C69C000 4P=1 4W=1 4U=1 4N=0 4G=0 4H=0 4A=1 4D=0 4R=0 4X=1 4L=0
WTX3 R=000000000C6A3000 V=0000000000400037 I=0000000000000000 TP=000000000C69C000 EP=000000000C69C000 E=000000000C69B027 CF=000000000C69B000 3P=1 3W=1 3U=1 3N=0 3G=0 3H=0 3A=1 3D=0 3R=0 3X=1 3L=0
WTX2 R=000000000C6A3000 V=0000000000400037 I=0000000000000002 TP=000000000C69B000 EP=000000000C69B000 E=000000000C69A027 CF=000000000C69A000 2P=1 2W=1 2U=1 2N=0 2G=0 2H=0 2A=1 2D=0 2R=0 2X=1 2L=0
WTX1 R=000000000C6A3000 V=0000000000400037 I=0000000000000000 TP=000000000C69A000 EP=000000000C69A000 E=000000000C69D027 CF=000000000C69D000 1P=1 1W=1 1U=1 1N=0 1G=0 1H=0 1A=1 1D=0 1R=0 1X=1 1L=1
WTXP V=0000000000400037 EQ=0 KE=0000000000400103 KF=0000000000400000 KP=1 KW=1 KU=0 KN=0 KG=1 KH=0 KA=0 KD=0 KR=0 KX=1 KL=1 TE=000000000C69D027 TF=000000000C69D000 TP=1 TW=1 TU=1 TN=0 TG=0 TH=0 TA=1 TD=0 TR=0 TX=1 TL=1
P10_RING3_ATTEMPT
P10_RFLAGS_IF_ON
P10_RING3_FRAME_PROOF FRSP=FFFFFFFF82005C38 RIP=0000000000400037 CS=0000000000000023 RF=0000000000000246 RSP=00000000007FFFB8 SS=000000000000001B BYTES=370040000000000023000000000000004602000000000000B8FF7F00000000001B00000000000000
P10_RING3_GATE_PROOF TR=0028 CTX0=FFFFFFFF82005C60 TSS0=FFFFFFFF82005C60 FCS=0000000000000023 FSS=000000000000001B IDTB=FFFFFFFF800E9FC0 IDTL=0000000000000FFF GPSEL=0008 GPIST=0000000000000000 GPTA=000000000000008F GPOFF=FFFFFFFF80016EF0 PFSEL=0008 PFIST=0000000000000000 PFTA=000000000000008F PFOFF=FFFFFFFF80016FA0
P10_RING3_COMMIT
P10_CR3_SWITCH
P10_RING3_ENTER
TrY[IRQ][SCH]
P12[[AYKEN_PERF_MB_EXTRACT_RAW]] epoch=3 candidate_pid=2 owner_last_epoch=3 ticks=27476952854 tick_valid=2
[[AYKEN_PERF_MB_EXTRACT_REASON]] name=epoch_stale ticks=27477434062 tick_valid=2
[[AYKEN_PERF_MB_PATH]] name=fallback phase=enter ticks=27477818602 tick_valid=2
[[AYKEN_PERF_MB_PATH]] name=fallback phase=exit ticks=27478209954 tick_valid=2
[[AYKEN_PERF_MB_REASON]] name=no_candidate ticks=27478539634 tick_valid=2
N12
MARK:PID=2
MARK:SW=U>U
MARK:IRET
P10_TEXT_ROOT_PROOF AC=000000000C6A3000 KC=000000000DE83000 TC=000000000C6A3000 RC=000000000C6A3000 RIP=0000000000400037 AP=0000000000400103 TP=000000000C69D027
P10_ROOT_FRAME_WITNESS phase=pre_dispatch root=000000000C6A3000 pte=0000000000000000 phys=000000000C6A3000 used=1 lo=000000000C69C027 hi=0000000000000000 hash=AB3F4A62FAEF25FC
P10_TEXT_FRAME_WITNESS phase=pre_dispatch root=000000000C6A3000 pte=000000000C69D027 phys=000000000C69D000 used=1 lo=4800700000C3C748 hi=8948C0FF4808438B hash=3B68EAFA86874C6F
WTX4 R=000000000C6A3000 V=0000000000400037 I=0000000000000000 TP=000000000C6A3000 EP=000000000C6A3000 E=000000000C69C027 CF=000000000C69C000 4P=1 4W=1 4U=1 4N=0 4G=0 4H=0 4A=1 4D=0 4R=0 4X=1 4L=0
WTX3 R=000000000C6A3000 V=0000000000400037 I=0000000000000000 TP=000000000C69C000 EP=000000000C69C000 E=000000000C69B027 CF=000000000C69B000 3P=1 3W=1 3U=1 3N=0 3G=0 3H=0 3A=1 3D=0 3R=0 3X=1 3L=0
WTX2 R=000000000C6A3000 V=0000000000400037 I=0000000000000002 TP=000000000C69B000 EP=000000000C69B000 E=000000000C69A027 CF=000000000C69A000 2P=1 2W=1 2U=1 2N=0 2G=0 2H=0 2A=1 2D=0 2R=0 2X=1 2L=0
WTX1 R=000000000C6A3000 V=0000000000400037 I=0000000000000000 TP=000000000C69A000 EP=000000000C69A000 E=000000000C69D027 CF=000000000C69D000 1P=1 1W=1 1U=1 1N=0 1G=0 1H=0 1A=1 1D=0 1R=0 1X=1 1L=1
WTXP V=0000000000400037 EQ=0 KE=0000000000400103 KF=0000000000400000 KP=1 KW=1 KU=0 KN=0 KG=1 KH=0 KA=0 KD=0 KR=0 KX=1 KL=1 TE=000000000C69D027 TF=000000000C69D000 TP=1 TW=1 TU=1 TN=0 TG=0 TH=0 TA=1 TD=0 TR=0 TX=1 TL=1
P10_RING3_ATTEMPT
P10_RFLAGS_IF_ON
P10_RING3_FRAME_PROOF FRSP=FFFFFFFF82005C38 RIP=0000000000400037 CS=0000000000000023 RF=0000000000000246 RSP=00000000007FFFB8 SS=000000000000001B BYTES=370040000000000023000000000000004602000000000000B8FF7F00000000001B00000000000000
P10_RING3_GATE_PROOF TR=0028 CTX0=FFFFFFFF82005C60 TSS0=FFFFFFFF82005C60 FCS=0000000000000023 FSS=000000000000001B IDTB=FFFFFFFF800E9FC0 IDTL=0000000000000FFF GPSEL=0008 GPIST=0000000000000000 GPTA=000000000000008F GPOFF=FFFFFFFF80016EF0 PFSEL=0008 PFIST=0000000000000000 PFTA=000000000000008F PFOFF=FFFFFFFF80016FA0
P10_RING3_COMMIT
P10_CR3_SWITCH
P10_RING3_ENTER
rY[IRQ][SCH]
P12[[AYKEN_PERF_MB_EXTRACT_RAW]] epoch=3 candidate_pid=2 owner_last_epoch=3 ticks=27489398534 tick_valid=2
[[AYKEN_PERF_MB_EXTRACT_REASON]] name=epoch_stale ticks=27489839286 tick_valid=2
[[AYKEN_PERF_MB_PATH]] name=fallback phase=enter ticks=27490181966 tick_valid=2
[[AYKEN_PERF_MB_PATH]] name=fallback phase=exit ticks=27490610134 tick_valid=2
[[AYKEN_PERF_MB_REASON]] name=no_candidate ticks=27491096230 tick_valid=2
N12
MARK:PID=2
MARK:SW=U>U
MARK:IRET
P10_TEXT_ROOT_PROOF AC=000000000C6A3000 KC=000000000DE83000 TC=000000000C6A3000 RC=000000000C6A3000 RIP=0000000000400037 AP=0000000000400103 TP=000000000C69D027
P10_ROOT_FRAME_WITNESS phase=pre_dispatch root=000000000C6A3000 pte=0000000000000000 phys=000000000C6A3000 used=1 lo=000000000C69C027 hi=0000000000000000 hash=AB3F4A62FAEF25FC
P10_TEXT_FRAME_WITNESS phase=pre_dispatch root=000000000C6A3000 pte=000000000C69D027 phys=000000000C69D000 used=1 lo=4800700000C3C748 hi=8948C0FF4808438B hash=3B68EAFA86874C6F
WTX4 R=000000000C6A3000 V=0000000000400037 I=0000000000000000 TP=000000000C6A3000 EP=000000000C6A3000 E=000000000C69C027 CF=000000000C69C000 4P=1 4W=1 4U=1 4N=0 4G=0 4H=0 4A=1 4D=0 4R=0 4X=1 4L=0
WTX3 R=000000000C6A3000 V=0000000000400037 I=0000000000000000 TP=000000000C69C000 EP=000000000C69C000 E=000000000C69B027 CF=000000000C69B000 3P=1 3W=1 3U=1 3N=0 3G=0 3H=0 3A=1 3D=0 3R=0 3X=1 3L=0
WTX2 R=000000000C6A3000 V=0000000000400037 I=0000000000000002 TP=000000000C69B000 EP=000000000C69B000 E=000000000C69A027 CF=000000000C69A000 2P=1 2W=1 2U=1 2N=0 2G=0 2H=0 2A=1 2D=0 2R=0 2X=1 2L=0
WTX1 R=000000000C6A3000 V=0000000000400037 I=0000000000000000 TP=000000000C69A000 EP=000000000C69A000 E=000000000C69D027 CF=000000000C69D000 1P=1 1W=1 1U=1 1N=0 1G=0 1H=0 1A=1 1D=0 1R=0 1X=1 1L=1
WTXP V=0000000000400037 EQ=0 KE=0000000000400103 KF=0000000000400000 KP=1 KW=1 KU=0 KN=0 KG=1 KH=0 KA=0 KD=0 KR=0 KX=1 KL=1 TE=000000000C69D027 TF=000000000C69D000 TP=1 TW=1 TU=1 TN=0 TG=0 TH=0 TA=1 TD=0 TR=0 TX=1 TL=1
P10_RING3_ATTEMPT
P10_RFLAGS_IF_ON
P10_RING3_FRAME_PROOF FRSP=FFFFFFFF82005C38 RIP=0000000000400037 CS=0000000000000023 RF=0000000000000246 RSP=00000000007FFFB8 SS=000000000000001B BYTES=370040000000000023000000000000004602000000000000B8FF7F00000000001B00000000000000
P10_RING3_GATE_PROOF TR=0028 CTX0=FFFFFFFF82005C60 TSS0=FFFFFFFF82005C60 FCS=0000000000000023 FSS=000000000000001B IDTB=FFFFFFFF800E9FC0 IDTL=0000000000000FFF GPSEL=0008 GPIST=0000000000000000 GPTA=000000000000008F GPOFF=FFFFFFFF80016EF0 PFSEL=0008 PFIST=0000000000000000 PFTA=000000000000008F PFOFF=FFFFFFFF80016FA0
P10_RING3_COMMIT
P10_CR3_SWITCH
P10_RING3_ENTER
TrY[IRQ][SCH]
P12[[AYKEN_PERF_MB_EXTRACT_RAW]] epoch=3 candidate_pid=2 owner_last_epoch=3 ticks=27502334444 tick_valid=2
[[AYKEN_PERF_MB_EXTRACT_REASON]] name=epoch_stale ticks=27502776990 tick_valid=2
[[AYKEN_PERF_MB_PATH]] name=fallback phase=enter ticks=27503120892 tick_valid=2
[[AYKEN_PERF_MB_PATH]] name=fallback phase=exit ticks=27503512868 tick_valid=2
[[AYKEN_PERF_MB_REASON]] name=no_candidate ticks=27503839376 tick_valid=2
N12
MARK:PID=2
MARK:SW=U>U
MARK:IRET
P10_TEXT_ROOT_PROOF AC=000000000C6A3000 KC=000000000DE83000 TC=000000000C6A3000 RC=000000000C6A3000 RIP=0000000000400037 AP=0000000000400103 TP=000000000C69D027
P10_ROOT_FRAME_WITNESS phase=pre_dispatch root=000000000C6A3000 pte=0000000000000000 phys=000000000C6A3000 used=1 lo=000000000C69C027 hi=0000000000000000 hash=AB3F4A62FAEF25FC
P10_TEXT_FRAME_WITNESS phase=pre_dispatch root=000000000C6A3000 pte=000000000C69D027 phys=000000000C69D000 used=1 lo=4800700000C3C748 hi=8948C0FF4808438B hash=3B68EAFA86874C6F
WTX4 R=000000000C6A3000 V=0000000000400037 I=0000000000000000 TP=000000000C6A3000 EP=000000000C6A3000 E=000000000C69C027 CF=000000000C69C000 4P=1 4W=1 4U=1 4N=0 4G=0 4H=0 4A=1 4D=0 4R=0 4X=1 4L=0
WTX3 R=000000000C6A3000 V=0000000000400037 I=0000000000000000 TP=000000000C69C000 EP=000000000C69C000 E=000000000C69B027 CF=000000000C69B000 3P=1 3W=1 3U=1 3N=0 3G=0 3H=0 3A=1 3D=0 3R=0 3X=1 3L=0
WTX2 R=000000000C6A3000 V=0000000000400037 I=0000000000000002 TP=000000000C69B000 EP=000000000C69B000 E=000000000C69A027 CF=000000000C69A000 2P=1 2W=1 2U=1 2N=0 2G=0 2H=0 2A=1 2D=0 2R=0 2X=1 2L=0
WTX1 R=000000000C6A3000 V=0000000000400037 I=0000000000000000 TP=000000000C69A000 EP=000000000C69A000 E=000000000C69D027 CF=000000000C69D000 1P=1 1W=1 1U=1 1N=0 1G=0 1H=0 1A=1 1D=0 1R=0 1X=1 1L=1
WTXP V=0000000000400037 EQ=0 KE=0000000000400103 KF=0000000000400000 KP=1 KW=1 KU=0 KN=0 KG=1 KH=0 KA=0 KD=0 KR=0 KX=1 KL=1 TE=000000000C69D027 TF=000000000C69D000 TP=1 TW=1 TU=1 TN=0 TG=0 TH=0 TA=1 TD=0 TR=0 TX=1 TL=1
P10_RING3_ATTEMPT
P10_RFLAGS_IF_ON
P10_RING3_FRAME_PROOF FRSP=FFFFFFFF82005C38 RIP=0000000000400037 CS=0000000000000023 RF=0000000000000246 RSP=00000000007FFFB8 SS=000000000000001B BYTES=370040000000000023000000000000004602000000000000B8FF7F00000000001B00000000000000
P10_RING3_GATE_PROOF TR=0028 CTX0=FFFFFFFF82005C60 TSS0=FFFFFFFF82005C60 FCS=0000000000000023 FSS=000000000000001B IDTB=FFFFFFFF800E9FC0 IDTL=0000000000000FFF GPSEL=0008 GPIST=0000000000000000 GPTA=000000000000008F GPOFF=FFFFFFFF80016EF0 PFSEL=0008 PFIST=0000000000000000 PFTA=000000000000008F PFOFF=FFFFFFFF80016FA0
P10_RING3_COMMIT
P10_CR3_SWITCH
P10_RING3_ENTER
rY[IRQ][SCH]
P12[[AYKEN_PERF_MB_EXTRACT_RAW]] epoch=3 candidate_pid=2 owner_last_epoch=3 ticks=27514711796 tick_valid=2
[[AYKEN_PERF_MB_EXTRACT_REASON]] name=epoch_stale ticks=27515208838 tick_valid=2
[[AYKEN_PERF_MB_PATH]] name=fallback phase=enter ticks=27515552688 tick_valid=2
[[AYKEN_PERF_MB_PATH]] name=fallback phase=exit ticks=27515891182 tick_valid=2
[[AYKEN_PERF_MB_REASON]] name=no_candidate ticks=27516250450 tick_valid=2
N12
MARK:PID=2
MARK:SW=U>U
MARK:IRET
P10_TEXT_ROOT_PROOF AC=000000000C6A3000 KC=000000000DE83000 TC=000000000C6A3000 RC=000000000C6A3000 RIP=0000000000400037 AP=0000000000400103 TP=000000000C69D027
P10_ROOT_FRAME_WITNESS phase=pre_dispatch root=000000000C6A3000 pte=0000000000000000 phys=000000000C6A3000 used=1 lo=000000000C69C027 hi=0000000000000000 hash=AB3F4A62FAEF25FC
P10_TEXT_FRAME_WITNESS phase=pre_dispatch root=000000000C6A3000 pte=000000000C69D027 phys=000000000C69D000 used=1 lo=4800700000C3C748 hi=8948C0FF4808438B hash=3B68EAFA86874C6F
WTX4 R=000000000C6A3000 V=0000000000400037 I=0000000000000000 TP=000000000C6A3000 EP=000000000C6A3000 E=000000000C69C027 CF=000000000C69C000 4P=1 4W=1 4U=1 4N=0 4G=0 4H=0 4A=1 4D=0 4R=0 4X=1 4L=0
WTX3 R=000000000C6A3000 V=0000000000400037 I=0000000000000000 TP=000000000C69C000 EP=000000000C69C000 E=000000000C69B027 CF=000000000C69B000 3P=1 3W=1 3U=1 3N=0 3G=0 3H=0 3A=1 3D=0 3R=0 3X=1 3L=0
WTX2 R=000000000C6A3000 V=0000000000400037 I=0000000000000002 TP=000000000C69B000 EP=000000000C69B000 E=000000000C69A027 CF=000000000C69A000 2P=1 2W=1 2U=1 2N=0 2G=0 2H=0 2A=1 2D=0 2R=0 2X=1 2L=0
WTX1 R=000000000C6A3000 V=0000000000400037 I=0000000000000000 TP=000000000C69A000 EP=000000000C69A000 E=000000000C69D027 CF=000000000C69D000 1P=1 1W=1 1U=1 1N=0 1G=0 1H=0 1A=1 1D=0 1R=0 1X=1 1L=1
WTXP V=0000000000400037 EQ=0 KE=0000000000400103 KF=0000000000400000 KP=1 KW=1 KU=0 KN=0 KG=1 KH=0 KA=0 KD=0 KR=0 KX=1 KL=1 TE=000000000C69D027 TF=000000000C69D000 TP=1 TW=1 TU=1 TN=0 TG=0 TH=0 TA=1 TD=0 TR=0 TX=1 TL=1
P10_RING3_ATTEMPT
P10_RFLAGS_IF_ON
P10_RING3_FRAME_PROOF FRSP=FFFFFFFF82005C38 RIP=0000000000400037 CS=0000000000000023 RF=0000000000000246 RSP=00000000007FFFB8 SS=000000000000001B BYTES=370040000000000023000000000000004602000000000000B8FF7F00000000001B00000000000000
P10_RING3_GATE_PROOF TR=0028 CTX0=FFFFFFFF82005C60 TSS0=FFFFFFFF82005C60 FCS=0000000000000023 FSS=000000000000001B IDTB=FFFFFFFF800E9FC0 IDTL=0000000000000FFF GPSEL=0008 GPIST=0000000000000000 GPTA=000000000000008F GPOFF=FFFFFFFF80016EF0 PFSEL=0008 PFIST=0000000000000000 PFTA=000000000000008F PFOFF=FFFFFFFF80016FA0
P10_RING3_COMMIT
P10_CR3_SWITCH
P10_RING3_ENTER
TrY[IRQ][SCH]
P12[[AYKEN_PERF_MB_EXTRACT_RAW]] epoch=3 candidate_pid=2 owner_last_epoch=3 ticks=27527027268 tick_valid=2
[[AYKEN_PERF_MB_EXTRACT_REASON]] name=epoch_stale ticks=27527543316 tick_valid=2
[[AYKEN_PERF_MB_PATH]] name=fallback phase=enter ticks=27527925854 tick_valid=2
[[AYKEN_PERF_MB_PATH]] name=fallback phase=exit ticks=27528264712 tick_valid=2
[[AYKEN_PERF_MB_REASON]] name=no_candidate ticks=27528592364 tick_valid=2
N12
MARK:PID=2
MARK:SW=U>U
MARK:IRET
P10_TEXT_ROOT_PROOF AC=000000000C6A3000 KC=000000000DE83000 TC=000000000C6A3000 RC=000000000C6A3000 RIP=0000000000400037 AP=0000000000400103 TP=000000000C69D027
P10_ROOT_FRAME_WITNESS phase=pre_dispatch root=000000000C6A3000 pte=0000000000000000 phys=000000000C6A3000 used=1 lo=000000000C69C027 hi=0000000000000000 hash=AB3F4A62FAEF25FC
P10_TEXT_FRAME_WITNESS phase=pre_dispatch root=000000000C6A3000 pte=000000000C69D027 phys=000000000C69D000 used=1 lo=4800700000C3C748 hi=8948C0FF4808438B hash=3B68EAFA86874C6F
WTX4 R=000000000C6A3000 V=0000000000400037 I=0000000000000000 TP=000000000C6A3000 EP=000000000C6A3000 E=000000000C69C027 CF=000000000C69C000 4P=1 4W=1 4U=1 4N=0 4G=0 4H=0 4A=1 4D=0 4R=0 4X=1 4L=0
WTX3 R=000000000C6A3000 V=0000000000400037 I=0000000000000000 TP=000000000C69C000 EP=000000000C69C000 E=000000000C69B027 CF=000000000C69B000 3P=1 3W=1 3U=1 3N=0 3G=0 3H=0 3A=1 3D=0 3R=0 3X=1 3L=0
WTX2 R=000000000C6A3000 V=0000000000400037 I=0000000000000002 TP=000000000C69B000 EP=000000000C69B000 E=000000000C69A027 CF=000000000C69A000 2P=1 2W=1 2U=1 2N=0 2G=0 2H=0 2A=1 2D=0 2R=0 2X=1 2L=0
WTX1 R=000000000C6A3000 V=0000000000400037 I=0000000000000000 TP=000000000C69A000 EP=000000000C69A000 E=000000000C69D027 CF=000000000C69D000 1P=1 1W=1 1U=1 1N=0 1G=0 1H=0 1A=1 1D=0 1R=0 1X=1 1L=1
WTXP V=0000000000400037 EQ=0 KE=0000000000400103 KF=0000000000400000 KP=1 KW=1 KU=0 KN=0 KG=1 KH=0 KA=0 KD=0 KR=0 KX=1 KL=1 TE=000000000C69D027 TF=000000000C69D000 TP=1 TW=1 TU=1 TN=0 TG=0 TH=0 TA=1 TD=0 TR=0 TX=1 TL=1
P10_RING3_ATTEMPT
P10_RFLAGS_IF_ON
P10_RING3_FRAME_PROOF FRSP=FFFFFFFF82005C38 RIP=0000000000400037 CS=0000000000000023 RF=0000000000000246 RSP=00000000007FFFB8 SS=000000000000001B BYTES=370040000000000023000000000000004602000000000000B8FF7F00000000001B00000000000000
P10_RING3_GATE_PROOF TR=0028 CTX0=FFFFFFFF82005C60 TSS0=FFFFFFFF82005C60 FCS=0000000000000023 FSS=000000000000001B IDTB=FFFFFFFF800E9FC0 IDTL=0000000000000FFF GPSEL=0008 GPIST=0000000000000000 GPTA=000000000000008F GPOFF=FFFFFFFF80016EF0 PFSEL=0008 PFIST=0000000000000000 PFTA=000000000000008F PFOFF=FFFFFFFF80016FA0
P10_RING3_COMMIT
P10_CR3_SWITCH
P10_RING3_ENTER
[[AYKEN_PROOF_DONE]]
[2J[01;01H[=3h[2J[01;01H[2J[01;01H[=3h[2J[01;01H[2J[01;01H[=3h[2J[01;01HWARNING: Pseudo Random Number Generator in use - Pixiefail CVE not mitigated!
BdsDxe: loading Boot0006 "EFI Internal Shell" from Fv(7CB8BDC9-F8EB-4F34-AAEA-3EE4AF6516A1)/FvFile(7C04A583-9E3E-4F1C-AD65-E05268D0B4D1)
BdsDxe: starting Boot0006 "EFI Internal Shell" from Fv(7CB8BDC9-F8EB-4F34-AAEA-3EE4AF6516A1)/FvFile(7C04A583-9E3E-4F1C-AD65-E05268D0B4D1)
[2J[01;01H[01;01HUEFI Interactive Shell v2.2
EDK II
UEFI v2.70 (EDK II, 0x00010000)
[1m[33m[40mMapping table[0m[37m[40m
[1m[33m[40m      FS0:[0m[37m[40m [1m[37m[40mAlias(s):[0m[37m[40mF0a65535a:;BLK0:
          PciRoot(0x0)/Pci(0x1F,0x2)/Sata(0x0,0xFFFF,0x0)
[1m[33m[40m     BLK1:[0m[37m[40m [1m[37m[40mAlias(s):[0m[37m[40m
          PciRoot(0x0)/Pci(0x1F,0x2)/Sata(0x2,0xFFFF,0x0)
[09;01HPress [1m[37m[40mESC[0m[37m[40m in 5 seconds to skip [1m[33m[40mstartup.nsh[0m[37m[40m or any other key to continue.[09;01HPress [1m[37m[40mESC[0m[37m[40m in 4 seconds to skip [1m[33m[40mstartup.nsh[0m[37m[40m or any other key to continue.[09;01HPress [1m[37m[40mESC[0m[37m[40m in 3 seconds to skip [1m[33m[40mstartup.nsh[0m[37m[40m or any other key to continue.[09;01HPress [1m[37m[40mESC[0m[37m[40m in 2 seconds to skip [1m[33m[40mstartup.nsh[0m[37m[40m or any other key to continue.[09;01HPress [1m[37m[40mESC[0m[37m[40m in 1 seconds to skip [1m[33m[40mstartup.nsh[0m[37m[40m or any other key to continue.
[1m[33m[40mShell> [0m[37m[40mfs0:
[1m[33m[40mFS0:\> [0m[37m[40m\EFI\BOOT\BOOTX64.EFI
SERIAL_OK
KERNEL_BOOT_START
[MARKER] [MARKER] [MARKER] [MARKER] [MARKER] [MARKER] 000000000000C6A4[MARKER] [MARKER] 000000000000C604[MARKER] [MARKER] [MARKER] [MARKER] [MARKER] 000000000DE83000[MARKER] [MARKER] [MARKER] [MARKER] [MARKER] [MARKER] [MARKER] FFFFFFFF82000000[MARKER] [MARKER] 000000000DE83000[MARKER] [MARKER] 000000000DE83000[MARKER] [MARKER] 000000000DA89023[MARKER] [MARKER] 000000000DA88023[MARKER] [MARKER] 000000000DA85003[MARKER] [MARKER] 000000000DA86103[MARKER] [MARKER] [MARKER] [MARKER] [MARKER] FFFFFFFF82000000[MARKER] [MARKER] 000000000DE83000[MARKER] [MARKER] 000000000DE83000[MARKER] [MARKER] 000000000DA89023[MARKER] [MARKER] 000000000DA88023[MARKER] [MARKER] 000000000DA85003[MARKER] [MARKER] 000000000DA86103[MARKER] [MARKER] [MARKER] FFFFFFFF82000000[MARKER] [MARKER] 00000000003FFFE8[MARKER] [MARKER] [MARKER] [MARKER] [MARKER] [MARKER] [MARKER] [MARKER] [MARKER] [MARKER] [MARKER] [MARKER] [MARKER] [MARKER] [MARKER] [MARKER] [MARKER] [MARKER] [MARKER] [MARKER] [MARKER] [MARKER] [MARKER] [MARKER] [MARKER] [MARKER] FFFFFFFF8000061E[MARKER] [MARKER] [MARKER] 0000000000000008[MARKER] [MARKER] 00000000000000EE[MARKER] [MARKER] FFFFFFFF8000061E[MARKER] [MARKER] [MARKER] [MARKER] [MARKER] [MARKER] [MARKER] 1[MARKER] [MARKER] FFFFFFFF80000410[MARKER] [MARKER] FFFFFFFF82002E28[MARKER] [MARKER] 0000000000000008[MARKER] [MARKER] [MARKER] [MARKER] [MARKER] [MARKER] [MARKER] [MARKER] [MARKER] [MARKER] [MARKER] [MARKER] [MARKER] [MARKER] [MARKER] [MARKER] [MARKER] [MARKER] [MARKER] [MARKER] [MARKER] [MARKER] [MARKER] 000000000C6A3000[MARKER] [MARKER] 000000000C6A3000[MARKER] [MARKER] [MARKER] [MARKER] [MARKER] [MARKER] [MARKER] 