[B][UEFI_BOOT_START] efi_main entry
[B][INIT_LIB_OK]
[B][JUMP_FUNC_ENTER]
[B][MEMMAP] status=0x0000000000000000
[B][JUMP_FUNC_ENTER]
[B][GOP] status=0x0000000000000000
[B][CONNECT_DEVICE] status=0x800000000000000E
[B][FS_FALLBACK_START]
[B][FS_LOCATEHB] status=0x0000000000000000
[B][BLK_LOCATEHB] status=0x0000000000000000
[B][FS_HANDLECOUNT_NONZERO]
[B][FS_FALLBACK_OK]
[B][KERNEL_OPEN_OK]
[B][ELF_HDR_READ_OK]
[B][ELF_MAGIC_OK]
[B][ELF_E_ENTRY]=0xFFFFFFFF80000000
[B][ELF_PH_OFF]=0x0000000000000040
[B][ELF_PH_NUM]=0x0000000000000009
[B][ELF_PH_ENT]=0x0000000000000038
[B][PH_READ_OK]
[B][PH0_TYPE]=0x0000000000000001
[B][PH0_OFF]=0x0000000000001000
[B][PH0_VADDR]=0xFFFFFFFF80000000
[B][PH0_PADDR]=0x0000000000100000
[B][PH0_FILESZ]=0x000000000000079B
[B][PH0_MEMSZ]=0x000000000000079B
[B][PH0_ALIGN]=0x0000000000001000
[B][PH0_FLAGS]=0x0000000000000005
[B][PH_LOAD_COUNT]=0x0000000000000008
[B][KSEG_VBASE]=0xFFFFFFFF80000000
[B][KSEG_SIZE]=0x00000000000EC000
[B][KSEG_PAGES]=0x00000000000000EC
[B][KSEG_MIN_OFF]=0x0000000000001000
[B][KSEG_PHYS]=0x0000000005D2D000
[B][KSEG_PHYS_MAP]=0x0000000005D2D000
[B][KSEG_LOAD_OK]
[B][ELF_LOAD] status=0x0000000000000000
[B][KERNEL_ELF_LOADED]
[B][PHDR_LOAD_BASE]=0x0000000005D2D000
[B][PHDR_MIN_VA]=0xFFFFFFFF80000000
[B][PHDR_COUNT]=0x0000000000000008
[B][PHDR0_VA]=0xFFFFFFFF80000000
[B][PHDR0_PA]=0x0000000005D2D000
[B][MAP_ENTRY_PA]=0x0000000005D2D000
[B][MAP_ENTRY_PTE]=0x0000000005D2D103
[B][PHDR0_PTE]=0x0000000005D2D103
[B][PAGING] status=0x0000000000000000
[B][LOADED_IMAGE] status=0x0000000000000000
[B][IMG_BASE]=0x0000000000100000
[B][IMG_SIZE]=0x000000000000A000
[B][PE_SIZEOFIMAGE]=0x000000000000A000
[B][IMG_EFF_SIZE]=0x000000000000A000
[B][IMG_MAP_START]=0x0000000000100000
[B][IMG_MAP_SIZE]=0x000000000000A000
[B][MAP_IMG] status=0x0000000000000000
[B][JUMP_FUNC_ENTER]
[B][MEMMAP_FINAL] status=0x0000000000000000
[B][ABOUT_TO_JUMP_KERNEL]
[B][BOOTINFO_PHYS]=0x0000000005786000
[B][JUMP_FUNC_ENTER]
[B][STACK_PHYS]=0x0000000005745000
[B][STACK_PAGES]=0x0000000000000020
[B][EBS_PRE_MEMMAP]
[B][EBS_MEMMAP_RET] status=0x8000000000000005
[B][EBS_MAP_REALLOC] status=0x0000000000000000
[B][EBS_PRE_MEMMAP]
[B][EBS_MEMMAP_RET] status=0x0000000000000000
[B][EBS_CALL]
[B][EBS_RET] status=0x0000000000000000
[B][STACK_TOP]=0x0000000005765000
[B][CR3_SET]
[B][JUMP_NOW]
[B][JUMP_ENTRY]=0xFFFFFFFF80000000
[B][JUMP_BOOT]=0x0000000005786000
[B][JUMP_CR3]=0x0000000005F87000
[B][PML4_PHYS]=0x0000000005F87000
[B][STACK_TOUCH]=0x0000000005764FF8
[B][ENTRY]=0xFFFFFFFF80000000
[B][PTW][STACK] VA=0x0000000005764FF8
[B][PTW][PML4E] idx=0x0000000000000000 val=0x0000000005F67003 P=1
[B][PTW][PDPTE] idx=0x0000000000000000 val=0x0000000005F66003 P=1
[B][PTW][PDE]  idx=0x000000000000002B val=0x0000000005F3A003 P=1
[B][PTW][PTE]  idx=0x0000000000000164 val=0x0000000005764103 P=1
[B][PTW][ENTRY] VA=0xFFFFFFFF80000000
[B][PTW][PML4E] idx=0x00000000000001FF val=0x0000000005B8D003 P=1
[B][PTW][PDPTE] idx=0x00000000000001FE val=0x0000000005B8C003 P=1
[B][PTW][PDE]  idx=0x0000000000000000 val=0x0000000005B8B003 P=1
[B][PTW][PTE]  idx=0x0000000000000000 val=0x0000000005D2D103 P=1
[B][ENTRY_BYTES] PA=0x0000000005D2D000 bytes=488D25F94F09004883E4F0E870B50100
[B][ENTRY_BYTES+1P] PA=0x0000000005D2E000 bytes=0F22D948CFCCCCCCCCCCCCCCCCCCCCCC
[B][WRAP_ENTRY]=0xFFFFFFFF80000000
[B][BOOT_KENTRY]=0xFFFFFFFF80000000
[B][OFF_KENTRY]=0x0000000000000060
[B][OFF_PML4]=0x0000000000000068
[B][WRAP_BOOT]=0x0000000005786000
[B][WRAP_STK]=0x0000000005765000
[B][WRAP_CR3]=0x0000000005F87000
[B][CALL_ENTRY]=0xFFFFFFFF80000000
[B][CALL_BOOT]=0x0000000005786000
[B][CALL_STK]=0x0000000005765000
[B][CALL_CR3]=0x0000000005F87000
ApqiggggIB[[AYKEN_BOOT_OK]]
[[AYKEN_PERF_PHASE]] name=boot_start ticks=26268493485 tick_valid=2
[K][EARLY_BOOT_OK] kmain entry
LTR=0028
[K][BEFORE_FB]
[K][AFTER_FB]
[MARKER] [MARKER] [MARKER] [K][EARLY_INIT_BEGIN]
1[K][E1] CPU/GDT/IDT
LTR=0028
LTR=0028
[K][E2] PHYS_MEM
[MARKER] [MARKER] [MARKER] 00000000000047A8[MARKER] [MARKER] 0000000000004708[MARKER] [MARKER] [K][E3] PAGING
P[MARKER] 12[MARKER] [MARKER] 0000000005F87000[MARKER] 34[MARKER] [K][E4] KHEAP
h[MARKER] m[MARKER] [MARKER] [MARKER] [MARKER] FFFFFFFF82000000[MARKER] [MARKER] 0000000005F87000[MARKER] [MARKER] 0000000005F87000[MARKER] [MARKER] 0000000005B8D023[MARKER] [MARKER] 0000000005B8C023[MARKER] [MARKER] 0000000005B89003[MARKER] [MARKER] 0000000005B8A103[MARKER] [MARKER] [MARKER] [MARKER] [MARKER] FFFFFFFF82000000[MARKER] [MARKER] 0000000005F87000[MARKER] [MARKER] 0000000005F87000[MARKER] [MARKER] 0000000005B8D023[MARKER] [MARKER] 0000000005B8C023[MARKER] [MARKER] 0000000005B89003[MARKER] [MARKER] 0000000005B8A103[MARKER] MaAbBH[MARKER] [MARKER] FFFFFFFF82000000[MARKER] [MARKER] 00000000003FFFE8[MARKER] [K][E5] EARLY_DONE
[K][EARLY_INIT_DONE]
[MARKER] [MARKER] [MARKER] [K][LATE_INIT_BEGIN]
[MARKER] [K][LATE]0 BOOT_VALIDATION
[MARKER] ELF
[MARKER] [MARKER] [MARKER] [MARKER] [MARKER] [MARKER] [MARKER] [MARKER] [MARKER] ELFE
[MARKER] [K][LATE]1 PIC
[K][LATE]2 TIMER
[TMR][UNMSK][IRQ0_ON][TMR_OK]P10_TICK
[[AYKEN_TICK]]
[MARKER] [K][LATE]3 SCHED_INIT
[K][LATE]4 PROC_INIT
[MARKER] [MARKER] [K][LATE]4.5 EXEC_SLOT
[MARKER] [K][LATE]5 DEVFS
[MARKER] [MARKER] [MARKER] [K][LATE]6 SYSCALL
[MARKER] [MARKER] [MARKER] FFFFFFFF8000061E[MARKER] [MARKER] [MARKER] 0000000000000008[MARKER] [MARKER] 00000000000000EE[MARKER] [MARKER] FFFFFFFF8000061E[MARKER] [MARKER] [MARKER] [K][LATE]6.1 INT80_SMOKETEST_DISABLED
[MARKER] [K][LATE]7 CAP
[MARKER] [MARKER] [K][LATE]8 PROC_CREATE_INIT
[MARKER] 1[MARKER] [MARKER] FFFFFFFF80000410[MARKER] [MARKER] FFFFFFFF82002E28[MARKER] [MARKER] 0000000000000008[MARKER] QPID:1
R[MARKER] [MARKER] [MARKER] [MARKER] [MARKER] [MARKER] [MARKER] [MARKER] [MARKER] [MARKER] [MARKER] [MARKER] [MARKER] [MARKER] [MARKER] [MARKER] [MARKER] [K][LATE]9 DONE
[MARKER] [K][LATE_INIT_END]
[[AYKEN_BOOT_OK]]
P10_TSS_OK
[MARKER] [K][PHASE10] KERNEL_BEFORE_RING3
[MARKER] P10_EMBED_HASH_OK
UCCH OK=1 R=00000000047A7000 V=FFFFFFFF80001003 4T=00000000047A7000 4A=00000000047A7FF8 4E=00000000047A6023 3T=00000000047A6000 3A=00000000047A6FF0 3E=00000000047A5023 2T=00000000047A5000 2A=00000000047A5000 2E=00000000047A4023 1T=00000000047A4000 1A=00000000047A4008 1E=0000000005D2E103 FPA=0000000005D2E003
CCS OK=1 V=FFFFFFFF80001003 4P=1 4W=1 4U=0 4N=0 4G=0 4H=0 4A=1 4D=0 4R=0 4X=1 4L=0 3P=1 3W=1 3U=0 3N=0 3G=0 3H=0 3A=1 3D=0 3R=0 3X=1 3L=0 2P=1 2W=1 2U=0 2N=0 2G=0 2H=0 2A=1 2D=0 2R=0 2X=1 2L=0 1P=1 1W=1 1U=0 1N=0 1G=1 1H=0 1A=0 1D=0 1R=0 1X=1 1L=1 FPA=0000000005D2E003
[PTE] code VA=0000000000400000 PTE=00000000047A1007 P=1 U=1 W=1 NX=0 PA=00000000047A1000
P10_ROOT_FRAME_WITNESS phase=load root=00000000047A7000 pte=0000000000000000 phys=00000000047A7000 used=1 lo=00000000047A0007 hi=0000000000000000 hash=04EA898686E1E2CF
P10_TEXT_FRAME_WITNESS phase=load root=00000000047A7000 pte=00000000047A1007 phys=00000000047A1000 used=1 lo=4800700000C3C748 hi=8948C0FF4808438B hash=3B68EAFA86874C6F
Kernel stack (RSP0) mapping:
[PTE] rsp0-8 VA=FFFFFFFF82005C58 PTE=0000000005B84103 P=1 U=0 W=1 NX=0 PA=0000000005B84000
[PTE] rsp0_page VA=FFFFFFFF82004C60 PTE=0000000005B85163 P=1 U=0 W=1 NX=0 PA=0000000005B85000
[[AYKEN_LOW_HALF_KHEAP_RUNTIME]] phase=create seq=1 pid=2 pml4=0x00000000047A7000 kheap_start=0xFFFFFFFF82000000 kernel_virt_base=0xFFFFFFFF80000000 pte=0x0000000005B8A163 present=1 user=0 writable=1 nx=0 kheap_low_half=0 kernel_higher_half=1 scaffold=0 lower_half_roots=1 lower_half_leaves=10 lower_half_user_leaves=10
P10_ROOT_FRAME_WITNESS phase=ready root=00000000047A7000 pte=0000000000000000 phys=00000000047A7000 used=1 lo=00000000047A0007 hi=0000000000000000 hash=04EA898686E1E2CF
P10_TEXT_FRAME_WITNESS phase=ready root=00000000047A7000 pte=00000000047A1007 phys=00000000047A1000 used=1 lo=4800700000C3C748 hi=8948C0FF4808438B hash=3B68EAFA86874C6F
[MARKER] [MARKER] 00000000047A7000[MARKER] [MARKER] 00000000047A7000[MARKER] QPID:2
RE[[AYKEN_RING3_PREP_OK]]
P10_SCHED_ARMED
[MARKER] [K][LATE_INIT_RETURN]
[MARKER] [MARKER] [[AYKEN_PERF_PHASE]] name=core_ready ticks=26407903249 tick_valid=2
[MARKER] [K][BOOT_OK] Phase 4.4 minimal boot reached
AAA[K][ABOUT_TO_SCHED]
BBB[[AYKEN_PERF_PHASE]] name=first_sched_activity ticks=26408942937 tick_valid=2
[K][CFG] user_minimal_mode=syscall-v2-runtime bootstrap_policy=1 mb_selftest=0 deterministic_exit=1
S12[Q]2
34P10_BOOTSTRAP_POLICY_ACTIVE
[SEL]PID=1 ST=0 RIP=@82000018 0410 FULL=80000410
FTR0=0000000000000000 T0=FFFFFFFF80099000
TR=0028
@[[AYKEN_CTX_SWITCH]]
P10_SCHED_DISPATCH
tJI[MARKER] [MARKER] [[AYKEN_PERF_MB_PHASE]] name=arbiter_enter ticks=26414415729 tick_valid=2
[[AYKEN_PERF_MB_PHASE]] name=arbiter_owner_lookup_enter ticks=26414987131 tick_valid=2
[[AYKEN_PERF_MB_PHASE]] name=arbiter_owner_lookup_exit ticks=26415703041 tick_valid=2
[[AYKEN_PERF_MB_PHASE]] name=extract_enter ticks=26416245167 tick_valid=2
[[AYKEN_PERF_MB_PHASE]] name=snapshot_enter ticks=26416841295 tick_valid=2
[[AYKEN_PERF_MB_PHASE]] name=snapshot_exit ticks=26417354535 tick_valid=2
[[AYKEN_PERF_MB_EXTRACT_RAW]] epoch=1 candidate_pid=2 owner_last_epoch=0 ticks=26417815879 tick_valid=2
[[AYKEN_PERF_MB_EXTRACT_REASON]] name=ok ticks=26418658175 tick_valid=2
[[AYKEN_PERF_MB_PHASE]] name=extract_exit ticks=26419201289 tick_valid=2
[[AYKEN_PERF_MB_PHASE]] name=arbiter_decision_enter ticks=26419588741 tick_valid=2
[[AYKEN_PERF_MB_PHASE]] name=arbiter_candidate_lookup_enter ticks=26420003129 tick_valid=2
[[AYKEN_PERF_MB_PHASE]] name=arbiter_candidate_lookup_exit ticks=26420544267 tick_valid=2
[[AYKEN_PERF_MB_VISIBLE]] name=visible pid=2 ticks=26421065957 tick_valid=2
[[AYKEN_PERF_MB_PATH]] name=switch phase=enter ticks=26421709717 tick_valid=2
[[AYKEN_PERF_MB_CONSUME]] site=BLOCK old_last_epoch=0 new_last_epoch=1 candidate_epoch=1 reason=scheduler_switch_consume ticks=26422417437 tick_valid=2
[[AYKEN_PERF_MB_PHASE]] name=arbiter_decision_path_switch ticks=26423525089 tick_valid=2
[[AYKEN_PERF_MB_PHASE]] name=arbiter_candidate_accept_switch ticks=26423928713 tick_valid=2
[[AYKEN_PERF_MB_PATH]] name=switch phase=exit ticks=26424524347 tick_valid=2
[[AYKEN_PERF_MB_PHASE]] name=arbiter_decision_exit ticks=26424914451 tick_valid=2
[[AYKEN_PERF_MB_PHASE]] name=arbiter_exit ticks=26425298107 tick_valid=2
[[AYKEN_PERF_MB_PHASE]] name=handoff_enter ticks=26426002057 tick_valid=2
[[AYKEN_PERF_MB_PHASE]] name=handoff_exit ticks=26426368761 tick_valid=2
P10_MAILBOX_DECISION id=1 pid=2 valid=1 src=2
P10_RING3_PRECONDITION_WARN reason=transition_text_active_root_writable pid=2
P10_RING3_PRECONDITION_WARN reason=transition_text_high_half_writable pid=2
P10_DECISION_APPLIED id=1 pid=2 valid=0 src=2
[[AYKEN_PERF_PHASE]] name=first_user_entry ticks=26431887547 tick_valid=2
P10_RING3_ENTRY_GUARD_ARM
P10_TEXT_ROOT_PROOF AC=0000000005F87000 KC=0000000005F87000 TC=00000000047A7000 RC=00000000047A7000 RIP=0000000000400000 AP=0000000000400103 TP=00000000047A1007
P10_ROOT_FRAME_WITNESS phase=pre_dispatch root=00000000047A7000 pte=0000000000000000 phys=00000000047A7000 used=1 lo=00000000047A0007 hi=0000000000000000 hash=04EA898686E1E2CF
P10_TEXT_FRAME_WITNESS phase=pre_dispatch root=00000000047A7000 pte=00000000047A1007 phys=00000000047A1000 used=1 lo=4800700000C3C748 hi=8948C0FF4808438B hash=3B68EAFA86874C6F
WTX4 R=00000000047A7000 V=0000000000400000 I=0000000000000000 TP=00000000047A7000 EP=00000000047A7000 E=00000000047A0007 CF=00000000047A0000 4P=1 4W=1 4U=1 4N=0 4G=0 4H=0 4A=0 4D=0 4R=0 4X=1 4L=0
WTX3 R=00000000047A7000 V=0000000000400000 I=0000000000000000 TP=00000000047A0000 EP=00000000047A0000 E=000000000479F007 CF=000000000479F000 3P=1 3W=1 3U=1 3N=0 3G=0 3H=0 3A=0 3D=0 3R=0 3X=1 3L=0
WTX2 R=00000000047A7000 V=0000000000400000 I=0000000000000002 TP=000000000479F000 EP=000000000479F000 E=000000000479E007 CF=000000000479E000 2P=1 2W=1 2U=1 2N=0 2G=0 2H=0 2A=0 2D=0 2R=0 2X=1 2L=0
WTX1 R=00000000047A7000 V=0000000000400000 I=0000000000000000 TP=000000000479E000 EP=000000000479E000 E=00000000047A1007 CF=00000000047A1000 1P=1 1W=1 1U=1 1N=0 1G=0 1H=0 1A=0 1D=0 1R=0 1X=1 1L=1
WTXP V=0000000000400000 EQ=0 KE=0000000000400103 KF=0000000000400000 KP=1 KW=1 KU=0 KN=0 KG=1 KH=0 KA=0 KD=0 KR=0 KX=1 KL=1 TE=00000000047A1007 TF=00000000047A1000 TP=1 TW=1 TU=1 TN=0 TG=0 TH=0 TA=0 TD=0 TR=0 TX=1 TL=1
P10_RING3_ATTEMPT
P10_RFLAGS_IF_ON
P10_RING3_FRAME_PROOF FRSP=FFFFFFFF82005C38 RIP=0000000000400000 CS=0000000000000023 RF=0000000000000202 RSP=00000000007FFFF8 SS=000000000000001B BYTES=000040000000000023000000000000000202000000000000F8FF7F00000000001B00000000000000
P10_RING3_GATE_PROOF TR=0028 CTX0=FFFFFFFF82005C60 TSS0=FFFFFFFF82005C60 FCS=0000000000000023 FSS=000000000000001B IDTB=FFFFFFFF800E9FC0 IDTL=0000000000000FFF GPSEL=0008 GPIST=0000000000000000 GPTA=000000000000008F GPOFF=FFFFFFFF80016EF0 PFSEL=0008 PFIST=0000000000000000 PFTA=000000000000008F PFOFF=FFFFFFFF80016FA0
P10_RING3_COMMIT
P10_CR3_SWITCH
P10_RING3_ENTER
T[[AYKEN_LOW_HALF_KHEAP_RUNTIME]] phase=timer_irq seq=2 pid=2 pml4=0x00000000047A7000 kheap_start=0xFFFFFFFF82000000 kernel_virt_base=0xFFFFFFFF80000000 pte=0x0000000005B8A163 present=1 user=0 writable=1 nx=0 kheap_low_half=0 kernel_higher_half=1 scaffold=0 lower_half_roots=1 lower_half_leaves=10 lower_half_user_leaves=10
[[AYKEN_PERF_MB_PHASE]] name=validate_enter ticks=26454486669 tick_valid=2
[[AYKEN_PERF_MB_PHASE]] name=validate_exit ticks=26455739999 tick_valid=2
P10_IRQ_SNAPSHOT_OK rip=0000000000400000 rsp=00000000007FFFF8 cs=0023
P10_SCHED_EVENT_NOTIFY
P10_RING3_ENTRY_GUARD_DEFER_IRQ
P10_RING3_ENTRY_GUARD_DISARM
[[AYKEN_PERF_PHASE]] name=first_syscall_gate_entry ticks=26458207035 tick_valid=2
[[AYKEN_LOW_HALF_KHEAP_RUNTIME]] phase=syscall_entry seq=3 pid=2 pml4=0x00000000047A7000 kheap_start=0xFFFFFFFF82000000 kernel_virt_base=0xFFFFFFFF80000000 pte=0x0000000005B8A163 present=1 user=0 writable=1 nx=0 kheap_low_half=0 kernel_higher_half=1 scaffold=0 lower_half_roots=1 lower_half_leaves=10 lower_half_user_leaves=10
[[AYKEN_PERF_PHASE]] name=first_syscall_entry ticks=26460470231 tick_valid=2
[[AYKEN_SYSCALL_ENTER]]
P10_SYSCALL_ENTER
[[AYKEN_PERF_PHASE]] name=first_syscall_exit ticks=26461719713 tick_valid=2
[[AYKEN_SYSCALL_RETURN]]
P10_SYSCALL_RETURN
[[AYKEN_PERF_PHASE]] name=first_syscall_gate_return ticks=26462421609 tick_valid=2
T[[AYKEN_PERF_MB_CONSUME]] site=timer_validate_irq old_last_epoch=1 new_last_epoch=3 candidate_epoch=3 reason=timer_validate_accept_consume ticks=26463437481 tick_valid=2
[[AYKEN_SCHED_MB_ACCEPT]] pid=2 epoch=3
rY[IRQ][SCH]
P12[[AYKEN_PERF_MB_EXTRACT_RAW]] epoch=3 candidate_pid=2 owner_last_epoch=3 ticks=26466861187 tick_valid=2
[[AYKEN_PERF_MB_EXTRACT_REASON]] name=epoch_stale ticks=26467770979 tick_valid=2
P10_MAILBOX_MISS_KEEP_RUNNING
[[AYKEN_PERF_MB_PATH]] name=fallback phase=enter ticks=26468837499 tick_valid=2
[[AYKEN_PERF_MB_PHASE]] name=arbiter_decision_path_fallback ticks=26469351831 tick_valid=2
[[AYKEN_PERF_MB_PHASE]] name=arbiter_keep_running_fallback ticks=26469875003 tick_valid=2
[[AYKEN_PERF_MB_PATH]] name=fallback phase=exit ticks=26470345915 tick_valid=2
[[AYKEN_PERF_MB_REASON]] name=no_candidate ticks=26470788591 tick_valid=2
N12
P10_IRQ_SCHED_DECISION prev=2 next=2 used_mailbox=0 keep_running=1
MARK:PID=2
MARK:SW=U>U
MARK:IRET
P10_IRQ_CANONICAL_RETURN
P10_TEXT_ROOT_PROOF AC=00000000047A7000 KC=0000000005F87000 TC=00000000047A7000 RC=00000000047A7000 RIP=0000000000400037 AP=0000000000400103 TP=00000000047A1027
P10_ROOT_FRAME_WITNESS phase=pre_dispatch root=00000000047A7000 pte=0000000000000000 phys=00000000047A7000 used=1 lo=00000000047A0027 hi=0000000000000000 hash=6B7F8C95757869EF
P10_TEXT_FRAME_WITNESS phase=pre_dispatch root=00000000047A7000 pte=00000000047A1027 phys=00000000047A1000 used=1 lo=4800700000C3C748 hi=8948C0FF4808438B hash=3B68EAFA86874C6F
WTX4 R=00000000047A7000 V=0000000000400037 I=0000000000000000 TP=00000000047A7000 EP=00000000047A7000 E=00000000047A0027 CF=00000000047A0000 4P=1 4W=1 4U=1 4N=0 4G=0 4H=0 4A=1 4D=0 4R=0 4X=1 4L=0
WTX3 R=00000000047A7000 V=0000000000400037 I=0000000000000000 TP=00000000047A0000 EP=00000000047A0000 E=000000000479F027 CF=000000000479F000 3P=1 3W=1 3U=1 3N=0 3G=0 3H=0 3A=1 3D=0 3R=0 3X=1 3L=0
WTX2 R=00000000047A7000 V=0000000000400037 I=0000000000000002 TP=000000000479F000 EP=000000000479F000 E=000000000479E027 CF=000000000479E000 2P=1 2W=1 2U=1 2N=0 2G=0 2H=0 2A=1 2D=0 2R=0 2X=1 2L=0
WTX1 R=00000000047A7000 V=0000000000400037 I=0000000000000000 TP=000000000479E000 EP=000000000479E000 E=00000000047A1027 CF=00000000047A1000 1P=1 1W=1 1U=1 1N=0 1G=0 1H=0 1A=1 1D=0 1R=0 1X=1 1L=1
WTXP V=0000000000400037 EQ=0 KE=0000000000400103 KF=0000000000400000 KP=1 KW=1 KU=0 KN=0 KG=1 KH=0 KA=0 KD=0 KR=0 KX=1 KL=1 TE=00000000047A1027 TF=00000000047A1000 TP=1 TW=1 TU=1 TN=0 TG=0 TH=0 TA=1 TD=0 TR=0 TX=1 TL=1
P10_RING3_ATTEMPT
P10_RFLAGS_IF_ON
P10_RING3_FRAME_PROOF FRSP=FFFFFFFF82005C38 RIP=0000000000400037 CS=0000000000000023 RF=0000000000000246 RSP=00000000007FFFB8 SS=000000000000001B BYTES=370040000000000023000000000000004602000000000000B8FF7F00000000001B00000000000000
P10_RING3_GATE_PROOF TR=0028 CTX0=FFFFFFFF82005C60 TSS0=FFFFFFFF82005C60 FCS=0000000000000023 FSS=000000000000001B IDTB=FFFFFFFF800E9FC0 IDTL=0000000000000FFF GPSEL=0008 GPIST=0000000000000000 GPTA=000000000000008F GPOFF=FFFFFFFF80016EF0 PFSEL=0008 PFIST=0000000000000000 PFTA=000000000000008F PFOFF=FFFFFFFF80016FA0
P10_RING3_COMMIT
P10_CR3_SWITCH
P10_RING3_ENTER
rY[IRQ][SCH]
P12[[AYKEN_PERF_MB_EXTRACT_RAW]] epoch=3 candidate_pid=2 owner_last_epoch=3 ticks=26490858615 tick_valid=2
[[AYKEN_PERF_MB_EXTRACT_REASON]] name=epoch_stale ticks=26491300043 tick_valid=2
[[AYKEN_PERF_MB_PATH]] name=fallback phase=enter ticks=26491643763 tick_valid=2
[[AYKEN_PERF_MB_PATH]] name=fallback phase=exit ticks=26492057137 tick_valid=2
[[AYKEN_PERF_MB_REASON]] name=no_candidate ticks=26492383853 tick_valid=2
N12
MARK:PID=2
MARK:SW=U>U
MARK:IRET
P10_TEXT_ROOT_PROOF AC=00000000047A7000 KC=0000000005F87000 TC=00000000047A7000 RC=00000000047A7000 RIP=0000000000400037 AP=0000000000400103 TP=00000000047A1027
P10_ROOT_FRAME_WITNESS phase=pre_dispatch root=00000000047A7000 pte=0000000000000000 phys=00000000047A7000 used=1 lo=00000000047A0027 hi=0000000000000000 hash=6B7F8C95757869EF
P10_TEXT_FRAME_WITNESS phase=pre_dispatch root=00000000047A7000 pte=00000000047A1027 phys=00000000047A1000 used=1 lo=4800700000C3C748 hi=8948C0FF4808438B hash=3B68EAFA86874C6F
WTX4 R=00000000047A7000 V=0000000000400037 I=0000000000000000 TP=00000000047A7000 EP=00000000047A7000 E=00000000047A0027 CF=00000000047A0000 4P=1 4W=1 4U=1 4N=0 4G=0 4H=0 4A=1 4D=0 4R=0 4X=1 4L=0
WTX3 R=00000000047A7000 V=0000000000400037 I=0000000000000000 TP=00000000047A0000 EP=00000000047A0000 E=000000000479F027 CF=000000000479F000 3P=1 3W=1 3U=1 3N=0 3G=0 3H=0 3A=1 3D=0 3R=0 3X=1 3L=0
WTX2 R=00000000047A7000 V=0000000000400037 I=0000000000000002 TP=000000000479F000 EP=000000000479F000 E=000000000479E027 CF=000000000479E000 2P=1 2W=1 2U=1 2N=0 2G=0 2H=0 2A=1 2D=0 2R=0 2X=1 2L=0
WTX1 R=00000000047A7000 V=0000000000400037 I=0000000000000000 TP=000000000479E000 EP=000000000479E000 E=00000000047A1027 CF=00000000047A1000 1P=1 1W=1 1U=1 1N=0 1G=0 1H=0 1A=1 1D=0 1R=0 1X=1 1L=1
WTXP V=0000000000400037 EQ=0 KE=0000000000400103 KF=0000000000400000 KP=1 KW=1 KU=0 KN=0 KG=1 KH=0 KA=0 KD=0 KR=0 KX=1 KL=1 TE=00000000047A1027 TF=00000000047A1000 TP=1 TW=1 TU=1 TN=0 TG=0 TH=0 TA=1 TD=0 TR=0 TX=1 TL=1
P10_RING3_ATTEMPT
P10_RFLAGS_IF_ON
P10_RING3_FRAME_PROOF FRSP=FFFFFFFF82005C38 RIP=0000000000400037 CS=0000000000000023 RF=0000000000000246 RSP=00000000007FFFB8 SS=000000000000001B BYTES=370040000000000023000000000000004602000000000000B8FF7F00000000001B00000000000000
P10_RING3_GATE_PROOF TR=0028 CTX0=FFFFFFFF82005C60 TSS0=FFFFFFFF82005C60 FCS=0000000000000023 FSS=000000000000001B IDTB=FFFFFFFF800E9FC0 IDTL=0000000000000FFF GPSEL=0008 GPIST=0000000000000000 GPTA=000000000000008F GPOFF=FFFFFFFF80016EF0 PFSEL=0008 PFIST=0000000000000000 PFTA=000000000000008F PFOFF=FFFFFFFF80016FA0
P10_RING3_COMMIT
P10_CR3_SWITCH
P10_RING3_ENTER
TrY[IRQ][SCH]
P12[[AYKEN_PERF_MB_EXTRACT_RAW]] epoch=3 candidate_pid=2 owner_last_epoch=3 ticks=26503530833 tick_valid=2
[[AYKEN_PERF_MB_EXTRACT_REASON]] name=epoch_stale ticks=26504006789 tick_valid=2
[[AYKEN_PERF_MB_PATH]] name=fallback phase=enter ticks=26504349469 tick_valid=2
[[AYKEN_PERF_MB_PATH]] name=fallback phase=exit ticks=26504759905 tick_valid=2
[[AYKEN_PERF_MB_REASON]] name=no_candidate ticks=26505089819 tick_valid=2
N12
MARK:PID=2
MARK:SW=U>U
MARK:IRET
P10_TEXT_ROOT_PROOF AC=00000000047A7000 KC=0000000005F87000 TC=00000000047A7000 RC=00000000047A7000 RIP=0000000000400037 AP=0000000000400103 TP=00000000047A1027
P10_ROOT_FRAME_WITNESS phase=pre_dispatch root=00000000047A7000 pte=0000000000000000 phys=00000000047A7000 used=1 lo=00000000047A0027 hi=0000000000000000 hash=6B7F8C95757869EF
P10_TEXT_FRAME_WITNESS phase=pre_dispatch root=00000000047A7000 pte=00000000047A1027 phys=00000000047A1000 used=1 lo=4800700000C3C748 hi=8948C0FF4808438B hash=3B68EAFA86874C6F
WTX4 R=00000000047A7000 V=0000000000400037 I=0000000000000000 TP=00000000047A7000 EP=00000000047A7000 E=00000000047A0027 CF=00000000047A0000 4P=1 4W=1 4U=1 4N=0 4G=0 4H=0 4A=1 4D=0 4R=0 4X=1 4L=0
WTX3 R=00000000047A7000 V=0000000000400037 I=0000000000000000 TP=00000000047A0000 EP=00000000047A0000 E=000000000479F027 CF=000000000479F000 3P=1 3W=1 3U=1 3N=0 3G=0 3H=0 3A=1 3D=0 3R=0 3X=1 3L=0
WTX2 R=00000000047A7000 V=0000000000400037 I=0000000000000002 TP=000000000479F000 EP=000000000479F000 E=000000000479E027 CF=000000000479E000 2P=1 2W=1 2U=1 2N=0 2G=0 2H=0 2A=1 2D=0 2R=0 2X=1 2L=0
WTX1 R=00000000047A7000 V=0000000000400037 I=0000000000000000 TP=000000000479E000 EP=000000000479E000 E=00000000047A1027 CF=00000000047A1000 1P=1 1W=1 1U=1 1N=0 1G=0 1H=0 1A=1 1D=0 1R=0 1X=1 1L=1
WTXP V=0000000000400037 EQ=0 KE=0000000000400103 KF=0000000000400000 KP=1 KW=1 KU=0 KN=0 KG=1 KH=0 KA=0 KD=0 KR=0 KX=1 KL=1 TE=00000000047A1027 TF=00000000047A1000 TP=1 TW=1 TU=1 TN=0 TG=0 TH=0 TA=1 TD=0 TR=0 TX=1 TL=1
P10_RING3_ATTEMPT
P10_RFLAGS_IF_ON
P10_RING3_FRAME_PROOF FRSP=FFFFFFFF82005C38 RIP=0000000000400037 CS=0000000000000023 RF=0000000000000246 RSP=00000000007FFFB8 SS=000000000000001B BYTES=370040000000000023000000000000004602000000000000B8FF7F00000000001B00000000000000
P10_RING3_GATE_PROOF TR=0028 CTX0=FFFFFFFF82005C60 TSS0=FFFFFFFF82005C60 FCS=0000000000000023 FSS=000000000000001B IDTB=FFFFFFFF800E9FC0 IDTL=0000000000000FFF GPSEL=0008 GPIST=0000000000000000 GPTA=000000000000008F GPOFF=FFFFFFFF80016EF0 PFSEL=0008 PFIST=0000000000000000 PFTA=000000000000008F PFOFF=FFFFFFFF80016FA0
P10_RING3_COMMIT
P10_CR3_SWITCH
P10_RING3_ENTER
rY[IRQ][SCH]
P12[[AYKEN_PERF_MB_EXTRACT_RAW]] epoch=3 candidate_pid=2 owner_last_epoch=3 ticks=26516068579 tick_valid=2
[[AYKEN_PERF_MB_EXTRACT_REASON]] name=epoch_stale ticks=26516632935 tick_valid=2
[[AYKEN_PERF_MB_PATH]] name=fallback phase=enter ticks=26517011053 tick_valid=2
[[AYKEN_PERF_MB_PATH]] name=fallback phase=exit ticks=26517345933 tick_valid=2
[[AYKEN_PERF_MB_REASON]] name=no_candidate ticks=26517706761 tick_valid=2
N12
MARK:PID=2
MARK:SW=U>U
MARK:IRET
P10_TEXT_ROOT_PROOF AC=00000000047A7000 KC=0000000005F87000 TC=00000000047A7000 RC=00000000047A7000 RIP=0000000000400037 AP=0000000000400103 TP=00000000047A1027
P10_ROOT_FRAME_WITNESS phase=pre_dispatch root=00000000047A7000 pte=0000000000000000 phys=00000000047A7000 used=1 lo=00000000047A0027 hi=0000000000000000 hash=6B7F8C95757869EF
P10_TEXT_FRAME_WITNESS phase=pre_dispatch root=00000000047A7000 pte=00000000047A1027 phys=00000000047A1000 used=1 lo=4800700000C3C748 hi=8948C0FF4808438B hash=3B68EAFA86874C6F
WTX4 R=00000000047A7000 V=0000000000400037 I=0000000000000000 TP=00000000047A7000 EP=00000000047A7000 E=00000000047A0027 CF=00000000047A0000 4P=1 4W=1 4U=1 4N=0 4G=0 4H=0 4A=1 4D=0 4R=0 4X=1 4L=0
WTX3 R=00000000047A7000 V=0000000000400037 I=0000000000000000 TP=00000000047A0000 EP=00000000047A0000 E=000000000479F027 CF=000000000479F000 3P=1 3W=1 3U=1 3N=0 3G=0 3H=0 3A=1 3D=0 3R=0 3X=1 3L=0
WTX2 R=00000000047A7000 V=0000000000400037 I=0000000000000002 TP=000000000479F000 EP=000000000479F000 E=000000000479E027 CF=000000000479E000 2P=1 2W=1 2U=1 2N=0 2G=0 2H=0 2A=1 2D=0 2R=0 2X=1 2L=0
WTX1 R=00000000047A7000 V=0000000000400037 I=0000000000000000 TP=000000000479E000 EP=000000000479E000 E=00000000047A1027 CF=00000000047A1000 1P=1 1W=1 1U=1 1N=0 1G=0 1H=0 1A=1 1D=0 1R=0 1X=1 1L=1
WTXP V=0000000000400037 EQ=0 KE=0000000000400103 KF=0000000000400000 KP=1 KW=1 KU=0 KN=0 KG=1 KH=0 KA=0 KD=0 KR=0 KX=1 KL=1 TE=00000000047A1027 TF=00000000047A1000 TP=1 TW=1 TU=1 TN=0 TG=0 TH=0 TA=1 TD=0 TR=0 TX=1 TL=1
P10_RING3_ATTEMPT
P10_RFLAGS_IF_ON
P10_RING3_FRAME_PROOF FRSP=FFFFFFFF82005C38 RIP=0000000000400037 CS=0000000000000023 RF=0000000000000246 RSP=00000000007FFFB8 SS=000000000000001B BYTES=370040000000000023000000000000004602000000000000B8FF7F00000000001B00000000000000
P10_RING3_GATE_PROOF TR=0028 CTX0=FFFFFFFF82005C60 TSS0=FFFFFFFF82005C60 FCS=0000000000000023 FSS=000000000000001B IDTB=FFFFFFFF800E9FC0 IDTL=0000000000000FFF GPSEL=0008 GPIST=0000000000000000 GPTA=000000000000008F GPOFF=FFFFFFFF80016EF0 PFSEL=0008 PFIST=0000000000000000 PFTA=000000000000008F PFOFF=FFFFFFFF80016FA0
P10_RING3_COMMIT
P10_CR3_SWITCH
P10_RING3_ENTER
TrY[IRQ][SCH]
P12[[AYKEN_PERF_MB_EXTRACT_RAW]] epoch=3 candidate_pid=2 owner_last_epoch=3 ticks=26529214049 tick_valid=2
[[AYKEN_PERF_MB_EXTRACT_REASON]] name=epoch_stale ticks=26529812465 tick_valid=2
[[AYKEN_PERF_MB_PATH]] name=fallback phase=enter ticks=26530180755 tick_valid=2
[[AYKEN_PERF_MB_PATH]] name=fallback phase=exit ticks=26530543507 tick_valid=2
[[AYKEN_PERF_MB_REASON]] name=no_candidate ticks=26530987145 tick_valid=2
N12
MARK:PID=2
MARK:SW=U>U
MARK:IRET
P10_TEXT_ROOT_PROOF AC=00000000047A7000 KC=0000000005F87000 TC=00000000047A7000 RC=00000000047A7000 RIP=0000000000400037 AP=0000000000400103 TP=00000000047A1027
P10_ROOT_FRAME_WITNESS phase=pre_dispatch root=00000000047A7000 pte=0000000000000000 phys=00000000047A7000 used=1 lo=00000000047A0027 hi=0000000000000000 hash=6B7F8C95757869EF
P10_TEXT_FRAME_WITNESS phase=pre_dispatch root=00000000047A7000 pte=00000000047A1027 phys=00000000047A1000 used=1 lo=4800700000C3C748 hi=8948C0FF4808438B hash=3B68EAFA86874C6F
WTX4 R=00000000047A7000 V=0000000000400037 I=0000000000000000 TP=00000000047A7000 EP=00000000047A7000 E=00000000047A0027 CF=00000000047A0000 4P=1 4W=1 4U=1 4N=0 4G=0 4H=0 4A=1 4D=0 4R=0 4X=1 4L=0
WTX3 R=00000000047A7000 V=0000000000400037 I=0000000000000000 TP=00000000047A0000 EP=00000000047A0000 E=000000000479F027 CF=000000000479F000 3P=1 3W=1 3U=1 3N=0 3G=0 3H=0 3A=1 3D=0 3R=0 3X=1 3L=0
WTX2 R=00000000047A7000 V=0000000000400037 I=0000000000000002 TP=000000000479F000 EP=000000000479F000 E=000000000479E027 CF=000000000479E000 2P=1 2W=1 2U=1 2N=0 2G=0 2H=0 2A=1 2D=0 2R=0 2X=1 2L=0
WTX1 R=00000000047A7000 V=0000000000400037 I=0000000000000000 TP=000000000479E000 EP=000000000479E000 E=00000000047A1027 CF=00000000047A1000 1P=1 1W=1 1U=1 1N=0 1G=0 1H=0 1A=1 1D=0 1R=0 1X=1 1L=1
WTXP V=0000000000400037 EQ=0 KE=0000000000400103 KF=0000000000400000 KP=1 KW=1 KU=0 KN=0 KG=1 KH=0 KA=0 KD=0 KR=0 KX=1 KL=1 TE=00000000047A1027 TF=00000000047A1000 TP=1 TW=1 TU=1 TN=0 TG=0 TH=0 TA=1 TD=0 TR=0 TX=1 TL=1
P10_RING3_ATTEMPT
P10_RFLAGS_IF_ON
P10_RING3_FRAME_PROOF FRSP=FFFFFFFF82005C38 RIP=0000000000400037 CS=0000000000000023 RF=0000000000000246 RSP=00000000007FFFB8 SS=000000000000001B BYTES=370040000000000023000000000000004602000000000000B8FF7F00000000001B00000000000000
P10_RING3_GATE_PROOF TR=0028 CTX0=FFFFFFFF82005C60 TSS0=FFFFFFFF82005C60 FCS=0000000000000023 FSS=000000000000001B IDTB=FFFFFFFF800E9FC0 IDTL=0000000000000FFF GPSEL=0008 GPIST=0000000000000000 GPTA=000000000000008F GPOFF=FFFFFFFF80016EF0 PFSEL=0008 PFIST=0000000000000000 PFTA=000000000000008F PFOFF=FFFFFFFF80016FA0
P10_RING3_COMMIT
P10_CR3_SWITCH
P10_RING3_ENTER
rY[IRQ][SCH]
P12[[AYKEN_PERF_MB_EXTRACT_RAW]] epoch=3 candidate_pid=2 owner_last_epoch=3 ticks=26542769955 tick_valid=2
[[AYKEN_PERF_MB_EXTRACT_REASON]] name=epoch_stale ticks=26543249837 tick_valid=2
[[AYKEN_PERF_MB_PATH]] name=fallback phase=enter ticks=26543639577 tick_valid=2
[[AYKEN_PERF_MB_PATH]] name=fallback phase=exit ticks=26544037689 tick_valid=2
[[AYKEN_PERF_MB_REASON]] name=no_candidate ticks=26544388663 tick_valid=2
N12
MARK:PID=2
MARK:SW=U>U
MARK:IRET
P10_TEXT_ROOT_PROOF AC=00000000047A7000 KC=0000000005F87000 TC=00000000047A7000 RC=00000000047A7000 RIP=0000000000400037 AP=0000000000400103 TP=00000000047A1027
P10_ROOT_FRAME_WITNESS phase=pre_dispatch root=00000000047A7000 pte=0000000000000000 phys=00000000047A7000 used=1 lo=00000000047A0027 hi=0000000000000000 hash=6B7F8C95757869EF
P10_TEXT_FRAME_WITNESS phase=pre_dispatch root=00000000047A7000 pte=00000000047A1027 phys=00000000047A1000 used=1 lo=4800700000C3C748 hi=8948C0FF4808438B hash=3B68EAFA86874C6F
WTX4 R=00000000047A7000 V=0000000000400037 I=0000000000000000 TP=00000000047A7000 EP=00000000047A7000 E=00000000047A0027 CF=00000000047A0000 4P=1 4W=1 4U=1 4N=0 4G=0 4H=0 4A=1 4D=0 4R=0 4X=1 4L=0
WTX3 R=00000000047A7000 V=0000000000400037 I=0000000000000000 TP=00000000047A0000 EP=00000000047A0000 E=000000000479F027 CF=000000000479F000 3P=1 3W=1 3U=1 3N=0 3G=0 3H=0 3A=1 3D=0 3R=0 3X=1 3L=0
WTX2 R=00000000047A7000 V=0000000000400037 I=0000000000000002 TP=000000000479F000 EP=000000000479F000 E=000000000479E027 CF=000000000479E000 2P=1 2W=1 2U=1 2N=0 2G=0 2H=0 2A=1 2D=0 2R=0 2X=1 2L=0
WTX1 R=00000000047A7000 V=0000000000400037 I=0000000000000000 TP=000000000479E000 EP=000000000479E000 E=00000000047A1027 CF=00000000047A1000 1P=1 1W=1 1U=1 1N=0 1G=0 1H=0 1A=1 1D=0 1R=0 1X=1 1L=1
WTXP V=0000000000400037 EQ=0 KE=0000000000400103 KF=0000000000400000 KP=1 KW=1 KU=0 KN=0 KG=1 KH=0 KA=0 KD=0 KR=0 KX=1 KL=1 TE=00000000047A1027 TF=00000000047A1000 TP=1 TW=1 TU=1 TN=0 TG=0 TH=0 TA=1 TD=0 TR=0 TX=1 TL=1
P10_RING3_ATTEMPT
P10_RFLAGS_IF_ON
P10_RING3_FRAME_PROOF FRSP=FFFFFFFF82005C38 RIP=0000000000400037 CS=0000000000000023 RF=0000000000000246 RSP=00000000007FFFB8 SS=000000000000001B BYTES=370040000000000023000000000000004602000000000000B8FF7F00000000001B00000000000000
P10_RING3_GATE_PROOF TR=0028 CTX0=FFFFFFFF82005C60 TSS0=FFFFFFFF82005C60 FCS=0000000000000023 FSS=000000000000001B IDTB=FFFFFFFF800E9FC0 IDTL=0000000000000FFF GPSEL=0008 GPIST=0000000000000000 GPTA=000000000000008F GPOFF=FFFFFFFF80016EF0 PFSEL=0008 PFIST=0000000000000000 PFTA=000000000000008F PFOFF=FFFFFFFF80016FA0
P10_RING3_COMMIT
P10_CR3_SWITCH
P10_RING3_ENTER
[[AYKEN_TICK]]
TrY[IRQ][SCH]
P12[[AYKEN_PERF_MB_EXTRACT_RAW]] epoch=3 candidate_pid=2 owner_last_epoch=3 ticks=26556195367 tick_valid=2
[[AYKEN_PERF_MB_EXTRACT_REASON]] name=epoch_stale ticks=26556721581 tick_valid=2
[[AYKEN_PERF_MB_PATH]] name=fallback phase=enter ticks=26557139661 tick_valid=2
[[AYKEN_PERF_MB_PATH]] name=fallback phase=exit ticks=26557502569 tick_valid=2
[[AYKEN_PERF_MB_REASON]] name=no_candidate ticks=26557857287 tick_valid=2
N12
MARK:PID=2
MARK:SW=U>U
MARK:IRET
P10_TEXT_ROOT_PROOF AC=00000000047A7000 KC=0000000005F87000 TC=00000000047A7000 RC=00000000047A7000 RIP=0000000000400037 AP=0000000000400103 TP=00000000047A1027
P10_ROOT_FRAME_WITNESS phase=pre_dispatch root=00000000047A7000 pte=0000000000000000 phys=00000000047A7000 used=1 lo=00000000047A0027 hi=0000000000000000 hash=6B7F8C95757869EF
P10_TEXT_FRAME_WITNESS phase=pre_dispatch root=00000000047A7000 pte=00000000047A1027 phys=00000000047A1000 used=1 lo=4800700000C3C748 hi=8948C0FF4808438B hash=3B68EAFA86874C6F
WTX4 R=00000000047A7000 V=0000000000400037 I=0000000000000000 TP=00000000047A7000 EP=00000000047A7000 E=00000000047A0027 CF=00000000047A0000 4P=1 4W=1 4U=1 4N=0 4G=0 4H=0 4A=1 4D=0 4R=0 4X=1 4L=0
WTX3 R=00000000047A7000 V=0000000000400037 I=0000000000000000 TP=00000000047A0000 EP=00000000047A0000 E=000000000479F027 CF=000000000479F000 3P=1 3W=1 3U=1 3N=0 3G=0 3H=0 3A=1 3D=0 3R=0 3X=1 3L=0
WTX2 R=00000000047A7000 V=0000000000400037 I=0000000000000002 TP=000000000479F000 EP=000000000479F000 E=000000000479E027 CF=000000000479E000 2P=1 2W=1 2U=1 2N=0 2G=0 2H=0 2A=1 2D=0 2R=0 2X=1 2L=0
WTX1 R=00000000047A7000 V=0000000000400037 I=0000000000000000 TP=000000000479E000 EP=000000000479E000 E=00000000047A1027 CF=00000000047A1000 1P=1 1W=1 1U=1 1N=0 1G=0 1H=0 1A=1 1D=0 1R=0 1X=1 1L=1
WTXP V=0000000000400037 EQ=0 KE=0000000000400103 KF=0000000000400000 KP=1 KW=1 KU=0 KN=0 KG=1 KH=0 KA=0 KD=0 KR=0 KX=1 KL=1 TE=00000000047A1027 TF=00000000047A1000 TP=1 TW=1 TU=1 TN=0 TG=0 TH=0 TA=1 TD=0 TR=0 TX=1 TL=1
P10_RING3_ATTEMPT
P10_RFLAGS_IF_ON
P10_RING3_FRAME_PROOF FRSP=FFFFFFFF82005C38 RIP=0000000000400037 CS=0000000000000023 RF=0000000000000246 RSP=00000000007FFFB8 SS=000000000000001B BYTES=370040000000000023000000000000004602000000000000B8FF7F00000000001B00000000000000
P10_RING3_GATE_PROOF TR=0028 CTX0=FFFFFFFF82005C60 TSS0=FFFFFFFF82005C60 FCS=0000000000000023 FSS=000000000000001B IDTB=FFFFFFFF800E9FC0 IDTL=0000000000000FFF GPSEL=0008 GPIST=0000000000000000 GPTA=000000000000008F GPOFF=FFFFFFFF80016EF0 PFSEL=0008 PFIST=0000000000000000 PFTA=000000000000008F PFOFF=FFFFFFFF80016FA0
P10_RING3_COMMIT
P10_CR3_SWITCH
P10_RING3_ENTER
rY[IRQ][SCH]
P12[[AYKEN_PERF_MB_EXTRACT_RAW]] epoch=3 candidate_pid=2 owner_last_epoch=3 ticks=26570164985 tick_valid=2
[[AYKEN_PERF_MB_EXTRACT_REASON]] name=epoch_stale ticks=26570641201 tick_valid=2
[[AYKEN_PERF_MB_PATH]] name=fallback phase=enter ticks=26571112451 tick_valid=2
[[AYKEN_PERF_MB_PATH]] name=fallback phase=exit ticks=26571517713 tick_valid=2
[[AYKEN_PERF_MB_REASON]] name=no_candidate ticks=26571870403 tick_valid=2
N12
MARK:PID=2
MARK:SW=U>U
MARK:IRET
P10_TEXT_ROOT_PROOF AC=00000000047A7000 KC=0000000005F87000 TC=00000000047A7000 RC=00000000047A7000 RIP=0000000000400037 AP=0000000000400103 TP=00000000047A1027
P10_ROOT_FRAME_WITNESS phase=pre_dispatch root=00000000047A7000 pte=0000000000000000 phys=00000000047A7000 used=1 lo=00000000047A0027 hi=0000000000000000 hash=6B7F8C95757869EF
P10_TEXT_FRAME_WITNESS phase=pre_dispatch root=00000000047A7000 pte=00000000047A1027 phys=00000000047A1000 used=1 lo=4800700000C3C748 hi=8948C0FF4808438B hash=3B68EAFA86874C6F
WTX4 R=00000000047A7000 V=0000000000400037 I=0000000000000000 TP=00000000047A7000 EP=00000000047A7000 E=00000000047A0027 CF=00000000047A0000 4P=1 4W=1 4U=1 4N=0 4G=0 4H=0 4A=1 4D=0 4R=0 4X=1 4L=0
WTX3 R=00000000047A7000 V=0000000000400037 I=0000000000000000 TP=00000000047A0000 EP=00000000047A0000 E=000000000479F027 CF=000000000479F000 3P=1 3W=1 3U=1 3N=0 3G=0 3H=0 3A=1 3D=0 3R=0 3X=1 3L=0
WTX2 R=00000000047A7000 V=0000000000400037 I=0000000000000002 TP=000000000479F000 EP=000000000479F000 E=000000000479E027 CF=000000000479E000 2P=1 2W=1 2U=1 2N=0 2G=0 2H=0 2A=1 2D=0 2R=0 2X=1 2L=0
WTX1 R=00000000047A7000 V=0000000000400037 I=0000000000000000 TP=000000000479E000 EP=000000000479E000 E=00000000047A1027 CF=00000000047A1000 1P=1 1W=1 1U=1 1N=0 1G=0 1H=0 1A=1 1D=0 1R=0 1X=1 1L=1
WTXP V=0000000000400037 EQ=0 KE=0000000000400103 KF=0000000000400000 KP=1 KW=1 KU=0 KN=0 KG=1 KH=0 KA=0 KD=0 KR=0 KX=1 KL=1 TE=00000000047A1027 TF=00000000047A1000 TP=1 TW=1 TU=1 TN=0 TG=0 TH=0 TA=1 TD=0 TR=0 TX=1 TL=1
P10_RING3_ATTEMPT
P10_RFLAGS_IF_ON
P10_RING3_FRAME_PROOF FRSP=FFFFFFFF82005C38 RIP=0000000000400037 CS=0000000000000023 RF=0000000000000246 RSP=00000000007FFFB8 SS=000000000000001B BYTES=370040000000000023000000000000004602000000000000B8FF7F00000000001B00000000000000
P10_RING3_GATE_PROOF TR=0028 CTX0=FFFFFFFF82005C60 TSS0=FFFFFFFF82005C60 FCS=0000000000000023 FSS=000000000000001B IDTB=FFFFFFFF800E9FC0 IDTL=0000000000000FFF GPSEL=0008 GPIST=0000000000000000 GPTA=000000000000008F GPOFF=FFFFFFFF80016EF0 PFSEL=0008 PFIST=0000000000000000 PFTA=000000000000008F PFOFF=FFFFFFFF80016FA0
P10_RING3_COMMIT
P10_CR3_SWITCH
P10_RING3_ENTER
TrY[IRQ][SCH]
P12[[AYKEN_PERF_MB_EXTRACT_RAW]] epoch=3 candidate_pid=2 owner_last_epoch=3 ticks=26583816389 tick_valid=2
[[AYKEN_PERF_MB_EXTRACT_REASON]] name=epoch_stale ticks=26584446837 tick_valid=2
[[AYKEN_PERF_MB_PATH]] name=fallback phase=enter ticks=26584814737 tick_valid=2
[[AYKEN_PERF_MB_PATH]] name=fallback phase=exit ticks=26585227071 tick_valid=2
[[AYKEN_PERF_MB_REASON]] name=no_candidate ticks=26585580437 tick_valid=2
N12
MARK:PID=2
MARK:SW=U>U
MARK:IRET
P10_TEXT_ROOT_PROOF AC=00000000047A7000 KC=0000000005F87000 TC=00000000047A7000 RC=00000000047A7000 RIP=0000000000400037 AP=0000000000400103 TP=00000000047A1027
P10_ROOT_FRAME_WITNESS phase=pre_dispatch root=00000000047A7000 pte=0000000000000000 phys=00000000047A7000 used=1 lo=00000000047A0027 hi=0000000000000000 hash=6B7F8C95757869EF
P10_TEXT_FRAME_WITNESS phase=pre_dispatch root=00000000047A7000 pte=00000000047A1027 phys=00000000047A1000 used=1 lo=4800700000C3C748 hi=8948C0FF4808438B hash=3B68EAFA86874C6F
WTX4 R=00000000047A7000 V=0000000000400037 I=0000000000000000 TP=00000000047A7000 EP=00000000047A7000 E=00000000047A0027 CF=00000000047A0000 4P=1 4W=1 4U=1 4N=0 4G=0 4H=0 4A=1 4D=0 4R=0 4X=1 4L=0
WTX3 R=00000000047A7000 V=0000000000400037 I=0000000000000000 TP=00000000047A0000 EP=00000000047A0000 E=000000000479F027 CF=000000000479F000 3P=1 3W=1 3U=1 3N=0 3G=0 3H=0 3A=1 3D=0 3R=0 3X=1 3L=0
WTX2 R=00000000047A7000 V=0000000000400037 I=0000000000000002 TP=000000000479F000 EP=000000000479F000 E=000000000479E027 CF=000000000479E000 2P=1 2W=1 2U=1 2N=0 2G=0 2H=0 2A=1 2D=0 2R=0 2X=1 2L=0
WTX1 R=00000000047A7000 V=0000000000400037 I=0000000000000000 TP=000000000479E000 EP=000000000479E000 E=00000000047A1027 CF=00000000047A1000 1P=1 1W=1 1U=1 1N=0 1G=0 1H=0 1A=1 1D=0 1R=0 1X=1 1L=1
WTXP V=0000000000400037 EQ=0 KE=0000000000400103 KF=0000000000400000 KP=1 KW=1 KU=0 KN=0 KG=1 KH=0 KA=0 KD=0 KR=0 KX=1 KL=1 TE=00000000047A1027 TF=00000000047A1000 TP=1 TW=1 TU=1 TN=0 TG=0 TH=0 TA=1 TD=0 TR=0 TX=1 TL=1
P10_RING3_ATTEMPT
P10_RFLAGS_IF_ON
P10_RING3_FRAME_PROOF FRSP=FFFFFFFF82005C38 RIP=0000000000400037 CS=0000000000000023 RF=0000000000000246 RSP=00000000007FFFB8 SS=000000000000001B BYTES=370040000000000023000000000000004602000000000000B8FF7F00000000001B00000000000000
P10_RING3_GATE_PROOF TR=0028 CTX0=FFFFFFFF82005C60 TSS0=FFFFFFFF82005C60 FCS=0000000000000023 FSS=000000000000001B IDTB=FFFFFFFF800E9FC0 IDTL=0000000000000FFF GPSEL=0008 GPIST=0000000000000000 GPTA=000000000000008F GPOFF=FFFFFFFF80016EF0 PFSEL=0008 PFIST=0000000000000000 PFTA=000000000000008F PFOFF=FFFFFFFF80016FA0
P10_RING3_COMMIT
P10_CR3_SWITCH
P10_RING3_ENTER
rY[IRQ][SCH]
P12[[AYKEN_PERF_MB_EXTRACT_RAW]] epoch=3 candidate_pid=2 owner_last_epoch=3 ticks=26597408825 tick_valid=2
[[AYKEN_PERF_MB_EXTRACT_REASON]] name=epoch_stale ticks=26597884599 tick_valid=2
[[AYKEN_PERF_MB_PATH]] name=fallback phase=enter ticks=26598354809 tick_valid=2
[[AYKEN_PERF_MB_PATH]] name=fallback phase=exit ticks=26598718497 tick_valid=2
[[AYKEN_PERF_MB_REASON]] name=no_candidate ticks=26599071369 tick_valid=2
N12
MARK:PID=2
MARK:SW=U>U
MARK:IRET
P10_TEXT_ROOT_PROOF AC=00000000047A7000 KC=0000000005F87000 TC=00000000047A7000 RC=00000000047A7000 RIP=0000000000400037 AP=0000000000400103 TP=00000000047A1027
P10_ROOT_FRAME_WITNESS phase=pre_dispatch root=00000000047A7000 pte=0000000000000000 phys=00000000047A7000 used=1 lo=00000000047A0027 hi=0000000000000000 hash=6B7F8C95757869EF
P10_TEXT_FRAME_WITNESS phase=pre_dispatch root=00000000047A7000 pte=00000000047A1027 phys=00000000047A1000 used=1 lo=4800700000C3C748 hi=8948C0FF4808438B hash=3B68EAFA86874C6F
WTX4 R=00000000047A7000 V=0000000000400037 I=0000000000000000 TP=00000000047A7000 EP=00000000047A7000 E=00000000047A0027 CF=00000000047A0000 4P=1 4W=1 4U=1 4N=0 4G=0 4H=0 4A=1 4D=0 4R=0 4X=1 4L=0
WTX3 R=00000000047A7000 V=0000000000400037 I=0000000000000000 TP=00000000047A0000 EP=00000000047A0000 E=000000000479F027 CF=000000000479F000 3P=1 3W=1 3U=1 3N=0 3G=0 3H=0 3A=1 3D=0 3R=0 3X=1 3L=0
WTX2 R=00000000047A7000 V=0000000000400037 I=0000000000000002 TP=000000000479F000 EP=000000000479F000 E=000000000479E027 CF=000000000479E000 2P=1 2W=1 2U=1 2N=0 2G=0 2H=0 2A=1 2D=0 2R=0 2X=1 2L=0
WTX1 R=00000000047A7000 V=0000000000400037 I=0000000000000000 TP=000000000479E000 EP=000000000479E000 E=00000000047A1027 CF=00000000047A1000 1P=1 1W=1 1U=1 1N=0 1G=0 1H=0 1A=1 1D=0 1R=0 1X=1 1L=1
WTXP V=0000000000400037 EQ=0 KE=0000000000400103 KF=0000000000400000 KP=1 KW=1 KU=0 KN=0 KG=1 KH=0 KA=0 KD=0 KR=0 KX=1 KL=1 TE=00000000047A1027 TF=00000000047A1000 TP=1 TW=1 TU=1 TN=0 TG=0 TH=0 TA=1 TD=0 TR=0 TX=1 TL=1
P10_RING3_ATTEMPT
P10_RFLAGS_IF_ON
P10_RING3_FRAME_PROOF FRSP=FFFFFFFF82005C38 RIP=0000000000400037 CS=0000000000000023 RF=0000000000000246 RSP=00000000007FFFB8 SS=000000000000001B BYTES=370040000000000023000000000000004602000000000000B8FF7F00000000001B00000000000000
P10_RING3_GATE_PROOF TR=0028 CTX0=FFFFFFFF82005C60 TSS0=FFFFFFFF82005C60 FCS=0000000000000023 FSS=000000000000001B IDTB=FFFFFFFF800E9FC0 IDTL=0000000000000FFF GPSEL=0008 GPIST=0000000000000000 GPTA=000000000000008F GPOFF=FFFFFFFF80016EF0 PFSEL=0008 PFIST=0000000000000000 PFTA=000000000000008F PFOFF=FFFFFFFF80016FA0
P10_RING3_COMMIT
P10_CR3_SWITCH
P10_RING3_ENTER
TrY[IRQ][SCH]
P12[[AYKEN_PERF_MB_EXTRACT_RAW]] epoch=3 candidate_pid=2 owner_last_epoch=3 ticks=26610914239 tick_valid=2
[[AYKEN_PERF_MB_EXTRACT_REASON]] name=epoch_stale ticks=26611460291 tick_valid=2
[[AYKEN_PERF_MB_PATH]] name=fallback phase=enter ticks=26611826085 tick_valid=2
[[AYKEN_PERF_MB_PATH]] name=fallback phase=exit ticks=26612190553 tick_valid=2
[[AYKEN_PERF_MB_REASON]] name=no_candidate ticks=26612610479 tick_valid=2
N12
MARK:PID=2
MARK:SW=U>U
MARK:IRET
P10_TEXT_ROOT_PROOF AC=00000000047A7000 KC=0000000005F87000 TC=00000000047A7000 RC=00000000047A7000 RIP=0000000000400037 AP=0000000000400103 TP=00000000047A1027
P10_ROOT_FRAME_WITNESS phase=pre_dispatch root=00000000047A7000 pte=0000000000000000 phys=00000000047A7000 used=1 lo=00000000047A0027 hi=0000000000000000 hash=6B7F8C95757869EF
P10_TEXT_FRAME_WITNESS phase=pre_dispatch root=00000000047A7000 pte=00000000047A1027 phys=00000000047A1000 used=1 lo=4800700000C3C748 hi=8948C0FF4808438B hash=3B68EAFA86874C6F
WTX4 R=00000000047A7000 V=0000000000400037 I=0000000000000000 TP=00000000047A7000 EP=00000000047A7000 E=00000000047A0027 CF=00000000047A0000 4P=1 4W=1 4U=1 4N=0 4G=0 4H=0 4A=1 4D=0 4R=0 4X=1 4L=0
WTX3 R=00000000047A7000 V=0000000000400037 I=0000000000000000 TP=00000000047A0000 EP=00000000047A0000 E=000000000479F027 CF=000000000479F000 3P=1 3W=1 3U=1 3N=0 3G=0 3H=0 3A=1 3D=0 3R=0 3X=1 3L=0
WTX2 R=00000000047A7000 V=0000000000400037 I=0000000000000002 TP=000000000479F000 EP=000000000479F000 E=000000000479E027 CF=000000000479E000 2P=1 2W=1 2U=1 2N=0 2G=0 2H=0 2A=1 2D=0 2R=0 2X=1 2L=0
WTX1 R=00000000047A7000 V=0000000000400037 I=0000000000000000 TP=000000000479E000 EP=000000000479E000 E=00000000047A1027 CF=00000000047A1000 1P=1 1W=1 1U=1 1N=0 1G=0 1H=0 1A=1 1D=0 1R=0 1X=1 1L=1
WTXP V=0000000000400037 EQ=0 KE=0000000000400103 KF=0000000000400000 KP=1 KW=1 KU=0 KN=0 KG=1 KH=0 KA=0 KD=0 KR=0 KX=1 KL=1 TE=00000000047A1027 TF=00000000047A1000 TP=1 TW=1 TU=1 TN=0 TG=0 TH=0 TA=1 TD=0 TR=0 TX=1 TL=1
P10_RING3_ATTEMPT
P10_RFLAGS_IF_ON
P10_RING3_FRAME_PROOF FRSP=FFFFFFFF82005C38 RIP=0000000000400037 CS=0000000000000023 RF=0000000000000246 RSP=00000000007FFFB8 SS=000000000000001B BYTES=370040000000000023000000000000004602000000000000B8FF7F00000000001B00000000000000
P10_RING3_GATE_PROOF TR=0028 CTX0=FFFFFFFF82005C60 TSS0=FFFFFFFF82005C60 FCS=0000000000000023 FSS=000000000000001B IDTB=FFFFFFFF800E9FC0 IDTL=0000000000000FFF GPSEL=0008 GPIST=0000000000000000 GPTA=000000000000008F GPOFF=FFFFFFFF80016EF0 PFSEL=0008 PFIST=0000000000000000 PFTA=000000000000008F PFOFF=FFFFFFFF80016FA0
P10_RING3_COMMIT
P10_CR3_SWITCH
P10_RING3_ENTER
rY[IRQ][SCH]
P12[[AYKEN_PERF_MB_EXTRACT_RAW]] epoch=3 candidate_pid=2 owner_last_epoch=3 ticks=26624389207 tick_valid=2
[[AYKEN_PERF_MB_EXTRACT_REASON]] name=epoch_stale ticks=26624865761 tick_valid=2
[[AYKEN_PERF_MB_PATH]] name=fallback phase=enter ticks=26625233505 tick_valid=2
[[AYKEN_PERF_MB_PATH]] name=fallback phase=exit ticks=26625738763 tick_valid=2
[[AYKEN_PERF_MB_REASON]] name=no_candidate ticks=26626099981 tick_valid=2
N12
MARK:PID=2
MARK:SW=U>U
MARK:IRET
P10_TEXT_ROOT_PROOF AC=00000000047A7000 KC=0000000005F87000 TC=00000000047A7000 RC=00000000047A7000 RIP=0000000000400037 AP=0000000000400103 TP=00000000047A1027
P10_ROOT_FRAME_WITNESS phase=pre_dispatch root=00000000047A7000 pte=0000000000000000 phys=00000000047A7000 used=1 lo=00000000047A0027 hi=0000000000000000 hash=6B7F8C95757869EF
P10_TEXT_FRAME_WITNESS phase=pre_dispatch root=00000000047A7000 pte=00000000047A1027 phys=00000000047A1000 used=1 lo=4800700000C3C748 hi=8948C0FF4808438B hash=3B68EAFA86874C6F
WTX4 R=00000000047A7000 V=0000000000400037 I=0000000000000000 TP=00000000047A7000 EP=00000000047A7000 E=00000000047A0027 CF=00000000047A0000 4P=1 4W=1 4U=1 4N=0 4G=0 4H=0 4A=1 4D=0 4R=0 4X=1 4L=0
WTX3 R=00000000047A7000 V=0000000000400037 I=0000000000000000 TP=00000000047A0000 EP=00000000047A0000 E=000000000479F027 CF=000000000479F000 3P=1 3W=1 3U=1 3N=0 3G=0 3H=0 3A=1 3D=0 3R=0 3X=1 3L=0
WTX2 R=00000000047A7000 V=0000000000400037 I=0000000000000002 TP=000000000479F000 EP=000000000479F000 E=000000000479E027 CF=000000000479E000 2P=1 2W=1 2U=1 2N=0 2G=0 2H=0 2A=1 2D=0 2R=0 2X=1 2L=0
WTX1 R=00000000047A7000 V=0000000000400037 I=0000000000000000 TP=000000000479E000 EP=000000000479E000 E=00000000047A1027 CF=00000000047A1000 1P=1 1W=1 1U=1 1N=0 1G=0 1H=0 1A=1 1D=0 1R=0 1X=1 1L=1
WTXP V=0000000000400037 EQ=0 KE=0000000000400103 KF=0000000000400000 KP=1 KW=1 KU=0 KN=0 KG=1 KH=0 KA=0 KD=0 KR=0 KX=1 KL=1 TE=00000000047A1027 TF=00000000047A1000 TP=1 TW=1 TU=1 TN=0 TG=0 TH=0 TA=1 TD=0 TR=0 TX=1 TL=1
P10_RING3_ATTEMPT
P10_RFLAGS_IF_ON
P10_RING3_FRAME_PROOF FRSP=FFFFFFFF82005C38 RIP=0000000000400037 CS=0000000000000023 RF=0000000000000246 RSP=00000000007FFFB8 SS=000000000000001B BYTES=370040000000000023000000000000004602000000000000B8FF7F00000000001B00000000000000
P10_RING3_GATE_PROOF TR=0028 CTX0=FFFFFFFF82005C60 TSS0=FFFFFFFF82005C60 FCS=0000000000000023 FSS=000000000000001B IDTB=FFFFFFFF800E9FC0 IDTL=0000000000000FFF GPSEL=0008 GPIST=0000000000000000 GPTA=000000000000008F GPOFF=FFFFFFFF80016EF0 PFSEL=0008 PFIST=0000000000000000 PFTA=000000000000008F PFOFF=FFFFFFFF80016FA0
P10_RING3_COMMIT
P10_CR3_SWITCH
P10_RING3_ENTER
TrY[IRQ][SCH]
P12[[AYKEN_PERF_MB_EXTRACT_RAW]] epoch=3 candidate_pid=2 owner_last_epoch=3 ticks=26638032239 tick_valid=2
[[AYKEN_PERF_MB_EXTRACT_REASON]] name=epoch_stale ticks=26638623089 tick_valid=2
[[AYKEN_PERF_MB_PATH]] name=fallback phase=enter ticks=26639024295 tick_valid=2
[[AYKEN_PERF_MB_PATH]] name=fallback phase=exit ticks=26639389257 tick_valid=2
[[AYKEN_PERF_MB_REASON]] name=no_candidate ticks=26639841137 tick_valid=2
N12
MARK:PID=2
MARK:SW=U>U
MARK:IRET
P10_TEXT_ROOT_PROOF AC=00000000047A7000 KC=0000000005F87000 TC=00000000047A7000 RC=00000000047A7000 RIP=0000000000400037 AP=0000000000400103 TP=00000000047A1027
P10_ROOT_FRAME_WITNESS phase=pre_dispatch root=00000000047A7000 pte=0000000000000000 phys=00000000047A7000 used=1 lo=00000000047A0027 hi=0000000000000000 hash=6B7F8C95757869EF
P10_TEXT_FRAME_WITNESS phase=pre_dispatch root=00000000047A7000 pte=00000000047A1027 phys=00000000047A1000 used=1 lo=4800700000C3C748 hi=8948C0FF4808438B hash=3B68EAFA86874C6F
WTX4 R=00000000047A7000 V=0000000000400037 I=0000000000000000 TP=00000000047A7000 EP=00000000047A7000 E=00000000047A0027 CF=00000000047A0000 4P=1 4W=1 4U=1 4N=0 4G=0 4H=0 4A=1 4D=0 4R=0 4X=1 4L=0
WTX3 R=00000000047A7000 V=0000000000400037 I=0000000000000000 TP=00000000047A0000 EP=00000000047A0000 E=000000000479F027 CF=000000000479F000 3P=1 3W=1 3U=1 3N=0 3G=0 3H=0 3A=1 3D=0 3R=0 3X=1 3L=0
WTX2 R=00000000047A7000 V=0000000000400037 I=0000000000000002 TP=000000000479F000 EP=000000000479F000 E=000000000479E027 CF=000000000479E000 2P=1 2W=1 2U=1 2N=0 2G=0 2H=0 2A=1 2D=0 2R=0 2X=1 2L=0
WTX1 R=00000000047A7000 V=0000000000400037 I=0000000000000000 TP=000000000479E000 EP=000000000479E000 E=00000000047A1027 CF=00000000047A1000 1P=1 1W=1 1U=1 1N=0 1G=0 1H=0 1A=1 1D=0 1R=0 1X=1 1L=1
WTXP V=0000000000400037 EQ=0 KE=0000000000400103 KF=0000000000400000 KP=1 KW=1 KU=0 KN=0 KG=1 KH=0 KA=0 KD=0 KR=0 KX=1 KL=1 TE=00000000047A1027 TF=00000000047A1000 TP=1 TW=1 TU=1 TN=0 TG=0 TH=0 TA=1 TD=0 TR=0 TX=1 TL=1
P10_RING3_ATTEMPT
P10_RFLAGS_IF_ON
P10_RING3_FRAME_PROOF FRSP=FFFFFFFF82005C38 RIP=0000000000400037 CS=0000000000000023 RF=0000000000000246 RSP=00000000007FFFB8 SS=000000000000001B BYTES=370040000000000023000000000000004602000000000000B8FF7F00000000001B00000000000000
P10_RING3_GATE_PROOF TR=0028 CTX0=FFFFFFFF82005C60 TSS0=FFFFFFFF82005C60 FCS=0000000000000023 FSS=000000000000001B IDTB=FFFFFFFF800E9FC0 IDTL=0000000000000FFF GPSEL=0008 GPIST=0000000000000000 GPTA=000000000000008F GPOFF=FFFFFFFF80016EF0 PFSEL=0008 PFIST=0000000000000000 PFTA=000000000000008F PFOFF=FFFFFFFF80016FA0
P10_RING3_COMMIT
P10_CR3_SWITCH
P10_RING3_ENTER
rY[IRQ][SCH]
P12[[AYKEN_PERF_MB_EXTRACT_RAW]] epoch=3 candidate_pid=2 owner_last_epoch=3 ticks=26651775631 tick_valid=2
[[AYKEN_PERF_MB_EXTRACT_REASON]] name=epoch_stale ticks=26652251093 tick_valid=2
[[AYKEN_PERF_MB_PATH]] name=fallback phase=enter ticks=26652626715 tick_valid=2
[[AYKEN_PERF_MB_PATH]] name=fallback phase=exit ticks=26653091933 tick_valid=2
[[AYKEN_PERF_MB_REASON]] name=no_candidate ticks=26653459573 tick_valid=2
N12
MARK:PID=2
MARK:SW=U>U
MARK:IRET
P10_TEXT_ROOT_PROOF AC=00000000047A7000 KC=0000000005F87000 TC=00000000047A7000 RC=00000000047A7000 RIP=0000000000400037 AP=0000000000400103 TP=00000000047A1027
P10_ROOT_FRAME_WITNESS phase=pre_dispatch root=00000000047A7000 pte=0000000000000000 phys=00000000047A7000 used=1 lo=00000000047A0027 hi=0000000000000000 hash=6B7F8C95757869EF
P10_TEXT_FRAME_WITNESS phase=pre_dispatch root=00000000047A7000 pte=00000000047A1027 phys=00000000047A1000 used=1 lo=4800700000C3C748 hi=8948C0FF4808438B hash=3B68EAFA86874C6F
WTX4 R=00000000047A7000 V=0000000000400037 I=0000000000000000 TP=00000000047A7000 EP=00000000047A7000 E=00000000047A0027 CF=00000000047A0000 4P=1 4W=1 4U=1 4N=0 4G=0 4H=0 4A=1 4D=0 4R=0 4X=1 4L=0
WTX3 R=00000000047A7000 V=0000000000400037 I=0000000000000000 TP=00000000047A0000 EP=00000000047A0000 E=000000000479F027 CF=000000000479F000 3P=1 3W=1 3U=1 3N=0 3G=0 3H=0 3A=1 3D=0 3R=0 3X=1 3L=0
WTX2 R=00000000047A7000 V=0000000000400037 I=0000000000000002 TP=000000000479F000 EP=000000000479F000 E=000000000479E027 CF=000000000479E000 2P=1 2W=1 2U=1 2N=0 2G=0 2H=0 2A=1 2D=0 2R=0 2X=1 2L=0
WTX1 R=00000000047A7000 V=0000000000400037 I=0000000000000000 TP=000000000479E000 EP=000000000479E000 E=00000000047A1027 CF=00000000047A1000 1P=1 1W=1 1U=1 1N=0 1G=0 1H=0 1A=1 1D=0 1R=0 1X=1 1L=1
WTXP V=0000000000400037 EQ=0 KE=0000000000400103 KF=0000000000400000 KP=1 KW=1 KU=0 KN=0 KG=1 KH=0 KA=0 KD=0 KR=0 KX=1 KL=1 TE=00000000047A1027 TF=00000000047A1000 TP=1 TW=1 TU=1 TN=0 TG=0 TH=0 TA=1 TD=0 TR=0 TX=1 TL=1
P10_RING3_ATTEMPT
P10_RFLAGS_IF_ON
P10_RING3_FRAME_PROOF FRSP=FFFFFFFF82005C38 RIP=0000000000400037 CS=0000000000000023 RF=0000000000000246 RSP=00000000007FFFB8 SS=000000000000001B BYTES=370040000000000023000000000000004602000000000000B8FF7F00000000001B00000000000000
P10_RING3_GATE_PROOF TR=0028 CTX0=FFFFFFFF82005C60 TSS0=FFFFFFFF82005C60 FCS=0000000000000023 FSS=000000000000001B IDTB=FFFFFFFF800E9FC0 IDTL=0000000000000FFF GPSEL=0008 GPIST=0000000000000000 GPTA=000000000000008F GPOFF=FFFFFFFF80016EF0 PFSEL=0008 PFIST=0000000000000000 PFTA=000000000000008F PFOFF=FFFFFFFF80016FA0
P10_RING3_COMMIT
P10_CR3_SWITCH
P10_RING3_ENTER
TrY[IRQ][SCH]
P12[[AYKEN_PERF_MB_EXTRACT_RAW]] epoch=3 candidate_pid=2 owner_last_epoch=3 ticks=26665150655 tick_valid=2
[[AYKEN_PERF_MB_EXTRACT_REASON]] name=epoch_stale ticks=26665661321 tick_valid=2
[[AYKEN_PERF_MB_PATH]] name=fallback phase=enter ticks=26666071835 tick_valid=2
[[AYKEN_PERF_MB_PATH]] name=fallback phase=exit ticks=26666435991 tick_valid=2
[[AYKEN_PERF_MB_REASON]] name=no_candidate ticks=26666789071 tick_valid=2
N12
MARK:PID=2
MARK:SW=U>U
MARK:IRET
P10_TEXT_ROOT_PROOF AC=00000000047A7000 KC=0000000005F87000 TC=00000000047A7000 RC=00000000047A7000 RIP=0000000000400037 AP=0000000000400103 TP=00000000047A1027
P10_ROOT_FRAME_WITNESS phase=pre_dispatch root=00000000047A7000 pte=0000000000000000 phys=00000000047A7000 used=1 lo=00000000047A0027 hi=0000000000000000 hash=6B7F8C95757869EF
P10_TEXT_FRAME_WITNESS phase=pre_dispatch root=00000000047A7000 pte=00000000047A1027 phys=00000000047A1000 used=1 lo=4800700000C3C748 hi=8948C0FF4808438B hash=3B68EAFA86874C6F
WTX4 R=00000000047A7000 V=0000000000400037 I=0000000000000000 TP=00000000047A7000 EP=00000000047A7000 E=00000000047A0027 CF=00000000047A0000 4P=1 4W=1 4U=1 4N=0 4G=0 4H=0 4A=1 4D=0 4R=0 4X=1 4L=0
WTX3 R=00000000047A7000 V=0000000000400037 I=0000000000000000 TP=00000000047A0000 EP=00000000047A0000 E=000000000479F027 CF=000000000479F000 3P=1 3W=1 3U=1 3N=0 3G=0 3H=0 3A=1 3D=0 3R=0 3X=1 3L=0
WTX2 R=00000000047A7000 V=0000000000400037 I=0000000000000002 TP=000000000479F000 EP=000000000479F000 E=000000000479E027 CF=000000000479E000 2P=1 2W=1 2U=1 2N=0 2G=0 2H=0 2A=1 2D=0 2R=0 2X=1 2L=0
WTX1 R=00000000047A7000 V=0000000000400037 I=0000000000000000 TP=000000000479E000 EP=000000000479E000 E=00000000047A1027 CF=00000000047A1000 1P=1 1W=1 1U=1 1N=0 1G=0 1H=0 1A=1 1D=0 1R=0 1X=1 1L=1
WTXP V=0000000000400037 EQ=0 KE=0000000000400103 KF=0000000000400000 KP=1 KW=1 KU=0 KN=0 KG=1 KH=0 KA=0 KD=0 KR=0 KX=1 KL=1 TE=00000000047A1027 TF=00000000047A1000 TP=1 TW=1 TU=1 TN=0 TG=0 TH=0 TA=1 TD=0 TR=0 TX=1 TL=1
P10_RING3_ATTEMPT
P10_RFLAGS_IF_ON
P10_RING3_FRAME_PROOF FRSP=FFFFFFFF82005C38 RIP=0000000000400037 CS=0000000000000023 RF=0000000000000246 RSP=00000000007FFFB8 SS=000000000000001B BYTES=370040000000000023000000000000004602000000000000B8FF7F00000000001B00000000000000
P10_RING3_GATE_PROOF TR=0028 CTX0=FFFFFFFF82005C60 TSS0=FFFFFFFF82005C60 FCS=0000000000000023 FSS=000000000000001B IDTB=FFFFFFFF800E9FC0 IDTL=0000000000000FFF GPSEL=0008 GPIST=0000000000000000 GPTA=000000000000008F GPOFF=FFFFFFFF80016EF0 PFSEL=0008 PFIST=0000000000000000 PFTA=000000000000008F PFOFF=FFFFFFFF80016FA0
P10_RING3_COMMIT
P10_CR3_SWITCH
P10_RING3_ENTER
rY[IRQ][SCH]
P12[[AYKEN_PERF_MB_EXTRACT_RAW]] epoch=3 candidate_pid=2 owner_last_epoch=3 ticks=26678733497 tick_valid=2
[[AYKEN_PERF_MB_EXTRACT_REASON]] name=epoch_stale ticks=26679209843 tick_valid=2
[[AYKEN_PERF_MB_PATH]] name=fallback phase=enter ticks=26679577639 tick_valid=2
[[AYKEN_PERF_MB_PATH]] name=fallback phase=exit ticks=26680018157 tick_valid=2
[[AYKEN_PERF_MB_REASON]] name=no_candidate ticks=26680447859 tick_valid=2
N12
MARK:PID=2
MARK:SW=U>U
MARK:IRET
P10_TEXT_ROOT_PROOF AC=00000000047A7000 KC=0000000005F87000 TC=00000000047A7000 RC=00000000047A7000 RIP=0000000000400037 AP=0000000000400103 TP=00000000047A1027
P10_ROOT_FRAME_WITNESS phase=pre_dispatch root=00000000047A7000 pte=0000000000000000 phys=00000000047A7000 used=1 lo=00000000047A0027 hi=0000000000000000 hash=6B7F8C95757869EF
P10_TEXT_FRAME_WITNESS phase=pre_dispatch root=00000000047A7000 pte=00000000047A1027 phys=00000000047A1000 used=1 lo=4800700000C3C748 hi=8948C0FF4808438B hash=3B68EAFA86874C6F
WTX4 R=00000000047A7000 V=0000000000400037 I=0000000000000000 TP=00000000047A7000 EP=00000000047A7000 E=00000000047A0027 CF=00000000047A0000 4P=1 4W=1 4U=1 4N=0 4G=0 4H=0 4A=1 4D=0 4R=0 4X=1 4L=0
WTX3 R=00000000047A7000 V=0000000000400037 I=0000000000000000 TP=00000000047A0000 EP=00000000047A0000 E=000000000479F027 CF=000000000479F000 3P=1 3W=1 3U=1 3N=0 3G=0 3H=0 3A=1 3D=0 3R=0 3X=1 3L=0
WTX2 R=00000000047A7000 V=0000000000400037 I=0000000000000002 TP=000000000479F000 EP=000000000479F000 E=000000000479E027 CF=000000000479E000 2P=1 2W=1 2U=1 2N=0 2G=0 2H=0 2A=1 2D=0 2R=0 2X=1 2L=0
WTX1 R=00000000047A7000 V=0000000000400037 I=0000000000000000 TP=000000000479E000 EP=000000000479E000 E=00000000047A1027 CF=00000000047A1000 1P=1 1W=1 1U=1 1N=0 1G=0 1H=0 1A=1 1D=0 1R=0 1X=1 1L=1
WTXP V=0000000000400037 EQ=0 KE=0000000000400103 KF=0000000000400000 KP=1 KW=1 KU=0 KN=0 KG=1 KH=0 KA=0 KD=0 KR=0 KX=1 KL=1 TE=00000000047A1027 TF=00000000047A1000 TP=1 TW=1 TU=1 TN=0 TG=0 TH=0 TA=1 TD=0 TR=0 TX=1 TL=1
P10_RING3_ATTEMPT
P10_RFLAGS_IF_ON
P10_RING3_FRAME_PROOF FRSP=FFFFFFFF82005C38 RIP=0000000000400037 CS=0000000000000023 RF=0000000000000246 RSP=00000000007FFFB8 SS=000000000000001B BYTES=370040000000000023000000000000004602000000000000B8FF7F00000000001B00000000000000
P10_RING3_GATE_PROOF TR=0028 CTX0=FFFFFFFF82005C60 TSS0=FFFFFFFF82005C60 FCS=0000000000000023 FSS=000000000000001B IDTB=FFFFFFFF800E9FC0 IDTL=0000000000000FFF GPSEL=0008 GPIST=0000000000000000 GPTA=000000000000008F GPOFF=FFFFFFFF80016EF0 PFSEL=0008 PFIST=0000000000000000 PFTA=000000000000008F PFOFF=FFFFFFFF80016FA0
P10_RING3_COMMIT
P10_CR3_SWITCH
P10_RING3_ENTER
TrY[IRQ][SCH]
P12[[AYKEN_PERF_MB_EXTRACT_RAW]] epoch=3 candidate_pid=2 owner_last_epoch=3 ticks=26692211117 tick_valid=2
[[AYKEN_PERF_MB_EXTRACT_REASON]] name=epoch_stale ticks=26692686579 tick_valid=2
[[AYKEN_PERF_MB_PATH]] name=fallback phase=enter ticks=26693139057 tick_valid=2
[[AYKEN_PERF_MB_PATH]] name=fallback phase=exit ticks=26693539015 tick_valid=2
[[AYKEN_PERF_MB_REASON]] name=no_candidate ticks=26693891211 tick_valid=2
N12
MARK:PID=2
MARK:SW=U>U
MARK:IRET
P10_TEXT_ROOT_PROOF AC=00000000047A7000 KC=0000000005F87000 TC=00000000047A7000 RC=00000000047A7000 RIP=0000000000400037 AP=0000000000400103 TP=00000000047A1027
P10_ROOT_FRAME_WITNESS phase=pre_dispatch root=00000000047A7000 pte=0000000000000000 phys=00000000047A7000 used=1 lo=00000000047A0027 hi=0000000000000000 hash=6B7F8C95757869EF
P10_TEXT_FRAME_WITNESS phase=pre_dispatch root=00000000047A7000 pte=00000000047A1027 phys=00000000047A1000 used=1 lo=4800700000C3C748 hi=8948C0FF4808438B hash=3B68EAFA86874C6F
WTX4 R=00000000047A7000 V=0000000000400037 I=0000000000000000 TP=00000000047A7000 EP=00000000047A7000 E=00000000047A0027 CF=00000000047A0000 4P=1 4W=1 4U=1 4N=0 4G=0 4H=0 4A=1 4D=0 4R=0 4X=1 4L=0
WTX3 R=00000000047A7000 V=0000000000400037 I=0000000000000000 TP=00000000047A0000 EP=00000000047A0000 E=000000000479F027 CF=000000000479F000 3P=1 3W=1 3U=1 3N=0 3G=0 3H=0 3A=1 3D=0 3R=0 3X=1 3L=0
WTX2 R=00000000047A7000 V=0000000000400037 I=0000000000000002 TP=000000000479F000 EP=000000000479F000 E=000000000479E027 CF=000000000479E000 2P=1 2W=1 2U=1 2N=0 2G=0 2H=0 2A=1 2D=0 2R=0 2X=1 2L=0
WTX1 R=00000000047A7000 V=0000000000400037 I=0000000000000000 TP=000000000479E000 EP=000000000479E000 E=00000000047A1027 CF=00000000047A1000 1P=1 1W=1 1U=1 1N=0 1G=0 1H=0 1A=1 1D=0 1R=0 1X=1 1L=1
WTXP V=0000000000400037 EQ=0 KE=0000000000400103 KF=0000000000400000 KP=1 KW=1 KU=0 KN=0 KG=1 KH=0 KA=0 KD=0 KR=0 KX=1 KL=1 TE=00000000047A1027 TF=00000000047A1000 TP=1 TW=1 TU=1 TN=0 TG=0 TH=0 TA=1 TD=0 TR=0 TX=1 TL=1
P10_RING3_ATTEMPT
P10_RFLAGS_IF_ON
P10_RING3_FRAME_PROOF FRSP=FFFFFFFF82005C38 RIP=0000000000400037 CS=0000000000000023 RF=0000000000000246 RSP=00000000007FFFB8 SS=000000000000001B BYTES=370040000000000023000000000000004602000000000000B8FF7F00000000001B00000000000000
P10_RING3_GATE_PROOF TR=0028 CTX0=FFFFFFFF82005C60 TSS0=FFFFFFFF82005C60 FCS=0000000000000023 FSS=000000000000001B IDTB=FFFFFFFF800E9FC0 IDTL=0000000000000FFF GPSEL=0008 GPIST=0000000000000000 GPTA=000000000000008F GPOFF=FFFFFFFF80016EF0 PFSEL=0008 PFIST=0000000000000000 PFTA=000000000000008F PFOFF=FFFFFFFF80016FA0
P10_RING3_COMMIT
P10_CR3_SWITCH
P10_RING3_ENTER
rY[IRQ][SCH]
P12[[AYKEN_PERF_MB_EXTRACT_RAW]] epoch=3 candidate_pid=2 owner_last_epoch=3 ticks=26705960229 tick_valid=2
[[AYKEN_PERF_MB_EXTRACT_REASON]] name=epoch_stale ticks=26706469465 tick_valid=2
[[AYKEN_PERF_MB_PATH]] name=fallback phase=enter ticks=26706836013 tick_valid=2
[[AYKEN_PERF_MB_PATH]] name=fallback phase=exit ticks=26707229913 tick_valid=2
[[AYKEN_PERF_MB_REASON]] name=no_candidate ticks=26707623501 tick_valid=2
N12
MARK:PID=2
MARK:SW=U>U
MARK:IRET
P10_TEXT_ROOT_PROOF AC=00000000047A7000 KC=0000000005F87000 TC=00000000047A7000 RC=00000000047A7000 RIP=0000000000400037 AP=0000000000400103 TP=00000000047A1027
P10_ROOT_FRAME_WITNESS phase=pre_dispatch root=00000000047A7000 pte=0000000000000000 phys=00000000047A7000 used=1 lo=00000000047A0027 hi=0000000000000000 hash=6B7F8C95757869EF
P10_TEXT_FRAME_WITNESS phase=pre_dispatch root=00000000047A7000 pte=00000000047A1027 phys=00000000047A1000 used=1 lo=4800700000C3C748 hi=8948C0FF4808438B hash=3B68EAFA86874C6F
WTX4 R=00000000047A7000 V=0000000000400037 I=0000000000000000 TP=00000000047A7000 EP=00000000047A7000 E=00000000047A0027 CF=00000000047A0000 4P=1 4W=1 4U=1 4N=0 4G=0 4H=0 4A=1 4D=0 4R=0 4X=1 4L=0
WTX3 R=00000000047A7000 V=0000000000400037 I=0000000000000000 TP=00000000047A0000 EP=00000000047A0000 E=000000000479F027 CF=000000000479F000 3P=1 3W=1 3U=1 3N=0 3G=0 3H=0 3A=1 3D=0 3R=0 3X=1 3L=0
WTX2 R=00000000047A7000 V=0000000000400037 I=0000000000000002 TP=000000000479F000 EP=000000000479F000 E=000000000479E027 CF=000000000479E000 2P=1 2W=1 2U=1 2N=0 2G=0 2H=0 2A=1 2D=0 2R=0 2X=1 2L=0
WTX1 R=00000000047A7000 V=0000000000400037 I=0000000000000000 TP=000000000479E000 EP=000000000479E000 E=00000000047A1027 CF=00000000047A1000 1P=1 1W=1 1U=1 1N=0 1G=0 1H=0 1A=1 1D=0 1R=0 1X=1 1L=1
WTXP V=0000000000400037 EQ=0 KE=0000000000400103 KF=0000000000400000 KP=1 KW=1 KU=0 KN=0 KG=1 KH=0 KA=0 KD=0 KR=0 KX=1 KL=1 TE=00000000047A1027 TF=00000000047A1000 TP=1 TW=1 TU=1 TN=0 TG=0 TH=0 TA=1 TD=0 TR=0 TX=1 TL=1
P10_RING3_ATTEMPT
P10_RFLAGS_IF_ON
P10_RING3_FRAME_PROOF FRSP=FFFFFFFF82005C38 RIP=0000000000400037 CS=0000000000000023 RF=0000000000000246 RSP=00000000007FFFB8 SS=000000000000001B BYTES=370040000000000023000000000000004602000000000000B8FF7F00000000001B00000000000000
P10_RING3_GATE_PROOF TR=0028 CTX0=FFFFFFFF82005C60 TSS0=FFFFFFFF82005C60 FCS=0000000000000023 FSS=000000000000001B IDTB=FFFFFFFF800E9FC0 IDTL=0000000000000FFF GPSEL=0008 GPIST=0000000000000000 GPTA=000000000000008F GPOFF=FFFFFFFF80016EF0 PFSEL=0008 PFIST=0000000000000000 PFTA=000000000000008F PFOFF=FFFFFFFF80016FA0
P10_RING3_COMMIT
P10_CR3_SWITCH
P10_RING3_ENTER
TrY[IRQ][SCH]
P12[[AYKEN_PERF_MB_EXTRACT_RAW]] epoch=3 candidate_pid=2 owner_last_epoch=3 ticks=26719209933 tick_valid=2
[[AYKEN_PERF_MB_EXTRACT_REASON]] name=epoch_stale ticks=26719690075 tick_valid=2
[[AYKEN_PERF_MB_PATH]] name=fallback phase=enter ticks=26720057195 tick_valid=2
[[AYKEN_PERF_MB_PATH]] name=fallback phase=exit ticks=26720462639 tick_valid=2
[[AYKEN_PERF_MB_REASON]] name=no_candidate ticks=26720813899 tick_valid=2
N12
MARK:PID=2
MARK:SW=U>U
MARK:IRET
P10_TEXT_ROOT_PROOF AC=00000000047A7000 KC=0000000005F87000 TC=00000000047A7000 RC=00000000047A7000 RIP=0000000000400037 AP=0000000000400103 TP=00000000047A1027
P10_ROOT_FRAME_WITNESS phase=pre_dispatch root=00000000047A7000 pte=0000000000000000 phys=00000000047A7000 used=1 lo=00000000047A0027 hi=0000000000000000 hash=6B7F8C95757869EF
P10_TEXT_FRAME_WITNESS phase=pre_dispatch root=00000000047A7000 pte=00000000047A1027 phys=00000000047A1000 used=1 lo=4800700000C3C748 hi=8948C0FF4808438B hash=3B68EAFA86874C6F
WTX4 R=00000000047A7000 V=0000000000400037 I=0000000000000000 TP=00000000047A7000 EP=00000000047A7000 E=00000000047A0027 CF=00000000047A0000 4P=1 4W=1 4U=1 4N=0 4G=0 4H=0 4A=1 4D=0 4R=0 4X=1 4L=0
WTX3 R=00000000047A7000 V=0000000000400037 I=0000000000000000 TP=00000000047A0000 EP=00000000047A0000 E=000000000479F027 CF=000000000479F000 3P=1 3W=1 3U=1 3N=0 3G=0 3H=0 3A=1 3D=0 3R=0 3X=1 3L=0
WTX2 R=00000000047A7000 V=0000000000400037 I=0000000000000002 TP=000000000479F000 EP=000000000479F000 E=000000000479E027 CF=000000000479E000 2P=1 2W=1 2U=1 2N=0 2G=0 2H=0 2A=1 2D=0 2R=0 2X=1 2L=0
WTX1 R=00000000047A7000 V=0000000000400037 I=0000000000000000 TP=000000000479E000 EP=000000000479E000 E=00000000047A1027 CF=00000000047A1000 1P=1 1W=1 1U=1 1N=0 1G=0 1H=0 1A=1 1D=0 1R=0 1X=1 1L=1
WTXP V=0000000000400037 EQ=0 KE=0000000000400103 KF=0000000000400000 KP=1 KW=1 KU=0 KN=0 KG=1 KH=0 KA=0 KD=0 KR=0 KX=1 KL=1 TE=00000000047A1027 TF=00000000047A1000 TP=1 TW=1 TU=1 TN=0 TG=0 TH=0 TA=1 TD=0 TR=0 TX=1 TL=1
P10_RING3_ATTEMPT
P10_RFLAGS_IF_ON
P10_RING3_FRAME_PROOF FRSP=FFFFFFFF82005C38 RIP=0000000000400037 CS=0000000000000023 RF=0000000000000246 RSP=00000000007FFFB8 SS=000000000000001B BYTES=370040000000000023000000000000004602000000000000B8FF7F00000000001B00000000000000
P10_RING3_GATE_PROOF TR=0028 CTX0=FFFFFFFF82005C60 TSS0=FFFFFFFF82005C60 FCS=0000000000000023 FSS=000000000000001B IDTB=FFFFFFFF800E9FC0 IDTL=0000000000000FFF GPSEL=0008 GPIST=0000000000000000 GPTA=000000000000008F GPOFF=FFFFFFFF80016EF0 PFSEL=0008 PFIST=0000000000000000 PFTA=000000000000008F PFOFF=FFFFFFFF80016FA0
P10_RING3_COMMIT
P10_CR3_SWITCH
P10_RING3_ENTER
rY[IRQ][SCH]
P12[[AYKEN_PERF_MB_EXTRACT_RAW]] epoch=3 candidate_pid=2 owner_last_epoch=3 ticks=26732461301 tick_valid=2
[[AYKEN_PERF_MB_EXTRACT_REASON]] name=epoch_stale ticks=26732934787 tick_valid=2
[[AYKEN_PERF_MB_PATH]] name=fallback phase=enter ticks=26733395845 tick_valid=2
[[AYKEN_PERF_MB_PATH]] name=fallback phase=exit ticks=26733761899 tick_valid=2
[[AYKEN_PERF_MB_REASON]] name=no_candidate ticks=26734115421 tick_valid=2
N12
MARK:PID=2
MARK:SW=U>U
MARK:IRET
P10_TEXT_ROOT_PROOF AC=00000000047A7000 KC=0000000005F87000 TC=00000000047A7000 RC=00000000047A7000 RIP=0000000000400037 AP=0000000000400103 TP=00000000047A1027
P10_ROOT_FRAME_WITNESS phase=pre_dispatch root=00000000047A7000 pte=0000000000000000 phys=00000000047A7000 used=1 lo=00000000047A0027 hi=0000000000000000 hash=6B7F8C95757869EF
P10_TEXT_FRAME_WITNESS phase=pre_dispatch root=00000000047A7000 pte=00000000047A1027 phys=00000000047A1000 used=1 lo=4800700000C3C748 hi=8948C0FF4808438B hash=3B68EAFA86874C6F
WTX4 R=00000000047A7000 V=0000000000400037 I=0000000000000000 TP=00000000047A7000 EP=00000000047A7000 E=00000000047A0027 CF=00000000047A0000 4P=1 4W=1 4U=1 4N=0 4G=0 4H=0 4A=1 4D=0 4R=0 4X=1 4L=0
WTX3 R=00000000047A7000 V=0000000000400037 I=0000000000000000 TP=00000000047A0000 EP=00000000047A0000 E=000000000479F027 CF=000000000479F000 3P=1 3W=1 3U=1 3N=0 3G=0 3H=0 3A=1 3D=0 3R=0 3X=1 3L=0
WTX2 R=00000000047A7000 V=0000000000400037 I=0000000000000002 TP=000000000479F000 EP=000000000479F000 E=000000000479E027 CF=000000000479E000 2P=1 2W=1 2U=1 2N=0 2G=0 2H=0 2A=1 2D=0 2R=0 2X=1 2L=0
WTX1 R=00000000047A7000 V=0000000000400037 I=0000000000000000 TP=000000000479E000 EP=000000000479E000 E=00000000047A1027 CF=00000000047A1000 1P=1 1W=1 1U=1 1N=0 1G=0 1H=0 1A=1 1D=0 1R=0 1X=1 1L=1
WTXP V=0000000000400037 EQ=0 KE=0000000000400103 KF=0000000000400000 KP=1 KW=1 KU=0 KN=0 KG=1 KH=0 KA=0 KD=0 KR=0 KX=1 KL=1 TE=00000000047A1027 TF=00000000047A1000 TP=1 TW=1 TU=1 TN=0 TG=0 TH=0 TA=1 TD=0 TR=0 TX=1 TL=1
P10_RING3_ATTEMPT
P10_RFLAGS_IF_ON
P10_RING3_FRAME_PROOF FRSP=FFFFFFFF82005C38 RIP=0000000000400037 CS=0000000000000023 RF=0000000000000246 RSP=00000000007FFFB8 SS=000000000000001B BYTES=370040000000000023000000000000004602000000000000B8FF7F00000000001B00000000000000
P10_RING3_GATE_PROOF TR=0028 CTX0=FFFFFFFF82005C60 TSS0=FFFFFFFF82005C60 FCS=0000000000000023 FSS=000000000000001B IDTB=FFFFFFFF800E9FC0 IDTL=0000000000000FFF GPSEL=0008 GPIST=0000000000000000 GPTA=000000000000008F GPOFF=FFFFFFFF80016EF0 PFSEL=0008 PFIST=0000000000000000 PFTA=000000000000008F PFOFF=FFFFFFFF80016FA0
P10_RING3_COMMIT
P10_CR3_SWITCH
P10_RING3_ENTER
TrY[IRQ][SCH]
P12[[AYKEN_PERF_MB_EXTRACT_RAW]] epoch=3 candidate_pid=2 owner_last_epoch=3 ticks=26745863183 tick_valid=2
[[AYKEN_PERF_MB_EXTRACT_REASON]] name=epoch_stale ticks=26746383599 tick_valid=2
[[AYKEN_PERF_MB_PATH]] name=fallback phase=enter ticks=26746752227 tick_valid=2
[[AYKEN_PERF_MB_PATH]] name=fallback phase=exit ticks=26747118567 tick_valid=2
[[AYKEN_PERF_MB_REASON]] name=no_candidate ticks=26747502925 tick_valid=2
N12
MARK:PID=2
MARK:SW=U>U
MARK:IRET
P10_TEXT_ROOT_PROOF AC=00000000047A7000 KC=0000000005F87000 TC=00000000047A7000 RC=00000000047A7000 RIP=0000000000400037 AP=0000000000400103 TP=00000000047A1027
P10_ROOT_FRAME_WITNESS phase=pre_dispatch root=00000000047A7000 pte=0000000000000000 phys=00000000047A7000 used=1 lo=00000000047A0027 hi=0000000000000000 hash=6B7F8C95757869EF
P10_TEXT_FRAME_WITNESS phase=pre_dispatch root=00000000047A7000 pte=00000000047A1027 phys=00000000047A1000 used=1 lo=4800700000C3C748 hi=8948C0FF4808438B hash=3B68EAFA86874C6F
WTX4 R=00000000047A7000 V=0000000000400037 I=0000000000000000 TP=00000000047A7000 EP=00000000047A7000 E=00000000047A0027 CF=00000000047A0000 4P=1 4W=1 4U=1 4N=0 4G=0 4H=0 4A=1 4D=0 4R=0 4X=1 4L=0
WTX3 R=00000000047A7000 V=0000000000400037 I=0000000000000000 TP=00000000047A0000 EP=00000000047A0000 E=000000000479F027 CF=000000000479F000 3P=1 3W=1 3U=1 3N=0 3G=0 3H=0 3A=1 3D=0 3R=0 3X=1 3L=0
WTX2 R=00000000047A7000 V=0000000000400037 I=0000000000000002 TP=000000000479F000 EP=000000000479F000 E=000000000479E027 CF=000000000479E000 2P=1 2W=1 2U=1 2N=0 2G=0 2H=0 2A=1 2D=0 2R=0 2X=1 2L=0
WTX1 R=00000000047A7000 V=0000000000400037 I=0000000000000000 TP=000000000479E000 EP=000000000479E000 E=00000000047A1027 CF=00000000047A1000 1P=1 1W=1 1U=1 1N=0 1G=0 1H=0 1A=1 1D=0 1R=0 1X=1 1L=1
WTXP V=0000000000400037 EQ=0 KE=0000000000400103 KF=0000000000400000 KP=1 KW=1 KU=0 KN=0 KG=1 KH=0 KA=0 KD=0 KR=0 KX=1 KL=1 TE=00000000047A1027 TF=00000000047A1000 TP=1 TW=1 TU=1 TN=0 TG=0 TH=0 TA=1 TD=0 TR=0 TX=1 TL=1
P10_RING3_ATTEMPT
P10_RFLAGS_IF_ON
P10_RING3_FRAME_PROOF FRSP=FFFFFFFF82005C38 RIP=0000000000400037 CS=0000000000000023 RF=0000000000000246 RSP=00000000007FFFB8 SS=000000000000001B BYTES=370040000000000023000000000000004602000000000000B8FF7F00000000001B00000000000000
P10_RING3_GATE_PROOF TR=0028 CTX0=FFFFFFFF82005C60 TSS0=FFFFFFFF82005C60 FCS=0000000000000023 FSS=000000000000001B IDTB=FFFFFFFF800E9FC0 IDTL=0000000000000FFF GPSEL=0008 GPIST=0000000000000000 GPTA=000000000000008F GPOFF=FFFFFFFF80016EF0 PFSEL=0008 PFIST=0000000000000000 PFTA=000000000000008F PFOFF=FFFFFFFF80016FA0
P10_RING3_COMMIT
P10_CR3_SWITCH
P10_RING3_ENTER
rY[IRQ][SCH]
P12[[AYKEN_PERF_MB_EXTRACT_RAW]] epoch=3 candidate_pid=2 owner_last_epoch=3 ticks=26759236751 tick_valid=2
[[AYKEN_PERF_MB_EXTRACT_REASON]] name=epoch_stale ticks=26759716009 tick_valid=2
[[AYKEN_PERF_MB_PATH]] name=fallback phase=enter ticks=26760087497 tick_valid=2
[[AYKEN_PERF_MB_PATH]] name=fallback phase=exit ticks=26760503679 tick_valid=2
[[AYKEN_PERF_MB_REASON]] name=no_candidate ticks=26760924385 tick_valid=2
N12
MARK:PID=2
MARK:SW=U>U
MARK:IRET
P10_TEXT_ROOT_PROOF AC=00000000047A7000 KC=0000000005F87000 TC=00000000047A7000 RC=00000000047A7000 RIP=0000000000400037 AP=0000000000400103 TP=00000000047A1027
P10_ROOT_FRAME_WITNESS phase=pre_dispatch root=00000000047A7000 pte=0000000000000000 phys=00000000047A7000 used=1 lo=00000000047A0027 hi=0000000000000000 hash=6B7F8C95757869EF
P10_TEXT_FRAME_WITNESS phase=pre_dispatch root=00000000047A7000 pte=00000000047A1027 phys=00000000047A1000 used=1 lo=4800700000C3C748 hi=8948C0FF4808438B hash=3B68EAFA86874C6F
WTX4 R=00000000047A7000 V=0000000000400037 I=0000000000000000 TP=00000000047A7000 EP=00000000047A7000 E=00000000047A0027 CF=00000000047A0000 4P=1 4W=1 4U=1 4N=0 4G=0 4H=0 4A=1 4D=0 4R=0 4X=1 4L=0
WTX3 R=00000000047A7000 V=0000000000400037 I=0000000000000000 TP=00000000047A0000 EP=00000000047A0000 E=000000000479F027 CF=000000000479F000 3P=1 3W=1 3U=1 3N=0 3G=0 3H=0 3A=1 3D=0 3R=0 3X=1 3L=0
WTX2 R=00000000047A7000 V=0000000000400037 I=0000000000000002 TP=000000000479F000 EP=000000000479F000 E=000000000479E027 CF=000000000479E000 2P=1 2W=1 2U=1 2N=0 2G=0 2H=0 2A=1 2D=0 2R=0 2X=1 2L=0
WTX1 R=00000000047A7000 V=0000000000400037 I=0000000000000000 TP=000000000479E000 EP=000000000479E000 E=00000000047A1027 CF=00000000047A1000 1P=1 1W=1 1U=1 1N=0 1G=0 1H=0 1A=1 1D=0 1R=0 1X=1 1L=1
WTXP V=0000000000400037 EQ=0 KE=0000000000400103 KF=0000000000400000 KP=1 KW=1 KU=0 KN=0 KG=1 KH=0 KA=0 KD=0 KR=0 KX=1 KL=1 TE=00000000047A1027 TF=00000000047A1000 TP=1 TW=1 TU=1 TN=0 TG=0 TH=0 TA=1 TD=0 TR=0 TX=1 TL=1
P10_RING3_ATTEMPT
P10_RFLAGS_IF_ON
P10_RING3_FRAME_PROOF FRSP=FFFFFFFF82005C38 RIP=0000000000400037 CS=0000000000000023 RF=0000000000000246 RSP=00000000007FFFB8 SS=000000000000001B BYTES=370040000000000023000000000000004602000000000000B8FF7F00000000001B00000000000000
P10_RING3_GATE_PROOF TR=0028 CTX0=FFFFFFFF82005C60 TSS0=FFFFFFFF82005C60 FCS=0000000000000023 FSS=000000000000001B IDTB=FFFFFFFF800E9FC0 IDTL=0000000000000FFF GPSEL=0008 GPIST=0000000000000000 GPTA=000000000000008F GPOFF=FFFFFFFF80016EF0 PFSEL=0008 PFIST=0000000000000000 PFTA=000000000000008F PFOFF=FFFFFFFF80016FA0
P10_RING3_COMMIT
P10_CR3_SWITCH
P10_RING3_ENTER
TrY[IRQ][SCH]
P12[[AYKEN_PERF_MB_EXTRACT_RAW]] epoch=3 candidate_pid=2 owner_last_epoch=3 ticks=26772365139 tick_valid=2
[[AYKEN_PERF_MB_EXTRACT_REASON]] name=epoch_stale ticks=26772840809 tick_valid=2
[[AYKEN_PERF_MB_PATH]] name=fallback phase=enter ticks=26773209411 tick_valid=2
[[AYKEN_PERF_MB_PATH]] name=fallback phase=exit ticks=26773604533 tick_valid=2
[[AYKEN_PERF_MB_REASON]] name=no_candidate ticks=26773992557 tick_valid=2
N12
MARK:PID=2
MARK:SW=U>U
MARK:IRET
P10_TEXT_ROOT_PROOF AC=00000000047A7000 KC=0000000005F87000 TC=00000000047A7000 RC=00000000047A7000 RIP=0000000000400037 AP=0000000000400103 TP=00000000047A1027
P10_ROOT_FRAME_WITNESS phase=pre_dispatch root=00000000047A7000 pte=0000000000000000 phys=00000000047A7000 used=1 lo=00000000047A0027 hi=0000000000000000 hash=6B7F8C95757869EF
P10_TEXT_FRAME_WITNESS phase=pre_dispatch root=00000000047A7000 pte=00000000047A1027 phys=00000000047A1000 used=1 lo=4800700000C3C748 hi=8948C0FF4808438B hash=3B68EAFA86874C6F
WTX4 R=00000000047A7000 V=0000000000400037 I=0000000000000000 TP=00000000047A7000 EP=00000000047A7000 E=00000000047A0027 CF=00000000047A0000 4P=1 4W=1 4U=1 4N=0 4G=0 4H=0 4A=1 4D=0 4R=0 4X=1 4L=0
WTX3 R=00000000047A7000 V=0000000000400037 I=0000000000000000 TP=00000000047A0000 EP=00000000047A0000 E=000000000479F027 CF=000000000479F000 3P=1 3W=1 3U=1 3N=0 3G=0 3H=0 3A=1 3D=0 3R=0 3X=1 3L=0
WTX2 R=00000000047A7000 V=0000000000400037 I=0000000000000002 TP=000000000479F000 EP=000000000479F000 E=000000000479E027 CF=000000000479E000 2P=1 2W=1 2U=1 2N=0 2G=0 2H=0 2A=1 2D=0 2R=0 2X=1 2L=0
WTX1 R=00000000047A7000 V=0000000000400037 I=0000000000000000 TP=000000000479E000 EP=000000000479E000 E=00000000047A1027 CF=00000000047A1000 1P=1 1W=1 1U=1 1N=0 1G=0 1H=0 1A=1 1D=0 1R=0 1X=1 1L=1
WTXP V=0000000000400037 EQ=0 KE=0000000000400103 KF=0000000000400000 KP=1 KW=1 KU=0 KN=0 KG=1 KH=0 KA=0 KD=0 KR=0 KX=1 KL=1 TE=00000000047A1027 TF=00000000047A1000 TP=1 TW=1 TU=1 TN=0 TG=0 TH=0 TA=1 TD=0 TR=0 TX=1 TL=1
P10_RING3_ATTEMPT
P10_RFLAGS_IF_ON
P10_RING3_FRAME_PROOF FRSP=FFFFFFFF82005C38 RIP=0000000000400037 CS=0000000000000023 RF=0000000000000246 RSP=00000000007FFFB8 SS=000000000000001B BYTES=370040000000000023000000000000004602000000000000B8FF7F00000000001B00000000000000
P10_RING3_GATE_PROOF TR=0028 CTX0=FFFFFFFF82005C60 TSS0=FFFFFFFF82005C60 FCS=0000000000000023 FSS=000000000000001B IDTB=FFFFFFFF800E9FC0 IDTL=0000000000000FFF GPSEL=0008 GPIST=0000000000000000 GPTA=000000000000008F GPOFF=FFFFFFFF80016EF0 PFSEL=0008 PFIST=0000000000000000 PFTA=000000000000008F PFOFF=FFFFFFFF80016FA0
P10_RING3_COMMIT
P10_CR3_SWITCH
P10_RING3_ENTER
rY[IRQ][SCH]
P12[[AYKEN_PERF_MB_EXTRACT_RAW]] epoch=3 candidate_pid=2 owner_last_epoch=3 ticks=26785627479 tick_valid=2
[[AYKEN_PERF_MB_EXTRACT_REASON]] name=epoch_stale ticks=26786102135 tick_valid=2
[[AYKEN_PERF_MB_PATH]] name=fallback phase=enter ticks=26786513923 tick_valid=2
[[AYKEN_PERF_MB_PATH]] name=fallback phase=exit ticks=26786980545 tick_valid=2
[[AYKEN_PERF_MB_REASON]] name=no_candidate ticks=26787365709 tick_valid=2
N12
MARK:PID=2
MARK:SW=U>U
MARK:IRET
P10_TEXT_ROOT_PROOF AC=00000000047A7000 KC=0000000005F87000 TC=00000000047A7000 RC=00000000047A7000 RIP=0000000000400037 AP=0000000000400103 TP=00000000047A1027
P10_ROOT_FRAME_WITNESS phase=pre_dispatch root=00000000047A7000 pte=0000000000000000 phys=00000000047A7000 used=1 lo=00000000047A0027 hi=0000000000000000 hash=6B7F8C95757869EF
P10_TEXT_FRAME_WITNESS phase=pre_dispatch root=00000000047A7000 pte=00000000047A1027 phys=00000000047A1000 used=1 lo=4800700000C3C748 hi=8948C0FF4808438B hash=3B68EAFA86874C6F
WTX4 R=00000000047A7000 V=0000000000400037 I=0000000000000000 TP=00000000047A7000 EP=00000000047A7000 E=00000000047A0027 CF=00000000047A0000 4P=1 4W=1 4U=1 4N=0 4G=0 4H=0 4A=1 4D=0 4R=0 4X=1 4L=0
WTX3 R=00000000047A7000 V=0000000000400037 I=0000000000000000 TP=00000000047A0000 EP=00000000047A0000 E=000000000479F027 CF=000000000479F000 3P=1 3W=1 3U=1 3N=0 3G=0 3H=0 3A=1 3D=0 3R=0 3X=1 3L=0
WTX2 R=00000000047A7000 V=0000000000400037 I=0000000000000002 TP=000000000479F000 EP=000000000479F000 E=000000000479E027 CF=000000000479E000 2P=1 2W=1 2U=1 2N=0 2G=0 2H=0 2A=1 2D=0 2R=0 2X=1 2L=0
WTX1 R=00000000047A7000 V=0000000000400037 I=0000000000000000 TP=000000000479E000 EP=000000000479E000 E=00000000047A1027 CF=00000000047A1000 1P=1 1W=1 1U=1 1N=0 1G=0 1H=0 1A=1 1D=0 1R=0 1X=1 1L=1
WTXP V=0000000000400037 EQ=0 KE=0000000000400103 KF=0000000000400000 KP=1 KW=1 KU=0 KN=0 KG=1 KH=0 KA=0 KD=0 KR=0 KX=1 KL=1 TE=00000000047A1027 TF=00000000047A1000 TP=1 TW=1 TU=1 TN=0 TG=0 TH=0 TA=1 TD=0 TR=0 TX=1 TL=1
P10_RING3_ATTEMPT
P10_RFLAGS_IF_ON
P10_RING3_FRAME_PROOF FRSP=FFFFFFFF82005C38 RIP=0000000000400037 CS=0000000000000023 RF=0000000000000246 RSP=00000000007FFFB8 SS=000000000000001B BYTES=370040000000000023000000000000004602000000000000B8FF7F00000000001B00000000000000
P10_RING3_GATE_PROOF TR=0028 CTX0=FFFFFFFF82005C60 TSS0=FFFFFFFF82005C60 FCS=0000000000000023 FSS=000000000000001B IDTB=FFFFFFFF800E9FC0 IDTL=0000000000000FFF GPSEL=0008 GPIST=0000000000000000 GPTA=000000000000008F GPOFF=FFFFFFFF80016EF0 PFSEL=0008 PFIST=0000000000000000 PFTA=000000000000008F PFOFF=FFFFFFFF80016FA0
P10_RING3_COMMIT
P10_CR3_SWITCH
P10_RING3_ENTER
TrY[IRQ][SCH]
P12[[AYKEN_PERF_MB_EXTRACT_RAW]] epoch=3 candidate_pid=2 owner_last_epoch=3 ticks=26799178445 tick_valid=2
[[AYKEN_PERF_MB_EXTRACT_REASON]] name=epoch_stale ticks=26799743841 tick_valid=2
[[AYKEN_PERF_MB_PATH]] name=fallback phase=enter ticks=26800098897 tick_valid=2
[[AYKEN_PERF_MB_PATH]] name=fallback phase=exit ticks=26800435987 tick_valid=2
[[AYKEN_PERF_MB_REASON]] name=no_candidate ticks=26800885137 tick_valid=2
N12
MARK:PID=2
MARK:SW=U>U
MARK:IRET
P10_TEXT_ROOT_PROOF AC=00000000047A7000 KC=0000000005F87000 TC=00000000047A7000 RC=00000000047A7000 RIP=0000000000400037 AP=0000000000400103 TP=00000000047A1027
P10_ROOT_FRAME_WITNESS phase=pre_dispatch root=00000000047A7000 pte=0000000000000000 phys=00000000047A7000 used=1 lo=00000000047A0027 hi=0000000000000000 hash=6B7F8C95757869EF
P10_TEXT_FRAME_WITNESS phase=pre_dispatch root=00000000047A7000 pte=00000000047A1027 phys=00000000047A1000 used=1 lo=4800700000C3C748 hi=8948C0FF4808438B hash=3B68EAFA86874C6F
WTX4 R=00000000047A7000 V=0000000000400037 I=0000000000000000 TP=00000000047A7000 EP=00000000047A7000 E=00000000047A0027 CF=00000000047A0000 4P=1 4W=1 4U=1 4N=0 4G=0 4H=0 4A=1 4D=0 4R=0 4X=1 4L=0
WTX3 R=00000000047A7000 V=0000000000400037 I=0000000000000000 TP=00000000047A0000 EP=00000000047A0000 E=000000000479F027 CF=000000000479F000 3P=1 3W=1 3U=1 3N=0 3G=0 3H=0 3A=1 3D=0 3R=0 3X=1 3L=0
WTX2 R=00000000047A7000 V=0000000000400037 I=0000000000000002 TP=000000000479F000 EP=000000000479F000 E=000000000479E027 CF=000000000479E000 2P=1 2W=1 2U=1 2N=0 2G=0 2H=0 2A=1 2D=0 2R=0 2X=1 2L=0
WTX1 R=00000000047A7000 V=0000000000400037 I=0000000000000000 TP=000000000479E000 EP=000000000479E000 E=00000000047A1027 CF=00000000047A1000 1P=1 1W=1 1U=1 1N=0 1G=0 1H=0 1A=1 1D=0 1R=0 1X=1 1L=1
WTXP V=0000000000400037 EQ=0 KE=0000000000400103 KF=0000000000400000 KP=1 KW=1 KU=0 KN=0 KG=1 KH=0 KA=0 KD=0 KR=0 KX=1 KL=1 TE=00000000047A1027 TF=00000000047A1000 TP=1 TW=1 TU=1 TN=0 TG=0 TH=0 TA=1 TD=0 TR=0 TX=1 TL=1
P10_RING3_ATTEMPT
P10_RFLAGS_IF_ON
P10_RING3_FRAME_PROOF FRSP=FFFFFFFF82005C38 RIP=0000000000400037 CS=0000000000000023 RF=0000000000000246 RSP=00000000007FFFB8 SS=000000000000001B BYTES=370040000000000023000000000000004602000000000000B8FF7F00000000001B00000000000000
P10_RING3_GATE_PROOF TR=0028 CTX0=FFFFFFFF82005C60 TSS0=FFFFFFFF82005C60 FCS=0000000000000023 FSS=000000000000001B IDTB=FFFFFFFF800E9FC0 IDTL=0000000000000FFF GPSEL=0008 GPIST=0000000000000000 GPTA=000000000000008F GPOFF=FFFFFFFF80016EF0 PFSEL=0008 PFIST=0000000000000000 PFTA=000000000000008F PFOFF=FFFFFFFF80016FA0
P10_RING3_COMMIT
P10_CR3_SWITCH
P10_RING3_ENTER
rY[IRQ][SCH]
P12[[AYKEN_PERF_MB_EXTRACT_RAW]] epoch=3 candidate_pid=2 owner_last_epoch=3 ticks=26811893667 tick_valid=2
[[AYKEN_PERF_MB_EXTRACT_REASON]] name=epoch_stale ticks=26812429007 tick_valid=2
[[AYKEN_PERF_MB_PATH]] name=fallback phase=enter ticks=26812804239 tick_valid=2
[[AYKEN_PERF_MB_PATH]] name=fallback phase=exit ticks=26813166185 tick_valid=2
[[AYKEN_PERF_MB_REASON]] name=no_candidate ticks=26813492511 tick_valid=2
N12
MARK:PID=2
MARK:SW=U>U
MARK:IRET
P10_TEXT_ROOT_PROOF AC=00000000047A7000 KC=0000000005F87000 TC=00000000047A7000 RC=00000000047A7000 RIP=0000000000400037 AP=0000000000400103 TP=00000000047A1027
P10_ROOT_FRAME_WITNESS phase=pre_dispatch root=00000000047A7000 pte=0000000000000000 phys=00000000047A7000 used=1 lo=00000000047A0027 hi=0000000000000000 hash=6B7F8C95757869EF
P10_TEXT_FRAME_WITNESS phase=pre_dispatch root=00000000047A7000 pte=00000000047A1027 phys=00000000047A1000 used=1 lo=4800700000C3C748 hi=8948C0FF4808438B hash=3B68EAFA86874C6F
WTX4 R=00000000047A7000 V=0000000000400037 I=0000000000000000 TP=00000000047A7000 EP=00000000047A7000 E=00000000047A0027 CF=00000000047A0000 4P=1 4W=1 4U=1 4N=0 4G=0 4H=0 4A=1 4D=0 4R=0 4X=1 4L=0
WTX3 R=00000000047A7000 V=0000000000400037 I=0000000000000000 TP=00000000047A0000 EP=00000000047A0000 E=000000000479F027 CF=000000000479F000 3P=1 3W=1 3U=1 3N=0 3G=0 3H=0 3A=1 3D=0 3R=0 3X=1 3L=0
WTX2 R=00000000047A7000 V=0000000000400037 I=0000000000000002 TP=000000000479F000 EP=000000000479F000 E=000000000479E027 CF=000000000479E000 2P=1 2W=1 2U=1 2N=0 2G=0 2H=0 2A=1 2D=0 2R=0 2X=1 2L=0
WTX1 R=00000000047A7000 V=0000000000400037 I=0000000000000000 TP=000000000479E000 EP=000000000479E000 E=00000000047A1027 CF=00000000047A1000 1P=1 1W=1 1U=1 1N=0 1G=0 1H=0 1A=1 1D=0 1R=0 1X=1 1L=1
WTXP V=0000000000400037 EQ=0 KE=0000000000400103 KF=0000000000400000 KP=1 KW=1 KU=0 KN=0 KG=1 KH=0 KA=0 KD=0 KR=0 KX=1 KL=1 TE=00000000047A1027 TF=00000000047A1000 TP=1 TW=1 TU=1 TN=0 TG=0 TH=0 TA=1 TD=0 TR=0 TX=1 TL=1
P10_RING3_ATTEMPT
P10_RFLAGS_IF_ON
P10_RING3_FRAME_PROOF FRSP=FFFFFFFF82005C38 RIP=0000000000400037 CS=0000000000000023 RF=0000000000000246 RSP=00000000007FFFB8 SS=000000000000001B BYTES=370040000000000023000000000000004602000000000000B8FF7F00000000001B00000000000000
P10_RING3_GATE_PROOF TR=0028 CTX0=FFFFFFFF82005C60 TSS0=FFFFFFFF82005C60 FCS=0000000000000023 FSS=000000000000001B IDTB=FFFFFFFF800E9FC0 IDTL=0000000000000FFF GPSEL=0008 GPIST=0000000000000000 GPTA=000000000000008F GPOFF=FFFFFFFF80016EF0 PFSEL=0008 PFIST=0000000000000000 PFTA=000000000000008F PFOFF=FFFFFFFF80016FA0
P10_RING3_COMMIT
P10_CR3_SWITCH
P10_RING3_ENTER
TrY[IRQ][SCH]
P12[[AYKEN_PERF_MB_EXTRACT_RAW]] epoch=3 candidate_pid=2 owner_last_epoch=3 ticks=26825191263 tick_valid=2
[[AYKEN_PERF_MB_EXTRACT_REASON]] name=epoch_stale ticks=26825779227 tick_valid=2
[[AYKEN_PERF_MB_PATH]] name=fallback phase=enter ticks=26826146581 tick_valid=2
[[AYKEN_PERF_MB_PATH]] name=fallback phase=exit ticks=26826511699 tick_valid=2
[[AYKEN_PERF_MB_REASON]] name=no_candidate ticks=26826940205 tick_valid=2
N12
MARK:PID=2
MARK:SW=U>U
MARK:IRET
P10_TEXT_ROOT_PROOF AC=00000000047A7000 KC=0000000005F87000 TC=00000000047A7000 RC=00000000047A7000 RIP=0000000000400037 AP=0000000000400103 TP=00000000047A1027
P10_ROOT_FRAME_WITNESS phase=pre_dispatch root=00000000047A7000 pte=0000000000000000 phys=00000000047A7000 used=1 lo=00000000047A0027 hi=0000000000000000 hash=6B7F8C95757869EF
P10_TEXT_FRAME_WITNESS phase=pre_dispatch root=00000000047A7000 pte=00000000047A1027 phys=00000000047A1000 used=1 lo=4800700000C3C748 hi=8948C0FF4808438B hash=3B68EAFA86874C6F
WTX4 R=00000000047A7000 V=0000000000400037 I=0000000000000000 TP=00000000047A7000 EP=00000000047A7000 E=00000000047A0027 CF=00000000047A0000 4P=1 4W=1 4U=1 4N=0 4G=0 4H=0 4A=1 4D=0 4R=0 4X=1 4L=0
WTX3 R=00000000047A7000 V=0000000000400037 I=0000000000000000 TP=00000000047A0000 EP=00000000047A0000 E=000000000479F027 CF=000000000479F000 3P=1 3W=1 3U=1 3N=0 3G=0 3H=0 3A=1 3D=0 3R=0 3X=1 3L=0
WTX2 R=00000000047A7000 V=0000000000400037 I=0000000000000002 TP=000000000479F000 EP=000000000479F000 E=000000000479E027 CF=000000000479E000 2P=1 2W=1 2U=1 2N=0 2G=0 2H=0 2A=1 2D=0 2R=0 2X=1 2L=0
WTX1 R=00000000047A7000 V=0000000000400037 I=0000000000000000 TP=000000000479E000 EP=000000000479E000 E=00000000047A1027 CF=00000000047A1000 1P=1 1W=1 1U=1 1N=0 1G=0 1H=0 1A=1 1D=0 1R=0 1X=1 1L=1
WTXP V=0000000000400037 EQ=0 KE=0000000000400103 KF=0000000000400000 KP=1 KW=1 KU=0 KN=0 KG=1 KH=0 KA=0 KD=0 KR=0 KX=1 KL=1 TE=00000000047A1027 TF=00000000047A1000 TP=1 TW=1 TU=1 TN=0 TG=0 TH=0 TA=1 TD=0 TR=0 TX=1 TL=1
P10_RING3_ATTEMPT
P10_RFLAGS_IF_ON
P10_RING3_FRAME_PROOF FRSP=FFFFFFFF82005C38 RIP=0000000000400037 CS=0000000000000023 RF=0000000000000246 RSP=00000000007FFFB8 SS=000000000000001B BYTES=370040000000000023000000000000004602000000000000B8FF7F00000000001B00000000000000
P10_RING3_GATE_PROOF TR=0028 CTX0=FFFFFFFF82005C60 TSS0=FFFFFFFF82005C60 FCS=0000000000000023 FSS=000000000000001B IDTB=FFFFFFFF800E9FC0 IDTL=0000000000000FFF GPSEL=0008 GPIST=0000000000000000 GPTA=000000000000008F GPOFF=FFFFFFFF80016EF0 PFSEL=0008 PFIST=0000000000000000 PFTA=000000000000008F PFOFF=FFFFFFFF80016FA0
P10_RING3_COMMIT
P10_CR3_SWITCH
P10_RING3_ENTER
rY[IRQ][SCH]
P12[[AYKEN_PERF_MB_EXTRACT_RAW]] epoch=3 candidate_pid=2 owner_last_epoch=3 ticks=26838365541 tick_valid=2
[[AYKEN_PERF_MB_EXTRACT_REASON]] name=epoch_stale ticks=26838843889 tick_valid=2
[[AYKEN_PERF_MB_PATH]] name=fallback phase=enter ticks=26839185711 tick_valid=2
[[AYKEN_PERF_MB_PATH]] name=fallback phase=exit ticks=26839668765 tick_valid=2
[[AYKEN_PERF_MB_REASON]] name=no_candidate ticks=26840131877 tick_valid=2
N12
MARK:PID=2
MARK:SW=U>U
MARK:IRET
P10_TEXT_ROOT_PROOF AC=00000000047A7000 KC=0000000005F87000 TC=00000000047A7000 RC=00000000047A7000 RIP=0000000000400037 AP=0000000000400103 TP=00000000047A1027
P10_ROOT_FRAME_WITNESS phase=pre_dispatch root=00000000047A7000 pte=0000000000000000 phys=00000000047A7000 used=1 lo=00000000047A0027 hi=0000000000000000 hash=6B7F8C95757869EF
P10_TEXT_FRAME_WITNESS phase=pre_dispatch root=00000000047A7000 pte=00000000047A1027 phys=00000000047A1000 used=1 lo=4800700000C3C748 hi=8948C0FF4808438B hash=3B68EAFA86874C6F
WTX4 R=00000000047A7000 V=0000000000400037 I=0000000000000000 TP=00000000047A7000 EP=00000000047A7000 E=00000000047A0027 CF=00000000047A0000 4P=1 4W=1 4U=1 4N=0 4G=0 4H=0 4A=1 4D=0 4R=0 4X=1 4L=0
WTX3 R=00000000047A7000 V=0000000000400037 I=0000000000000000 TP=00000000047A0000 EP=00000000047A0000 E=000000000479F027 CF=000000000479F000 3P=1 3W=1 3U=1 3N=0 3G=0 3H=0 3A=1 3D=0 3R=0 3X=1 3L=0
WTX2 R=00000000047A7000 V=0000000000400037 I=0000000000000002 TP=000000000479F000 EP=000000000479F000 E=000000000479E027 CF=000000000479E000 2P=1 2W=1 2U=1 2N=0 2G=0 2H=0 2A=1 2D=0 2R=0 2X=1 2L=0
WTX1 R=00000000047A7000 V=0000000000400037 I=0000000000000000 TP=000000000479E000 EP=000000000479E000 E=00000000047A1027 CF=00000000047A1000 1P=1 1W=1 1U=1 1N=0 1G=0 1H=0 1A=1 1D=0 1R=0 1X=1 1L=1
WTXP V=0000000000400037 EQ=0 KE=0000000000400103 KF=0000000000400000 KP=1 KW=1 KU=0 KN=0 KG=1 KH=0 KA=0 KD=0 KR=0 KX=1 KL=1 TE=00000000047A1027 TF=00000000047A1000 TP=1 TW=1 TU=1 TN=0 TG=0 TH=0 TA=1 TD=0 TR=0 TX=1 TL=1
P10_RING3_ATTEMPT
P10_RFLAGS_IF_ON
P10_RING3_FRAME_PROOF FRSP=FFFFFFFF82005C38 RIP=0000000000400037 CS=0000000000000023 RF=0000000000000246 RSP=00000000007FFFB8 SS=000000000000001B BYTES=370040000000000023000000000000004602000000000000B8FF7F00000000001B00000000000000
P10_RING3_GATE_PROOF TR=0028 CTX0=FFFFFFFF82005C60 TSS0=FFFFFFFF82005C60 FCS=0000000000000023 FSS=000000000000001B IDTB=FFFFFFFF800E9FC0 IDTL=0000000000000FFF GPSEL=0008 GPIST=0000000000000000 GPTA=000000000000008F GPOFF=FFFFFFFF80016EF0 PFSEL=0008 PFIST=0000000000000000 PFTA=000000000000008F PFOFF=FFFFFFFF80016FA0
P10_RING3_COMMIT
P10_CR3_SWITCH
P10_RING3_ENTER
TrY[IRQ][SCH]
P12[[AYKEN_PERF_MB_EXTRACT_RAW]] epoch=3 candidate_pid=2 owner_last_epoch=3 ticks=26853517041 tick_valid=2
[[AYKEN_PERF_MB_EXTRACT_REASON]] name=epoch_stale ticks=26854121281 tick_valid=2
[[AYKEN_PERF_MB_PATH]] name=fallback phase=enter ticks=26854587539 tick_valid=2
[[AYKEN_PERF_MB_PATH]] name=fallback phase=exit ticks=26854997143 tick_valid=2
[[AYKEN_PERF_MB_REASON]] name=no_candidate ticks=26855454457 tick_valid=2
N12
MARK:PID=2
MARK:SW=U>U
MARK:IRET
P10_TEXT_ROOT_PROOF AC=00000000047A7000 KC=0000000005F87000 TC=00000000047A7000 RC=00000000047A7000 RIP=0000000000400037 AP=0000000000400103 TP=00000000047A1027
P10_ROOT_FRAME_WITNESS phase=pre_dispatch root=00000000047A7000 pte=0000000000000000 phys=00000000047A7000 used=1 lo=00000000047A0027 hi=0000000000000000 hash=6B7F8C95757869EF
P10_TEXT_FRAME_WITNESS phase=pre_dispatch root=00000000047A7000 pte=00000000047A1027 phys=00000000047A1000 used=1 lo=4800700000C3C748 hi=8948C0FF4808438B hash=3B68EAFA86874C6F
WTX4 R=00000000047A7000 V=0000000000400037 I=0000000000000000 TP=00000000047A7000 EP=00000000047A7000 E=00000000047A0027 CF=00000000047A0000 4P=1 4W=1 4U=1 4N=0 4G=0 4H=0 4A=1 4D=0 4R=0 4X=1 4L=0
WTX3 R=00000000047A7000 V=0000000000400037 I=0000000000000000 TP=00000000047A0000 EP=00000000047A0000 E=000000000479F027 CF=000000000479F000 3P=1 3W=1 3U=1 3N=0 3G=0 3H=0 3A=1 3D=0 3R=0 3X=1 3L=0
WTX2 R=00000000047A7000 V=0000000000400037 I=0000000000000002 TP=000000000479F000 EP=000000000479F000 E=000000000479E027 CF=000000000479E000 2P=1 2W=1 2U=1 2N=0 2G=0 2H=0 2A=1 2D=0 2R=0 2X=1 2L=0
WTX1 R=00000000047A7000 V=0000000000400037 I=0000000000000000 TP=000000000479E000 EP=000000000479E000 E=00000000047A1027 CF=00000000047A1000 1P=1 1W=1 1U=1 1N=0 1G=0 1H=0 1A=1 1D=0 1R=0 1X=1 1L=1
WTXP V=0000000000400037 EQ=0 KE=0000000000400103 KF=0000000000400000 KP=1 KW=1 KU=0 KN=0 KG=1 KH=0 KA=0 KD=0 KR=0 KX=1 KL=1 TE=00000000047A1027 TF=00000000047A1000 TP=1 TW=1 TU=1 TN=0 TG=0 TH=0 TA=1 TD=0 TR=0 TX=1 TL=1
P10_RING3_ATTEMPT
P10_RFLAGS_IF_ON
P10_RING3_FRAME_PROOF FRSP=FFFFFFFF82005C38 RIP=0000000000400037 CS=0000000000000023 RF=0000000000000246 RSP=00000000007FFFB8 SS=000000000000001B BYTES=370040000000000023000000000000004602000000000000B8FF7F00000000001B00000000000000
P10_RING3_GATE_PROOF TR=0028 CTX0=FFFFFFFF82005C60 TSS0=FFFFFFFF82005C60 FCS=0000000000000023 FSS=000000000000001B IDTB=FFFFFFFF800E9FC0 IDTL=0000000000000FFF GPSEL=0008 GPIST=0000000000000000 GPTA=000000000000008F GPOFF=FFFFFFFF80016EF0 PFSEL=0008 PFIST=0000000000000000 PFTA=000000000000008F PFOFF=FFFFFFFF80016FA0
P10_RING3_COMMIT
P10_CR3_SWITCH
P10_RING3_ENTER
rY[IRQ][SCH]
P12[[AYKEN_PERF_MB_EXTRACT_RAW]] epoch=3 candidate_pid=2 owner_last_epoch=3 ticks=26868834031 tick_valid=2
[[AYKEN_PERF_MB_EXTRACT_REASON]] name=epoch_stale ticks=26869420591 tick_valid=2
[[AYKEN_PERF_MB_PATH]] name=fallback phase=enter ticks=26869887733 tick_valid=2
[[AYKEN_PERF_MB_PATH]] name=fallback phase=exit ticks=26870305345 tick_valid=2
[[AYKEN_PERF_MB_REASON]] name=no_candidate ticks=26870752051 tick_valid=2
N12
MARK:PID=2
MARK:SW=U>U
MARK:IRET
P10_TEXT_ROOT_PROOF AC=00000000047A7000 KC=0000000005F87000 TC=00000000047A7000 RC=00000000047A7000 RIP=0000000000400037 AP=0000000000400103 TP=00000000047A1027
P10_ROOT_FRAME_WITNESS phase=pre_dispatch root=00000000047A7000 pte=0000000000000000 phys=00000000047A7000 used=1 lo=00000000047A0027 hi=0000000000000000 hash=6B7F8C95757869EF
P10_TEXT_FRAME_WITNESS phase=pre_dispatch root=00000000047A7000 pte=00000000047A1027 phys=00000000047A1000 used=1 lo=4800700000C3C748 hi=8948C0FF4808438B hash=3B68EAFA86874C6F
WTX4 R=00000000047A7000 V=0000000000400037 I=0000000000000000 TP=00000000047A7000 EP=00000000047A7000 E=00000000047A0027 CF=00000000047A0000 4P=1 4W=1 4U=1 4N=0 4G=0 4H=0 4A=1 4D=0 4R=0 4X=1 4L=0
WTX3 R=00000000047A7000 V=0000000000400037 I=0000000000000000 TP=00000000047A0000 EP=00000000047A0000 E=000000000479F027 CF=000000000479F000 3P=1 3W=1 3U=1 3N=0 3G=0 3H=0 3A=1 3D=0 3R=0 3X=1 3L=0
WTX2 R=00000000047A7000 V=0000000000400037 I=0000000000000002 TP=000000000479F000 EP=000000000479F000 E=000000000479E027 CF=000000000479E000 2P=1 2W=1 2U=1 2N=0 2G=0 2H=0 2A=1 2D=0 2R=0 2X=1 2L=0
WTX1 R=00000000047A7000 V=0000000000400037 I=0000000000000000 TP=000000000479E000 EP=000000000479E000 E=00000000047A1027 CF=00000000047A1000 1P=1 1W=1 1U=1 1N=0 1G=0 1H=0 1A=1 1D=0 1R=0 1X=1 1L=1
WTXP V=0000000000400037 EQ=0 KE=0000000000400103 KF=0000000000400000 KP=1 KW=1 KU=0 KN=0 KG=1 KH=0 KA=0 KD=0 KR=0 KX=1 KL=1 TE=00000000047A1027 TF=00000000047A1000 TP=1 TW=1 TU=1 TN=0 TG=0 TH=0 TA=1 TD=0 TR=0 TX=1 TL=1
P10_RING3_ATTEMPT
P10_RFLAGS_IF_ON
P10_RING3_FRAME_PROOF FRSP=FFFFFFFF82005C38 RIP=0000000000400037 CS=0000000000000023 RF=0000000000000246 RSP=00000000007FFFB8 SS=000000000000001B BYTES=370040000000000023000000000000004602000000000000B8FF7F00000000001B00000000000000
P10_RING3_GATE_PROOF TR=0028 CTX0=FFFFFFFF82005C60 TSS0=FFFFFFFF82005C60 FCS=0000000000000023 FSS=000000000000001B IDTB=FFFFFFFF800E9FC0 IDTL=0000000000000FFF GPSEL=0008 GPIST=0000000000000000 GPTA=000000000000008F GPOFF=FFFFFFFF80016EF0 PFSEL=0008 PFIST=0000000000000000 PFTA=000000000000008F PFOFF=FFFFFFFF80016FA0
P10_RING3_COMMIT
P10_CR3_SWITCH
P10_RING3_ENTER
TrY[IRQ][SCH]
P12[[AYKEN_PERF_MB_EXTRACT_RAW]] epoch=3 candidate_pid=2 owner_last_epoch=3 ticks=26882065249 tick_valid=2
[[AYKEN_PERF_MB_EXTRACT_REASON]] name=epoch_stale ticks=26882601759 tick_valid=2
[[AYKEN_PERF_MB_PATH]] name=fallback phase=enter ticks=26882984089 tick_valid=2
[[AYKEN_PERF_MB_PATH]] name=fallback phase=exit ticks=26883322947 tick_valid=2
[[AYKEN_PERF_MB_REASON]] name=no_candidate ticks=26883671555 tick_valid=2
N12
MARK:PID=2
MARK:SW=U>U
MARK:IRET
P10_TEXT_ROOT_PROOF AC=00000000047A7000 KC=0000000005F87000 TC=00000000047A7000 RC=00000000047A7000 RIP=0000000000400037 AP=0000000000400103 TP=00000000047A1027
P10_ROOT_FRAME_WITNESS phase=pre_dispatch root=00000000047A7000 pte=0000000000000000 phys=00000000047A7000 used=1 lo=00000000047A0027 hi=0000000000000000 hash=6B7F8C95757869EF
P10_TEXT_FRAME_WITNESS phase=pre_dispatch root=00000000047A7000 pte=00000000047A1027 phys=00000000047A1000 used=1 lo=4800700000C3C748 hi=8948C0FF4808438B hash=3B68EAFA86874C6F
WTX4 R=00000000047A7000 V=0000000000400037 I=0000000000000000 TP=00000000047A7000 EP=00000000047A7000 E=00000000047A0027 CF=00000000047A0000 4P=1 4W=1 4U=1 4N=0 4G=0 4H=0 4A=1 4D=0 4R=0 4X=1 4L=0
WTX3 R=00000000047A7000 V=0000000000400037 I=0000000000000000 TP=00000000047A0000 EP=00000000047A0000 E=000000000479F027 CF=000000000479F000 3P=1 3W=1 3U=1 3N=0 3G=0 3H=0 3A=1 3D=0 3R=0 3X=1 3L=0
WTX2 R=00000000047A7000 V=0000000000400037 I=0000000000000002 TP=000000000479F000 EP=000000000479F000 E=000000000479E027 CF=000000000479E000 2P=1 2W=1 2U=1 2N=0 2G=0 2H=0 2A=1 2D=0 2R=0 2X=1 2L=0
WTX1 R=00000000047A7000 V=0000000000400037 I=0000000000000000 TP=000000000479E000 EP=000000000479E000 E=00000000047A1027 CF=00000000047A1000 1P=1 1W=1 1U=1 1N=0 1G=0 1H=0 1A=1 1D=0 1R=0 1X=1 1L=1
WTXP V=0000000000400037 EQ=0 KE=0000000000400103 KF=0000000000400000 KP=1 KW=1 KU=0 KN=0 KG=1 KH=0 KA=0 KD=0 KR=0 KX=1 KL=1 TE=00000000047A1027 TF=00000000047A1000 TP=1 TW=1 TU=1 TN=0 TG=0 TH=0 TA=1 TD=0 TR=0 TX=1 TL=1
P10_RING3_ATTEMPT
P10_RFLAGS_IF_ON
P10_RING3_FRAME_PROOF FRSP=FFFFFFFF82005C38 RIP=0000000000400037 CS=0000000000000023 RF=0000000000000246 RSP=00000000007FFFB8 SS=000000000000001B BYTES=370040000000000023000000000000004602000000000000B8FF7F00000000001B00000000000000
P10_RING3_GATE_PROOF TR=0028 CTX0=FFFFFFFF82005C60 TSS0=FFFFFFFF82005C60 FCS=0000000000000023 FSS=000000000000001B IDTB=FFFFFFFF800E9FC0 IDTL=0000000000000FFF GPSEL=0008 GPIST=0000000000000000 GPTA=000000000000008F GPOFF=FFFFFFFF80016EF0 PFSEL=0008 PFIST=0000000000000000 PFTA=000000000000008F PFOFF=FFFFFFFF80016FA0
P10_RING3_COMMIT
P10_CR3_SWITCH
P10_RING3_ENTER
rY[IRQ][SCH]
P12[[AYKEN_PERF_MB_EXTRACT_RAW]] epoch=3 candidate_pid=2 owner_last_epoch=3 ticks=26894595611 tick_valid=2
[[AYKEN_PERF_MB_EXTRACT_REASON]] name=epoch_stale ticks=26895035219 tick_valid=2
[[AYKEN_PERF_MB_PATH]] name=fallback phase=enter ticks=26895487255 tick_valid=2
[[AYKEN_PERF_MB_PATH]] name=fallback phase=exit ticks=26895865945 tick_valid=2
[[AYKEN_PERF_MB_REASON]] name=no_candidate ticks=26896192609 tick_valid=2
N12
MARK:PID=2
MARK:SW=U>U
MARK:IRET
P10_TEXT_ROOT_PROOF AC=00000000047A7000 KC=0000000005F87000 TC=00000000047A7000 RC=00000000047A7000 RIP=0000000000400037 AP=0000000000400103 TP=00000000047A1027
P10_ROOT_FRAME_WITNESS phase=pre_dispatch root=00000000047A7000 pte=0000000000000000 phys=00000000047A7000 used=1 lo=00000000047A0027 hi=0000000000000000 hash=6B7F8C95757869EF
P10_TEXT_FRAME_WITNESS phase=pre_dispatch root=00000000047A7000 pte=00000000047A1027 phys=00000000047A1000 used=1 lo=4800700000C3C748 hi=8948C0FF4808438B hash=3B68EAFA86874C6F
WTX4 R=00000000047A7000 V=0000000000400037 I=0000000000000000 TP=00000000047A7000 EP=00000000047A7000 E=00000000047A0027 CF=00000000047A0000 4P=1 4W=1 4U=1 4N=0 4G=0 4H=0 4A=1 4D=0 4R=0 4X=1 4L=0
WTX3 R=00000000047A7000 V=0000000000400037 I=0000000000000000 TP=00000000047A0000 EP=00000000047A0000 E=000000000479F027 CF=000000000479F000 3P=1 3W=1 3U=1 3N=0 3G=0 3H=0 3A=1 3D=0 3R=0 3X=1 3L=0
WTX2 R=00000000047A7000 V=0000000000400037 I=0000000000000002 TP=000000000479F000 EP=000000000479F000 E=000000000479E027 CF=000000000479E000 2P=1 2W=1 2U=1 2N=0 2G=0 2H=0 2A=1 2D=0 2R=0 2X=1 2L=0
WTX1 R=00000000047A7000 V=0000000000400037 I=0000000000000000 TP=000000000479E000 EP=000000000479E000 E=00000000047A1027 CF=00000000047A1000 1P=1 1W=1 1U=1 1N=0 1G=0 1H=0 1A=1 1D=0 1R=0 1X=1 1L=1
WTXP V=0000000000400037 EQ=0 KE=0000000000400103 KF=0000000000400000 KP=1 KW=1 KU=0 KN=0 KG=1 KH=0 KA=0 KD=0 KR=0 KX=1 KL=1 TE=00000000047A1027 TF=00000000047A1000 TP=1 TW=1 TU=1 TN=0 TG=0 TH=0 TA=1 TD=0 TR=0 TX=1 TL=1
P10_RING3_ATTEMPT
P10_RFLAGS_IF_ON
P10_RING3_FRAME_PROOF FRSP=FFFFFFFF82005C38 RIP=0000000000400037 CS=0000000000000023 RF=0000000000000246 RSP=00000000007FFFB8 SS=000000000000001B BYTES=370040000000000023000000000000004602000000000000B8FF7F00000000001B00000000000000
P10_RING3_GATE_PROOF TR=0028 CTX0=FFFFFFFF82005C60 TSS0=FFFFFFFF82005C60 FCS=0000000000000023 FSS=000000000000001B IDTB=FFFFFFFF800E9FC0 IDTL=0000000000000FFF GPSEL=0008 GPIST=0000000000000000 GPTA=000000000000008F GPOFF=FFFFFFFF80016EF0 PFSEL=0008 PFIST=0000000000000000 PFTA=000000000000008F PFOFF=FFFFFFFF80016FA0
P10_RING3_COMMIT
P10_CR3_SWITCH
P10_RING3_ENTER
TrY[IRQ][SCH]
P12[[AYKEN_PERF_MB_EXTRACT_RAW]] epoch=3 candidate_pid=2 owner_last_epoch=3 ticks=26907969023 tick_valid=2
[[AYKEN_PERF_MB_EXTRACT_REASON]] name=epoch_stale ticks=26908533665 tick_valid=2
[[AYKEN_PERF_MB_PATH]] name=fallback phase=enter ticks=26908940461 tick_valid=2
[[AYKEN_PERF_MB_PATH]] name=fallback phase=exit ticks=26909305891 tick_valid=2
[[AYKEN_PERF_MB_REASON]] name=no_candidate ticks=26909726935 tick_valid=2
N12
MARK:PID=2
MARK:SW=U>U
MARK:IRET
P10_TEXT_ROOT_PROOF AC=00000000047A7000 KC=0000000005F87000 TC=00000000047A7000 RC=00000000047A7000 RIP=0000000000400037 AP=0000000000400103 TP=00000000047A1027
P10_ROOT_FRAME_WITNESS phase=pre_dispatch root=00000000047A7000 pte=0000000000000000 phys=00000000047A7000 used=1 lo=00000000047A0027 hi=0000000000000000 hash=6B7F8C95757869EF
P10_TEXT_FRAME_WITNESS phase=pre_dispatch root=00000000047A7000 pte=00000000047A1027 phys=00000000047A1000 used=1 lo=4800700000C3C748 hi=8948C0FF4808438B hash=3B68EAFA86874C6F
WTX4 R=00000000047A7000 V=0000000000400037 I=0000000000000000 TP=00000000047A7000 EP=00000000047A7000 E=00000000047A0027 CF=00000000047A0000 4P=1 4W=1 4U=1 4N=0 4G=0 4H=0 4A=1 4D=0 4R=0 4X=1 4L=0
WTX3 R=00000000047A7000 V=0000000000400037 I=0000000000000000 TP=00000000047A0000 EP=00000000047A0000 E=000000000479F027 CF=000000000479F000 3P=1 3W=1 3U=1 3N=0 3G=0 3H=0 3A=1 3D=0 3R=0 3X=1 3L=0
WTX2 R=00000000047A7000 V=0000000000400037 I=0000000000000002 TP=000000000479F000 EP=000000000479F000 E=000000000479E027 CF=000000000479E000 2P=1 2W=1 2U=1 2N=0 2G=0 2H=0 2A=1 2D=0 2R=0 2X=1 2L=0
WTX1 R=00000000047A7000 V=0000000000400037 I=0000000000000000 TP=000000000479E000 EP=000000000479E000 E=00000000047A1027 CF=00000000047A1000 1P=1 1W=1 1U=1 1N=0 1G=0 1H=0 1A=1 1D=0 1R=0 1X=1 1L=1
WTXP V=0000000000400037 EQ=0 KE=0000000000400103 KF=0000000000400000 KP=1 KW=1 KU=0 KN=0 KG=1 KH=0 KA=0 KD=0 KR=0 KX=1 KL=1 TE=00000000047A1027 TF=00000000047A1000 TP=1 TW=1 TU=1 TN=0 TG=0 TH=0 TA=1 TD=0 TR=0 TX=1 TL=1
P10_RING3_ATTEMPT
P10_RFLAGS_IF_ON
P10_RING3_FRAME_PROOF FRSP=FFFFFFFF82005C38 RIP=0000000000400037 CS=0000000000000023 RF=0000000000000246 RSP=00000000007FFFB8 SS=000000000000001B BYTES=370040000000000023000000000000004602000000000000B8FF7F00000000001B00000000000000
P10_RING3_GATE_PROOF TR=0028 CTX0=FFFFFFFF82005C60 TSS0=FFFFFFFF82005C60 FCS=0000000000000023 FSS=000000000000001B IDTB=FFFFFFFF800E9FC0 IDTL=0000000000000FFF GPSEL=0008 GPIST=0000000000000000 GPTA=000000000000008F GPOFF=FFFFFFFF80016EF0 PFSEL=0008 PFIST=0000000000000000 PFTA=000000000000008F PFOFF=FFFFFFFF80016FA0
P10_RING3_COMMIT
P10_CR3_SWITCH
P10_RING3_ENTER
rY[IRQ][SCH]
P12[[AYKEN_PERF_MB_EXTRACT_RAW]] epoch=3 candidate_pid=2 owner_last_epoch=3 ticks=26921244753 tick_valid=2
[[AYKEN_PERF_MB_EXTRACT_REASON]] name=epoch_stale ticks=26921812359 tick_valid=2
[[AYKEN_PERF_MB_PATH]] name=fallback phase=enter ticks=26922153583 tick_valid=2
[[AYKEN_PERF_MB_PATH]] name=fallback phase=exit ticks=26922489789 tick_valid=2
[[AYKEN_PERF_MB_REASON]] name=no_candidate ticks=26922930645 tick_valid=2
N12
MARK:PID=2
MARK:SW=U>U
MARK:IRET
P10_TEXT_ROOT_PROOF AC=00000000047A7000 KC=0000000005F87000 TC=00000000047A7000 RC=00000000047A7000 RIP=0000000000400037 AP=0000000000400103 TP=00000000047A1027
P10_ROOT_FRAME_WITNESS phase=pre_dispatch root=00000000047A7000 pte=0000000000000000 phys=00000000047A7000 used=1 lo=00000000047A0027 hi=0000000000000000 hash=6B7F8C95757869EF
P10_TEXT_FRAME_WITNESS phase=pre_dispatch root=00000000047A7000 pte=00000000047A1027 phys=00000000047A1000 used=1 lo=4800700000C3C748 hi=8948C0FF4808438B hash=3B68EAFA86874C6F
WTX4 R=00000000047A7000 V=0000000000400037 I=0000000000000000 TP=00000000047A7000 EP=00000000047A7000 E=00000000047A0027 CF=00000000047A0000 4P=1 4W=1 4U=1 4N=0 4G=0 4H=0 4A=1 4D=0 4R=0 4X=1 4L=0
WTX3 R=00000000047A7000 V=0000000000400037 I=0000000000000000 TP=00000000047A0000 EP=00000000047A0000 E=000000000479F027 CF=000000000479F000 3P=1 3W=1 3U=1 3N=0 3G=0 3H=0 3A=1 3D=0 3R=0 3X=1 3L=0
WTX2 R=00000000047A7000 V=0000000000400037 I=0000000000000002 TP=000000000479F000 EP=000000000479F000 E=000000000479E027 CF=000000000479E000 2P=1 2W=1 2U=1 2N=0 2G=0 2H=0 2A=1 2D=0 2R=0 2X=1 2L=0
WTX1 R=00000000047A7000 V=0000000000400037 I=0000000000000000 TP=000000000479E000 EP=000000000479E000 E=00000000047A1027 CF=00000000047A1000 1P=1 1W=1 1U=1 1N=0 1G=0 1H=0 1A=1 1D=0 1R=0 1X=1 1L=1
WTXP V=0000000000400037 EQ=0 KE=0000000000400103 KF=0000000000400000 KP=1 KW=1 KU=0 KN=0 KG=1 KH=0 KA=0 KD=0 KR=0 KX=1 KL=1 TE=00000000047A1027 TF=00000000047A1000 TP=1 TW=1 TU=1 TN=0 TG=0 TH=0 TA=1 TD=0 TR=0 TX=1 TL=1
P10_RING3_ATTEMPT
P10_RFLAGS_IF_ON
P10_RING3_FRAME_PROOF FRSP=FFFFFFFF82005C38 RIP=0000000000400037 CS=0000000000000023 RF=0000000000000246 RSP=00000000007FFFB8 SS=000000000000001B BYTES=370040000000000023000000000000004602000000000000B8FF7F00000000001B00000000000000
P10_RING3_GATE_PROOF TR=0028 CTX0=FFFFFFFF82005C60 TSS0=FFFFFFFF82005C60 FCS=0000000000000023 FSS=000000000000001B IDTB=FFFFFFFF800E9FC0 IDTL=0000000000000FFF GPSEL=0008 GPIST=0000000000000000 GPTA=000000000000008F GPOFF=FFFFFFFF80016EF0 PFSEL=0008 PFIST=0000000000000000 PFTA=000000000000008F PFOFF=FFFFFFFF80016FA0
P10_RING3_COMMIT
P10_CR3_SWITCH
P10_RING3_ENTER
TrY[IRQ][SCH]
P12[[AYKEN_PERF_MB_EXTRACT_RAW]] epoch=3 candidate_pid=2 owner_last_epoch=3 ticks=26933766587 tick_valid=2
[[AYKEN_PERF_MB_EXTRACT_REASON]] name=epoch_stale ticks=26934206897 tick_valid=2
[[AYKEN_PERF_MB_PATH]] name=fallback phase=enter ticks=26934709061 tick_valid=2
[[AYKEN_PERF_MB_PATH]] name=fallback phase=exit ticks=26935046827 tick_valid=2
[[AYKEN_PERF_MB_REASON]] name=no_candidate ticks=26935372867 tick_valid=2
N12
MARK:PID=2
MARK:SW=U>U
MARK:IRET
P10_TEXT_ROOT_PROOF AC=00000000047A7000 KC=0000000005F87000 TC=00000000047A7000 RC=00000000047A7000 RIP=0000000000400037 AP=0000000000400103 TP=00000000047A1027
P10_ROOT_FRAME_WITNESS phase=pre_dispatch root=00000000047A7000 pte=0000000000000000 phys=00000000047A7000 used=1 lo=00000000047A0027 hi=0000000000000000 hash=6B7F8C95757869EF
P10_TEXT_FRAME_WITNESS phase=pre_dispatch root=00000000047A7000 pte=00000000047A1027 phys=00000000047A1000 used=1 lo=4800700000C3C748 hi=8948C0FF4808438B hash=3B68EAFA86874C6F
WTX4 R=00000000047A7000 V=0000000000400037 I=0000000000000000 TP=00000000047A7000 EP=00000000047A7000 E=00000000047A0027 CF=00000000047A0000 4P=1 4W=1 4U=1 4N=0 4G=0 4H=0 4A=1 4D=0 4R=0 4X=1 4L=0
WTX3 R=00000000047A7000 V=0000000000400037 I=0000000000000000 TP=00000000047A0000 EP=00000000047A0000 E=000000000479F027 CF=000000000479F000 3P=1 3W=1 3U=1 3N=0 3G=0 3H=0 3A=1 3D=0 3R=0 3X=1 3L=0
WTX2 R=00000000047A7000 V=0000000000400037 I=0000000000000002 TP=000000000479F000 EP=000000000479F000 E=000000000479E027 CF=000000000479E000 2P=1 2W=1 2U=1 2N=0 2G=0 2H=0 2A=1 2D=0 2R=0 2X=1 2L=0
WTX1 R=00000000047A7000 V=0000000000400037 I=0000000000000000 TP=000000000479E000 EP=000000000479E000 E=00000000047A1027 CF=00000000047A1000 1P=1 1W=1 1U=1 1N=0 1G=0 1H=0 1A=1 1D=0 1R=0 1X=1 1L=1
WTXP V=0000000000400037 EQ=0 KE=0000000000400103 KF=0000000000400000 KP=1 KW=1 KU=0 KN=0 KG=1 KH=0 KA=0 KD=0 KR=0 KX=1 KL=1 TE=00000000047A1027 TF=00000000047A1000 TP=1 TW=1 TU=1 TN=0 TG=0 TH=0 TA=1 TD=0 TR=0 TX=1 TL=1
P10_RING3_ATTEMPT
P10_RFLAGS_IF_ON
P10_RING3_FRAME_PROOF FRSP=FFFFFFFF82005C38 RIP=0000000000400037 CS=0000000000000023 RF=0000000000000246 RSP=00000000007FFFB8 SS=000000000000001B BYTES=370040000000000023000000000000004602000000000000B8FF7F00000000001B00000000000000
P10_RING3_GATE_PROOF TR=0028 CTX0=FFFFFFFF82005C60 TSS0=FFFFFFFF82005C60 FCS=0000000000000023 FSS=000000000000001B IDTB=FFFFFFFF800E9FC0 IDTL=0000000000000FFF GPSEL=0008 GPIST=0000000000000000 GPTA=000000000000008F GPOFF=FFFFFFFF80016EF0 PFSEL=0008 PFIST=0000000000000000 PFTA=000000000000008F PFOFF=FFFFFFFF80016FA0
P10_RING3_COMMIT
P10_CR3_SWITCH
P10_RING3_ENTER
rY[IRQ][SCH]
P12[[AYKEN_PERF_MB_EXTRACT_RAW]] epoch=3 candidate_pid=2 owner_last_epoch=3 ticks=26946410153 tick_valid=2
[[AYKEN_PERF_MB_EXTRACT_REASON]] name=epoch_stale ticks=26946899447 tick_valid=2
[[AYKEN_PERF_MB_PATH]] name=fallback phase=enter ticks=26947358919 tick_valid=2
[[AYKEN_PERF_MB_PATH]] name=fallback phase=exit ticks=26947761607 tick_valid=2
[[AYKEN_PERF_MB_REASON]] name=no_candidate ticks=26948114999 tick_valid=2
N12
MARK:PID=2
MARK:SW=U>U
MARK:IRET
P10_TEXT_ROOT_PROOF AC=00000000047A7000 KC=0000000005F87000 TC=00000000047A7000 RC=00000000047A7000 RIP=0000000000400037 AP=0000000000400103 TP=00000000047A1027
P10_ROOT_FRAME_WITNESS phase=pre_dispatch root=00000000047A7000 pte=0000000000000000 phys=00000000047A7000 used=1 lo=00000000047A0027 hi=0000000000000000 hash=6B7F8C95757869EF
P10_TEXT_FRAME_WITNESS phase=pre_dispatch root=00000000047A7000 pte=00000000047A1027 phys=00000000047A1000 used=1 lo=4800700000C3C748 hi=8948C0FF4808438B hash=3B68EAFA86874C6F
WTX4 R=00000000047A7000 V=0000000000400037 I=0000000000000000 TP=00000000047A7000 EP=00000000047A7000 E=00000000047A0027 CF=00000000047A0000 4P=1 4W=1 4U=1 4N=0 4G=0 4H=0 4A=1 4D=0 4R=0 4X=1 4L=0
WTX3 R=00000000047A7000 V=0000000000400037 I=0000000000000000 TP=00000000047A0000 EP=00000000047A0000 E=000000000479F027 CF=000000000479F000 3P=1 3W=1 3U=1 3N=0 3G=0 3H=0 3A=1 3D=0 3R=0 3X=1 3L=0
WTX2 R=00000000047A7000 V=0000000000400037 I=0000000000000002 TP=000000000479F000 EP=000000000479F000 E=000000000479E027 CF=000000000479E000 2P=1 2W=1 2U=1 2N=0 2G=0 2H=0 2A=1 2D=0 2R=0 2X=1 2L=0
WTX1 R=00000000047A7000 V=0000000000400037 I=0000000000000000 TP=000000000479E000 EP=000000000479E000 E=00000000047A1027 CF=00000000047A1000 1P=1 1W=1 1U=1 1N=0 1G=0 1H=0 1A=1 1D=0 1R=0 1X=1 1L=1
WTXP V=0000000000400037 EQ=0 KE=0000000000400103 KF=0000000000400000 KP=1 KW=1 KU=0 KN=0 KG=1 KH=0 KA=0 KD=0 KR=0 KX=1 KL=1 TE=00000000047A1027 TF=00000000047A1000 TP=1 TW=1 TU=1 TN=0 TG=0 TH=0 TA=1 TD=0 TR=0 TX=1 TL=1
P10_RING3_ATTEMPT
P10_RFLAGS_IF_ON
P10_RING3_FRAME_PROOF FRSP=FFFFFFFF82005C38 RIP=0000000000400037 CS=0000000000000023 RF=0000000000000246 RSP=00000000007FFFB8 SS=000000000000001B BYTES=370040000000000023000000000000004602000000000000B8FF7F00000000001B00000000000000
P10_RING3_GATE_PROOF TR=0028 CTX0=FFFFFFFF82005C60 TSS0=FFFFFFFF82005C60 FCS=0000000000000023 FSS=000000000000001B IDTB=FFFFFFFF800E9FC0 IDTL=0000000000000FFF GPSEL=0008 GPIST=0000000000000000 GPTA=000000000000008F GPOFF=FFFFFFFF80016EF0 PFSEL=0008 PFIST=0000000000000000 PFTA=000000000000008F PFOFF=FFFFFFFF80016FA0
P10_RING3_COMMIT
P10_CR3_SWITCH
P10_RING3_ENTER
TrY[IRQ][SCH]
P12[[AYKEN_PERF_MB_EXTRACT_RAW]] epoch=3 candidate_pid=2 owner_last_epoch=3 ticks=26959981607 tick_valid=2
[[AYKEN_PERF_MB_EXTRACT_REASON]] name=epoch_stale ticks=26960539125 tick_valid=2
[[AYKEN_PERF_MB_PATH]] name=fallback phase=enter ticks=26960951719 tick_valid=2
[[AYKEN_PERF_MB_PATH]] name=fallback phase=exit ticks=26961316109 tick_valid=2
[[AYKEN_PERF_MB_REASON]] name=no_candidate ticks=26961733305 tick_valid=2
N12
MARK:PID=2
MARK:SW=U>U
MARK:IRET
P10_TEXT_ROOT_PROOF AC=00000000047A7000 KC=0000000005F87000 TC=00000000047A7000 RC=00000000047A7000 RIP=0000000000400037 AP=0000000000400103 TP=00000000047A1027
P10_ROOT_FRAME_WITNESS phase=pre_dispatch root=00000000047A7000 pte=0000000000000000 phys=00000000047A7000 used=1 lo=00000000047A0027 hi=0000000000000000 hash=6B7F8C95757869EF
P10_TEXT_FRAME_WITNESS phase=pre_dispatch root=00000000047A7000 pte=00000000047A1027 phys=00000000047A1000 used=1 lo=4800700000C3C748 hi=8948C0FF4808438B hash=3B68EAFA86874C6F
WTX4 R=00000000047A7000 V=0000000000400037 I=0000000000000000 TP=00000000047A7000 EP=00000000047A7000 E=00000000047A0027 CF=00000000047A0000 4P=1 4W=1 4U=1 4N=0 4G=0 4H=0 4A=1 4D=0 4R=0 4X=1 4L=0
WTX3 R=00000000047A7000 V=0000000000400037 I=0000000000000000 TP=00000000047A0000 EP=00000000047A0000 E=000000000479F027 CF=000000000479F000 3P=1 3W=1 3U=1 3N=0 3G=0 3H=0 3A=1 3D=0 3R=0 3X=1 3L=0
WTX2 R=00000000047A7000 V=0000000000400037 I=0000000000000002 TP=000000000479F000 EP=000000000479F000 E=000000000479E027 CF=000000000479E000 2P=1 2W=1 2U=1 2N=0 2G=0 2H=0 2A=1 2D=0 2R=0 2X=1 2L=0
WTX1 R=00000000047A7000 V=0000000000400037 I=0000000000000000 TP=000000000479E000 EP=000000000479E000 E=00000000047A1027 CF=00000000047A1000 1P=1 1W=1 1U=1 1N=0 1G=0 1H=0 1A=1 1D=0 1R=0 1X=1 1L=1
WTXP V=0000000000400037 EQ=0 KE=0000000000400103 KF=0000000000400000 KP=1 KW=1 KU=0 KN=0 KG=1 KH=0 KA=0 KD=0 KR=0 KX=1 KL=1 TE=00000000047A1027 TF=00000000047A1000 TP=1 TW=1 TU=1 TN=0 TG=0 TH=0 TA=1 TD=0 TR=0 TX=1 TL=1
P10_RING3_ATTEMPT
P10_RFLAGS_IF_ON
P10_RING3_FRAME_PROOF FRSP=FFFFFFFF82005C38 RIP=0000000000400037 CS=0000000000000023 RF=0000000000000246 RSP=00000000007FFFB8 SS=000000000000001B BYTES=370040000000000023000000000000004602000000000000B8FF7F00000000001B00000000000000
P10_RING3_GATE_PROOF TR=0028 CTX0=FFFFFFFF82005C60 TSS0=FFFFFFFF82005C60 FCS=0000000000000023 FSS=000000000000001B IDTB=FFFFFFFF800E9FC0 IDTL=0000000000000FFF GPSEL=0008 GPIST=0000000000000000 GPTA=000000000000008F GPOFF=FFFFFFFF80016EF0 PFSEL=0008 PFIST=0000000000000000 PFTA=000000000000008F PFOFF=FFFFFFFF80016FA0
P10_RING3_COMMIT
P10_CR3_SWITCH
P10_RING3_ENTER
rY[IRQ][SCH]
P12[[AYKEN_PERF_MB_EXTRACT_RAW]] epoch=3 candidate_pid=2 owner_last_epoch=3 ticks=26972741003 tick_valid=2
[[AYKEN_PERF_MB_EXTRACT_REASON]] name=epoch_stale ticks=26973290955 tick_valid=2
[[AYKEN_PERF_MB_PATH]] name=fallback phase=enter ticks=26973697621 tick_valid=2
[[AYKEN_PERF_MB_PATH]] name=fallback phase=exit ticks=26974063675 tick_valid=2
[[AYKEN_PERF_MB_REASON]] name=no_candidate ticks=26974419017 tick_valid=2
N12
MARK:PID=2
MARK:SW=U>U
MARK:IRET
P10_TEXT_ROOT_PROOF AC=00000000047A7000 KC=0000000005F87000 TC=00000000047A7000 RC=00000000047A7000 RIP=0000000000400037 AP=0000000000400103 TP=00000000047A1027
P10_ROOT_FRAME_WITNESS phase=pre_dispatch root=00000000047A7000 pte=0000000000000000 phys=00000000047A7000 used=1 lo=00000000047A0027 hi=0000000000000000 hash=6B7F8C95757869EF
P10_TEXT_FRAME_WITNESS phase=pre_dispatch root=00000000047A7000 pte=00000000047A1027 phys=00000000047A1000 used=1 lo=4800700000C3C748 hi=8948C0FF4808438B hash=3B68EAFA86874C6F
WTX4 R=00000000047A7000 V=0000000000400037 I=0000000000000000 TP=00000000047A7000 EP=00000000047A7000 E=00000000047A0027 CF=00000000047A0000 4P=1 4W=1 4U=1 4N=0 4G=0 4H=0 4A=1 4D=0 4R=0 4X=1 4L=0
WTX3 R=00000000047A7000 V=0000000000400037 I=0000000000000000 TP=00000000047A0000 EP=00000000047A0000 E=000000000479F027 CF=000000000479F000 3P=1 3W=1 3U=1 3N=0 3G=0 3H=0 3A=1 3D=0 3R=0 3X=1 3L=0
WTX2 R=00000000047A7000 V=0000000000400037 I=0000000000000002 TP=000000000479F000 EP=000000000479F000 E=000000000479E027 CF=000000000479E000 2P=1 2W=1 2U=1 2N=0 2G=0 2H=0 2A=1 2D=0 2R=0 2X=1 2L=0
WTX1 R=00000000047A7000 V=0000000000400037 I=0000000000000000 TP=000000000479E000 EP=000000000479E000 E=00000000047A1027 CF=00000000047A1000 1P=1 1W=1 1U=1 1N=0 1G=0 1H=0 1A=1 1D=0 1R=0 1X=1 1L=1
WTXP V=0000000000400037 EQ=0 KE=0000000000400103 KF=0000000000400000 KP=1 KW=1 KU=0 KN=0 KG=1 KH=0 KA=0 KD=0 KR=0 KX=1 KL=1 TE=00000000047A1027 TF=00000000047A1000 TP=1 TW=1 TU=1 TN=0 TG=0 TH=0 TA=1 TD=0 TR=0 TX=1 TL=1
P10_RING3_ATTEMPT
P10_RFLAGS_IF_ON
P10_RING3_FRAME_PROOF FRSP=FFFFFFFF82005C38 RIP=0000000000400037 CS=0000000000000023 RF=0000000000000246 RSP=00000000007FFFB8 SS=000000000000001B BYTES=370040000000000023000000000000004602000000000000B8FF7F00000000001B00000000000000
P10_RING3_GATE_PROOF TR=0028 CTX0=FFFFFFFF82005C60 TSS0=FFFFFFFF82005C60 FCS=0000000000000023 FSS=000000000000001B IDTB=FFFFFFFF800E9FC0 IDTL=0000000000000FFF GPSEL=0008 GPIST=0000000000000000 GPTA=000000000000008F GPOFF=FFFFFFFF80016EF0 PFSEL=0008 PFIST=0000000000000000 PFTA=000000000000008F PFOFF=FFFFFFFF80016FA0
P10_RING3_COMMIT
P10_CR3_SWITCH
P10_RING3_ENTER
TrY[IRQ][SCH]
P12[[AYKEN_PERF_MB_EXTRACT_RAW]] epoch=3 candidate_pid=2 owner_last_epoch=3 ticks=26985770903 tick_valid=2
[[AYKEN_PERF_MB_EXTRACT_REASON]] name=epoch_stale ticks=26986292879 tick_valid=2
[[AYKEN_PERF_MB_PATH]] name=fallback phase=enter ticks=26986680305 tick_valid=2
[[AYKEN_PERF_MB_PATH]] name=fallback phase=exit ticks=26987015107 tick_valid=2
[[AYKEN_PERF_MB_REASON]] name=no_candidate ticks=26987340939 tick_valid=2
N12
MARK:PID=2
MARK:SW=U>U
MARK:IRET
P10_TEXT_ROOT_PROOF AC=00000000047A7000 KC=0000000005F87000 TC=00000000047A7000 RC=00000000047A7000 RIP=0000000000400037 AP=0000000000400103 TP=00000000047A1027
P10_ROOT_FRAME_WITNESS phase=pre_dispatch root=00000000047A7000 pte=0000000000000000 phys=00000000047A7000 used=1 lo=00000000047A0027 hi=0000000000000000 hash=6B7F8C95757869EF
P10_TEXT_FRAME_WITNESS phase=pre_dispatch root=00000000047A7000 pte=00000000047A1027 phys=00000000047A1000 used=1 lo=4800700000C3C748 hi=8948C0FF4808438B hash=3B68EAFA86874C6F
WTX4 R=00000000047A7000 V=0000000000400037 I=0000000000000000 TP=00000000047A7000 EP=00000000047A7000 E=00000000047A0027 CF=00000000047A0000 4P=1 4W=1 4U=1 4N=0 4G=0 4H=0 4A=1 4D=0 4R=0 4X=1 4L=0
WTX3 R=00000000047A7000 V=0000000000400037 I=0000000000000000 TP=00000000047A0000 EP=00000000047A0000 E=000000000479F027 CF=000000000479F000 3P=1 3W=1 3U=1 3N=0 3G=0 3H=0 3A=1 3D=0 3R=0 3X=1 3L=0
WTX2 R=00000000047A7000 V=0000000000400037 I=0000000000000002 TP=000000000479F000 EP=000000000479F000 E=000000000479E027 CF=000000000479E000 2P=1 2W=1 2U=1 2N=0 2G=0 2H=0 2A=1 2D=0 2R=0 2X=1 2L=0
WTX1 R=00000000047A7000 V=0000000000400037 I=0000000000000000 TP=000000000479E000 EP=000000000479E000 E=00000000047A1027 CF=00000000047A1000 1P=1 1W=1 1U=1 1N=0 1G=0 1H=0 1A=1 1D=0 1R=0 1X=1 1L=1
WTXP V=0000000000400037 EQ=0 KE=0000000000400103 KF=0000000000400000 KP=1 KW=1 KU=0 KN=0 KG=1 KH=0 KA=0 KD=0 KR=0 KX=1 KL=1 TE=00000000047A1027 TF=00000000047A1000 TP=1 TW=1 TU=1 TN=0 TG=0 TH=0 TA=1 TD=0 TR=0 TX=1 TL=1
P10_RING3_ATTEMPT
P10_RFLAGS_IF_ON
P10_RING3_FRAME_PROOF FRSP=FFFFFFFF82005C38 RIP=0000000000400037 CS=0000000000000023 RF=0000000000000246 RSP=00000000007FFFB8 SS=000000000000001B BYTES=370040000000000023000000000000004602000000000000B8FF7F00000000001B00000000000000
P10_RING3_GATE_PROOF TR=0028 CTX0=FFFFFFFF82005C60 TSS0=FFFFFFFF82005C60 FCS=0000000000000023 FSS=000000000000001B IDTB=FFFFFFFF800E9FC0 IDTL=0000000000000FFF GPSEL=0008 GPIST=0000000000000000 GPTA=000000000000008F GPOFF=FFFFFFFF80016EF0 PFSEL=0008 PFIST=0000000000000000 PFTA=000000000000008F PFOFF=FFFFFFFF80016FA0
P10_RING3_COMMIT
P10_CR3_SWITCH
P10_RING3_ENTER
rY[IRQ][SCH]
P12[[AYKEN_PERF_MB_EXTRACT_RAW]] epoch=3 candidate_pid=2 owner_last_epoch=3 ticks=26999149177 tick_valid=2
[[AYKEN_PERF_MB_EXTRACT_REASON]] name=epoch_stale ticks=26999716471 tick_valid=2
[[AYKEN_PERF_MB_PATH]] name=fallback phase=enter ticks=27000083903 tick_valid=2
[[AYKEN_PERF_MB_PATH]] name=fallback phase=exit ticks=27000464023 tick_valid=2
[[AYKEN_PERF_MB_REASON]] name=no_candidate ticks=27000891801 tick_valid=2
N12
MARK:PID=2
MARK:SW=U>U
MARK:IRET
P10_TEXT_ROOT_PROOF AC=00000000047A7000 KC=0000000005F87000 TC=00000000047A7000 RC=00000000047A7000 RIP=0000000000400037 AP=0000000000400103 TP=00000000047A1027
P10_ROOT_FRAME_WITNESS phase=pre_dispatch root=00000000047A7000 pte=0000000000000000 phys=00000000047A7000 used=1 lo=00000000047A0027 hi=0000000000000000 hash=6B7F8C95757869EF
P10_TEXT_FRAME_WITNESS phase=pre_dispatch root=00000000047A7000 pte=00000000047A1027 phys=00000000047A1000 used=1 lo=4800700000C3C748 hi=8948C0FF4808438B hash=3B68EAFA86874C6F
WTX4 R=00000000047A7000 V=0000000000400037 I=0000000000000000 TP=00000000047A7000 EP=00000000047A7000 E=00000000047A0027 CF=00000000047A0000 4P=1 4W=1 4U=1 4N=0 4G=0 4H=0 4A=1 4D=0 4R=0 4X=1 4L=0
WTX3 R=00000000047A7000 V=0000000000400037 I=0000000000000000 TP=00000000047A0000 EP=00000000047A0000 E=000000000479F027 CF=000000000479F000 3P=1 3W=1 3U=1 3N=0 3G=0 3H=0 3A=1 3D=0 3R=0 3X=1 3L=0
WTX2 R=00000000047A7000 V=0000000000400037 I=0000000000000002 TP=000000000479F000 EP=000000000479F000 E=000000000479E027 CF=000000000479E000 2P=1 2W=1 2U=1 2N=0 2G=0 2H=0 2A=1 2D=0 2R=0 2X=1 2L=0
WTX1 R=00000000047A7000 V=0000000000400037 I=0000000000000000 TP=000000000479E000 EP=000000000479E000 E=00000000047A1027 CF=00000000047A1000 1P=1 1W=1 1U=1 1N=0 1G=0 1H=0 1A=1 1D=0 1R=0 1X=1 1L=1
WTXP V=0000000000400037 EQ=0 KE=0000000000400103 KF=0000000000400000 KP=1 KW=1 KU=0 KN=0 KG=1 KH=0 KA=0 KD=0 KR=0 KX=1 KL=1 TE=00000000047A1027 TF=00000000047A1000 TP=1 TW=1 TU=1 TN=0 TG=0 TH=0 TA=1 TD=0 TR=0 TX=1 TL=1
P10_RING3_ATTEMPT
P10_RFLAGS_IF_ON
P10_RING3_FRAME_PROOF FRSP=FFFFFFFF82005C38 RIP=0000000000400037 CS=0000000000000023 RF=0000000000000246 RSP=00000000007FFFB8 SS=000000000000001B BYTES=370040000000000023000000000000004602000000000000B8FF7F00000000001B00000000000000
P10_RING3_GATE_PROOF TR=0028 CTX0=FFFFFFFF82005C60 TSS0=FFFFFFFF82005C60 FCS=0000000000000023 FSS=000000000000001B IDTB=FFFFFFFF800E9FC0 IDTL=0000000000000FFF GPSEL=0008 GPIST=0000000000000000 GPTA=000000000000008F GPOFF=FFFFFFFF80016EF0 PFSEL=0008 PFIST=0000000000000000 PFTA=000000000000008F PFOFF=FFFFFFFF80016FA0
P10_RING3_COMMIT
P10_CR3_SWITCH
P10_RING3_ENTER
TrY[IRQ][SCH]
P12[[AYKEN_PERF_MB_EXTRACT_RAW]] epoch=3 candidate_pid=2 owner_last_epoch=3 ticks=27012763505 tick_valid=2
[[AYKEN_PERF_MB_EXTRACT_REASON]] name=epoch_stale ticks=27013240007 tick_valid=2
[[AYKEN_PERF_MB_PATH]] name=fallback phase=enter ticks=27013673973 tick_valid=2
[[AYKEN_PERF_MB_PATH]] name=fallback phase=exit ticks=27014037089 tick_valid=2
[[AYKEN_PERF_MB_REASON]] name=no_candidate ticks=27014389545 tick_valid=2
N12
MARK:PID=2
MARK:SW=U>U
MARK:IRET
P10_TEXT_ROOT_PROOF AC=00000000047A7000 KC=0000000005F87000 TC=00000000047A7000 RC=00000000047A7000 RIP=0000000000400037 AP=0000000000400103 TP=00000000047A1027
P10_ROOT_FRAME_WITNESS phase=pre_dispatch root=00000000047A7000 pte=0000000000000000 phys=00000000047A7000 used=1 lo=00000000047A0027 hi=0000000000000000 hash=6B7F8C95757869EF
P10_TEXT_FRAME_WITNESS phase=pre_dispatch root=00000000047A7000 pte=00000000047A1027 phys=00000000047A1000 used=1 lo=4800700000C3C748 hi=8948C0FF4808438B hash=3B68EAFA86874C6F
WTX4 R=00000000047A7000 V=0000000000400037 I=0000000000000000 TP=00000000047A7000 EP=00000000047A7000 E=00000000047A0027 CF=00000000047A0000 4P=1 4W=1 4U=1 4N=0 4G=0 4H=0 4A=1 4D=0 4R=0 4X=1 4L=0
WTX3 R=00000000047A7000 V=0000000000400037 I=0000000000000000 TP=00000000047A0000 EP=00000000047A0000 E=000000000479F027 CF=000000000479F000 3P=1 3W=1 3U=1 3N=0 3G=0 3H=0 3A=1 3D=0 3R=0 3X=1 3L=0
WTX2 R=00000000047A7000 V=0000000000400037 I=0000000000000002 TP=000000000479F000 EP=000000000479F000 E=000000000479E027 CF=000000000479E000 2P=1 2W=1 2U=1 2N=0 2G=0 2H=0 2A=1 2D=0 2R=0 2X=1 2L=0
WTX1 R=00000000047A7000 V=0000000000400037 I=0000000000000000 TP=000000000479E000 EP=000000000479E000 E=00000000047A1027 CF=00000000047A1000 1P=1 1W=1 1U=1 1N=0 1G=0 1H=0 1A=1 1D=0 1R=0 1X=1 1L=1
WTXP V=0000000000400037 EQ=0 KE=0000000000400103 KF=0000000000400000 KP=1 KW=1 KU=0 KN=0 KG=1 KH=0 KA=0 KD=0 KR=0 KX=1 KL=1 TE=00000000047A1027 TF=00000000047A1000 TP=1 TW=1 TU=1 TN=0 TG=0 TH=0 TA=1 TD=0 TR=0 TX=1 TL=1
P10_RING3_ATTEMPT
P10_RFLAGS_IF_ON
P10_RING3_FRAME_PROOF FRSP=FFFFFFFF82005C38 RIP=0000000000400037 CS=0000000000000023 RF=0000000000000246 RSP=00000000007FFFB8 SS=000000000000001B BYTES=370040000000000023000000000000004602000000000000B8FF7F00000000001B00000000000000
P10_RING3_GATE_PROOF TR=0028 CTX0=FFFFFFFF82005C60 TSS0=FFFFFFFF82005C60 FCS=0000000000000023 FSS=000000000000001B IDTB=FFFFFFFF800E9FC0 IDTL=0000000000000FFF GPSEL=0008 GPIST=0000000000000000 GPTA=000000000000008F GPOFF=FFFFFFFF80016EF0 PFSEL=0008 PFIST=0000000000000000 PFTA=000000000000008F PFOFF=FFFFFFFF80016FA0
P10_RING3_COMMIT
P10_CR3_SWITCH
P10_RING3_ENTER
rY[IRQ][SCH]
P12[[AYKEN_PERF_MB_EXTRACT_RAW]] epoch=3 candidate_pid=2 owner_last_epoch=3 ticks=27025659999 tick_valid=2
[[AYKEN_PERF_MB_EXTRACT_REASON]] name=epoch_stale ticks=27026099243 tick_valid=2
[[AYKEN_PERF_MB_PATH]] name=fallback phase=enter ticks=27026504011 tick_valid=2
[[AYKEN_PERF_MB_PATH]] name=fallback phase=exit ticks=27026842427 tick_valid=2
[[AYKEN_PERF_MB_REASON]] name=no_candidate ticks=27027173225 tick_valid=2
N12
MARK:PID=2
MARK:SW=U>U
MARK:IRET
P10_TEXT_ROOT_PROOF AC=00000000047A7000 KC=0000000005F87000 TC=00000000047A7000 RC=00000000047A7000 RIP=0000000000400037 AP=0000000000400103 TP=00000000047A1027
P10_ROOT_FRAME_WITNESS phase=pre_dispatch root=00000000047A7000 pte=0000000000000000 phys=00000000047A7000 used=1 lo=00000000047A0027 hi=0000000000000000 hash=6B7F8C95757869EF
P10_TEXT_FRAME_WITNESS phase=pre_dispatch root=00000000047A7000 pte=00000000047A1027 phys=00000000047A1000 used=1 lo=4800700000C3C748 hi=8948C0FF4808438B hash=3B68EAFA86874C6F
WTX4 R=00000000047A7000 V=0000000000400037 I=0000000000000000 TP=00000000047A7000 EP=00000000047A7000 E=00000000047A0027 CF=00000000047A0000 4P=1 4W=1 4U=1 4N=0 4G=0 4H=0 4A=1 4D=0 4R=0 4X=1 4L=0
WTX3 R=00000000047A7000 V=0000000000400037 I=0000000000000000 TP=00000000047A0000 EP=00000000047A0000 E=000000000479F027 CF=000000000479F000 3P=1 3W=1 3U=1 3N=0 3G=0 3H=0 3A=1 3D=0 3R=0 3X=1 3L=0
WTX2 R=00000000047A7000 V=0000000000400037 I=0000000000000002 TP=000000000479F000 EP=000000000479F000 E=000000000479E027 CF=000000000479E000 2P=1 2W=1 2U=1 2N=0 2G=0 2H=0 2A=1 2D=0 2R=0 2X=1 2L=0
WTX1 R=00000000047A7000 V=0000000000400037 I=0000000000000000 TP=000000000479E000 EP=000000000479E000 E=00000000047A1027 CF=00000000047A1000 1P=1 1W=1 1U=1 1N=0 1G=0 1H=0 1A=1 1D=0 1R=0 1X=1 1L=1
WTXP V=0000000000400037 EQ=0 KE=0000000000400103 KF=0000000000400000 KP=1 KW=1 KU=0 KN=0 KG=1 KH=0 KA=0 KD=0 KR=0 KX=1 KL=1 TE=00000000047A1027 TF=00000000047A1000 TP=1 TW=1 TU=1 TN=0 TG=0 TH=0 TA=1 TD=0 TR=0 TX=1 TL=1
P10_RING3_ATTEMPT
P10_RFLAGS_IF_ON
P10_RING3_FRAME_PROOF FRSP=FFFFFFFF82005C38 RIP=0000000000400037 CS=0000000000000023 RF=0000000000000246 RSP=00000000007FFFB8 SS=000000000000001B BYTES=370040000000000023000000000000004602000000000000B8FF7F00000000001B00000000000000
P10_RING3_GATE_PROOF TR=0028 CTX0=FFFFFFFF82005C60 TSS0=FFFFFFFF82005C60 FCS=0000000000000023 FSS=000000000000001B IDTB=FFFFFFFF800E9FC0 IDTL=0000000000000FFF GPSEL=0008 GPIST=0000000000000000 GPTA=000000000000008F GPOFF=FFFFFFFF80016EF0 PFSEL=0008 PFIST=0000000000000000 PFTA=000000000000008F PFOFF=FFFFFFFF80016FA0
P10_RING3_COMMIT
P10_CR3_SWITCH
P10_RING3_ENTER
TrY[IRQ][SCH]
P12[[AYKEN_PERF_MB_EXTRACT_RAW]] epoch=3 candidate_pid=2 owner_last_epoch=3 ticks=27038154039 tick_valid=2
[[AYKEN_PERF_MB_EXTRACT_REASON]] name=epoch_stale ticks=27038633791 tick_valid=2
[[AYKEN_PERF_MB_PATH]] name=fallback phase=enter ticks=27038974911 tick_valid=2
[[AYKEN_PERF_MB_PATH]] name=fallback phase=exit ticks=27039313899 tick_valid=2
[[AYKEN_PERF_MB_REASON]] name=no_candidate ticks=27039718043 tick_valid=2
N12
MARK:PID=2
MARK:SW=U>U
MARK:IRET
P10_TEXT_ROOT_PROOF AC=00000000047A7000 KC=0000000005F87000 TC=00000000047A7000 RC=00000000047A7000 RIP=0000000000400037 AP=0000000000400103 TP=00000000047A1027
P10_ROOT_FRAME_WITNESS phase=pre_dispatch root=00000000047A7000 pte=0000000000000000 phys=00000000047A7000 used=1 lo=00000000047A0027 hi=0000000000000000 hash=6B7F8C95757869EF
P10_TEXT_FRAME_WITNESS phase=pre_dispatch root=00000000047A7000 pte=00000000047A1027 phys=00000000047A1000 used=1 lo=4800700000C3C748 hi=8948C0FF4808438B hash=3B68EAFA86874C6F
WTX4 R=00000000047A7000 V=0000000000400037 I=0000000000000000 TP=00000000047A7000 EP=00000000047A7000 E=00000000047A0027 CF=00000000047A0000 4P=1 4W=1 4U=1 4N=0 4G=0 4H=0 4A=1 4D=0 4R=0 4X=1 4L=0
WTX3 R=00000000047A7000 V=0000000000400037 I=0000000000000000 TP=00000000047A0000 EP=00000000047A0000 E=000000000479F027 CF=000000000479F000 3P=1 3W=1 3U=1 3N=0 3G=0 3H=0 3A=1 3D=0 3R=0 3X=1 3L=0
WTX2 R=00000000047A7000 V=0000000000400037 I=0000000000000002 TP=000000000479F000 EP=000000000479F000 E=000000000479E027 CF=000000000479E000 2P=1 2W=1 2U=1 2N=0 2G=0 2H=0 2A=1 2D=0 2R=0 2X=1 2L=0
WTX1 R=00000000047A7000 V=0000000000400037 I=0000000000000000 TP=000000000479E000 EP=000000000479E000 E=00000000047A1027 CF=00000000047A1000 1P=1 1W=1 1U=1 1N=0 1G=0 1H=0 1A=1 1D=0 1R=0 1X=1 1L=1
WTXP V=0000000000400037 EQ=0 KE=0000000000400103 KF=0000000000400000 KP=1 KW=1 KU=0 KN=0 KG=1 KH=0 KA=0 KD=0 KR=0 KX=1 KL=1 TE=00000000047A1027 TF=00000000047A1000 TP=1 TW=1 TU=1 TN=0 TG=0 TH=0 TA=1 TD=0 TR=0 TX=1 TL=1
P10_RING3_ATTEMPT
P10_RFLAGS_IF_ON
P10_RING3_FRAME_PROOF FRSP=FFFFFFFF82005C38 RIP=0000000000400037 CS=0000000000000023 RF=0000000000000246 RSP=00000000007FFFB8 SS=000000000000001B BYTES=370040000000000023000000000000004602000000000000B8FF7F00000000001B00000000000000
P10_RING3_GATE_PROOF TR=0028 CTX0=FFFFFFFF82005C60 TSS0=FFFFFFFF82005C60 FCS=0000000000000023 FSS=000000000000001B IDTB=FFFFFFFF800E9FC0 IDTL=0000000000000FFF GPSEL=0008 GPIST=0000000000000000 GPTA=000000000000008F GPOFF=FFFFFFFF80016EF0 PFSEL=0008 PFIST=0000000000000000 PFTA=000000000000008F PFOFF=FFFFFFFF80016FA0
P10_RING3_COMMIT
P10_CR3_SWITCH
P10_RING3_ENTER
rY[IRQ][SCH]
P12[[AYKEN_PERF_MB_EXTRACT_RAW]] epoch=3 candidate_pid=2 owner_last_epoch=3 ticks=27050665993 tick_valid=2
[[AYKEN_PERF_MB_EXTRACT_REASON]] name=epoch_stale ticks=27051186747 tick_valid=2
[[AYKEN_PERF_MB_PATH]] name=fallback phase=enter ticks=27051560731 tick_valid=2
[[AYKEN_PERF_MB_PATH]] name=fallback phase=exit ticks=27051897977 tick_valid=2
[[AYKEN_PERF_MB_REASON]] name=no_candidate ticks=27052223679 tick_valid=2
N12
MARK:PID=2
MARK:SW=U>U
MARK:IRET
P10_TEXT_ROOT_PROOF AC=00000000047A7000 KC=0000000005F87000 TC=00000000047A7000 RC=00000000047A7000 RIP=0000000000400037 AP=0000000000400103 TP=00000000047A1027
P10_ROOT_FRAME_WITNESS phase=pre_dispatch root=00000000047A7000 pte=0000000000000000 phys=00000000047A7000 used=1 lo=00000000047A0027 hi=0000000000000000 hash=6B7F8C95757869EF
P10_TEXT_FRAME_WITNESS phase=pre_dispatch root=00000000047A7000 pte=00000000047A1027 phys=00000000047A1000 used=1 lo=4800700000C3C748 hi=8948C0FF4808438B hash=3B68EAFA86874C6F
WTX4 R=00000000047A7000 V=0000000000400037 I=0000000000000000 TP=00000000047A7000 EP=00000000047A7000 E=00000000047A0027 CF=00000000047A0000 4P=1 4W=1 4U=1 4N=0 4G=0 4H=0 4A=1 4D=0 4R=0 4X=1 4L=0
WTX3 R=00000000047A7000 V=0000000000400037 I=0000000000000000 TP=00000000047A0000 EP=00000000047A0000 E=000000000479F027 CF=000000000479F000 3P=1 3W=1 3U=1 3N=0 3G=0 3H=0 3A=1 3D=0 3R=0 3X=1 3L=0
WTX2 R=00000000047A7000 V=0000000000400037 I=0000000000000002 TP=000000000479F000 EP=000000000479F000 E=000000000479E027 CF=000000000479E000 2P=1 2W=1 2U=1 2N=0 2G=0 2H=0 2A=1 2D=0 2R=0 2X=1 2L=0
WTX1 R=00000000047A7000 V=0000000000400037 I=0000000000000000 TP=000000000479E000 EP=000000000479E000 E=00000000047A1027 CF=00000000047A1000 1P=1 1W=1 1U=1 1N=0 1G=0 1H=0 1A=1 1D=0 1R=0 1X=1 1L=1
WTXP V=0000000000400037 EQ=0 KE=0000000000400103 KF=0000000000400000 KP=1 KW=1 KU=0 KN=0 KG=1 KH=0 KA=0 KD=0 KR=0 KX=1 KL=1 TE=00000000047A1027 TF=00000000047A1000 TP=1 TW=1 TU=1 TN=0 TG=0 TH=0 TA=1 TD=0 TR=0 TX=1 TL=1
P10_RING3_ATTEMPT
P10_RFLAGS_IF_ON
P10_RING3_FRAME_PROOF FRSP=FFFFFFFF82005C38 RIP=0000000000400037 CS=0000000000000023 RF=0000000000000246 RSP=00000000007FFFB8 SS=000000000000001B BYTES=370040000000000023000000000000004602000000000000B8FF7F00000000001B00000000000000
P10_RING3_GATE_PROOF TR=0028 CTX0=FFFFFFFF82005C60 TSS0=FFFFFFFF82005C60 FCS=0000000000000023 FSS=000000000000001B IDTB=FFFFFFFF800E9FC0 IDTL=0000000000000FFF GPSEL=0008 GPIST=0000000000000000 GPTA=000000000000008F GPOFF=FFFFFFFF80016EF0 PFSEL=0008 PFIST=0000000000000000 PFTA=000000000000008F PFOFF=FFFFFFFF80016FA0
P10_RING3_COMMIT
P10_CR3_SWITCH
P10_RING3_ENTER
TrY[IRQ][SCH]
P12[[AYKEN_PERF_MB_EXTRACT_RAW]] epoch=3 candidate_pid=2 owner_last_epoch=3 ticks=27063251995 tick_valid=2
[[AYKEN_PERF_MB_EXTRACT_REASON]] name=epoch_stale ticks=27063694333 tick_valid=2
[[AYKEN_PERF_MB_PATH]] name=fallback phase=enter ticks=27064049025 tick_valid=2
[[AYKEN_PERF_MB_PATH]] name=fallback phase=exit ticks=27064486709 tick_valid=2
[[AYKEN_PERF_MB_REASON]] name=no_candidate ticks=27064815037 tick_valid=2
N12
MARK:PID=2
MARK:SW=U>U
MARK:IRET
P10_TEXT_ROOT_PROOF AC=00000000047A7000 KC=0000000005F87000 TC=00000000047A7000 RC=00000000047A7000 RIP=0000000000400037 AP=0000000000400103 TP=00000000047A1027
P10_ROOT_FRAME_WITNESS phase=pre_dispatch root=00000000047A7000 pte=0000000000000000 phys=00000000047A7000 used=1 lo=00000000047A0027 hi=0000000000000000 hash=6B7F8C95757869EF
P10_TEXT_FRAME_WITNESS phase=pre_dispatch root=00000000047A7000 pte=00000000047A1027 phys=00000000047A1000 used=1 lo=4800700000C3C748 hi=8948C0FF4808438B hash=3B68EAFA86874C6F
WTX4 R=00000000047A7000 V=0000000000400037 I=0000000000000000 TP=00000000047A7000 EP=00000000047A7000 E=00000000047A0027 CF=00000000047A0000 4P=1 4W=1 4U=1 4N=0 4G=0 4H=0 4A=1 4D=0 4R=0 4X=1 4L=0
WTX3 R=00000000047A7000 V=0000000000400037 I=0000000000000000 TP=00000000047A0000 EP=00000000047A0000 E=000000000479F027 CF=000000000479F000 3P=1 3W=1 3U=1 3N=0 3G=0 3H=0 3A=1 3D=0 3R=0 3X=1 3L=0
WTX2 R=00000000047A7000 V=0000000000400037 I=0000000000000002 TP=000000000479F000 EP=000000000479F000 E=000000000479E027 CF=000000000479E000 2P=1 2W=1 2U=1 2N=0 2G=0 2H=0 2A=1 2D=0 2R=0 2X=1 2L=0
WTX1 R=00000000047A7000 V=0000000000400037 I=0000000000000000 TP=000000000479E000 EP=000000000479E000 E=00000000047A1027 CF=00000000047A1000 1P=1 1W=1 1U=1 1N=0 1G=0 1H=0 1A=1 1D=0 1R=0 1X=1 1L=1
WTXP V=0000000000400037 EQ=0 KE=0000000000400103 KF=0000000000400000 KP=1 KW=1 KU=0 KN=0 KG=1 KH=0 KA=0 KD=0 KR=0 KX=1 KL=1 TE=00000000047A1027 TF=00000000047A1000 TP=1 TW=1 TU=1 TN=0 TG=0 TH=0 TA=1 TD=0 TR=0 TX=1 TL=1
P10_RING3_ATTEMPT
P10_RFLAGS_IF_ON
P10_RING3_FRAME_PROOF FRSP=FFFFFFFF82005C38 RIP=0000000000400037 CS=0000000000000023 RF=0000000000000246 RSP=00000000007FFFB8 SS=000000000000001B BYTES=370040000000000023000000000000004602000000000000B8FF7F00000000001B00000000000000
P10_RING3_GATE_PROOF TR=0028 CTX0=FFFFFFFF82005C60 TSS0=FFFFFFFF82005C60 FCS=0000000000000023 FSS=000000000000001B IDTB=FFFFFFFF800E9FC0 IDTL=0000000000000FFF GPSEL=0008 GPIST=0000000000000000 GPTA=000000000000008F GPOFF=FFFFFFFF80016EF0 PFSEL=0008 PFIST=0000000000000000 PFTA=000000000000008F PFOFF=FFFFFFFF80016FA0
P10_RING3_COMMIT
P10_CR3_SWITCH
P10_RING3_ENTER
rY[IRQ][SCH]
P12[[AYKEN_PERF_MB_EXTRACT_RAW]] epoch=3 candidate_pid=2 owner_last_epoch=3 ticks=27075812075 tick_valid=2
[[AYKEN_PERF_MB_EXTRACT_REASON]] name=epoch_stale ticks=27076253399 tick_valid=2
[[AYKEN_PERF_MB_PATH]] name=fallback phase=enter ticks=27076592205 tick_valid=2
[[AYKEN_PERF_MB_PATH]] name=fallback phase=exit ticks=27076929243 tick_valid=2
[[AYKEN_PERF_MB_REASON]] name=no_candidate ticks=27077341915 tick_valid=2
N12
MARK:PID=2
MARK:SW=U>U
MARK:IRET
P10_TEXT_ROOT_PROOF AC=00000000047A7000 KC=0000000005F87000 TC=00000000047A7000 RC=00000000047A7000 RIP=0000000000400037 AP=0000000000400103 TP=00000000047A1027
P10_ROOT_FRAME_WITNESS phase=pre_dispatch root=00000000047A7000 pte=0000000000000000 phys=00000000047A7000 used=1 lo=00000000047A0027 hi=0000000000000000 hash=6B7F8C95757869EF
P10_TEXT_FRAME_WITNESS phase=pre_dispatch root=00000000047A7000 pte=00000000047A1027 phys=00000000047A1000 used=1 lo=4800700000C3C748 hi=8948C0FF4808438B hash=3B68EAFA86874C6F
WTX4 R=00000000047A7000 V=0000000000400037 I=0000000000000000 TP=00000000047A7000 EP=00000000047A7000 E=00000000047A0027 CF=00000000047A0000 4P=1 4W=1 4U=1 4N=0 4G=0 4H=0 4A=1 4D=0 4R=0 4X=1 4L=0
WTX3 R=00000000047A7000 V=0000000000400037 I=0000000000000000 TP=00000000047A0000 EP=00000000047A0000 E=000000000479F027 CF=000000000479F000 3P=1 3W=1 3U=1 3N=0 3G=0 3H=0 3A=1 3D=0 3R=0 3X=1 3L=0
WTX2 R=00000000047A7000 V=0000000000400037 I=0000000000000002 TP=000000000479F000 EP=000000000479F000 E=000000000479E027 CF=000000000479E000 2P=1 2W=1 2U=1 2N=0 2G=0 2H=0 2A=1 2D=0 2R=0 2X=1 2L=0
WTX1 R=00000000047A7000 V=0000000000400037 I=0000000000000000 TP=000000000479E000 EP=000000000479E000 E=00000000047A1027 CF=00000000047A1000 1P=1 1W=1 1U=1 1N=0 1G=0 1H=0 1A=1 1D=0 1R=0 1X=1 1L=1
WTXP V=0000000000400037 EQ=0 KE=0000000000400103 KF=0000000000400000 KP=1 KW=1 KU=0 KN=0 KG=1 KH=0 KA=0 KD=0 KR=0 KX=1 KL=1 TE=00000000047A1027 TF=00000000047A1000 TP=1 TW=1 TU=1 TN=0 TG=0 TH=0 TA=1 TD=0 TR=0 TX=1 TL=1
P10_RING3_ATTEMPT
P10_RFLAGS_IF_ON
P10_RING3_FRAME_PROOF FRSP=FFFFFFFF82005C38 RIP=0000000000400037 CS=0000000000000023 RF=0000000000000246 RSP=00000000007FFFB8 SS=000000000000001B BYTES=370040000000000023000000000000004602000000000000B8FF7F00000000001B00000000000000
P10_RING3_GATE_PROOF TR=0028 CTX0=FFFFFFFF82005C60 TSS0=FFFFFFFF82005C60 FCS=0000000000000023 FSS=000000000000001B IDTB=FFFFFFFF800E9FC0 IDTL=0000000000000FFF GPSEL=0008 GPIST=0000000000000000 GPTA=000000000000008F GPOFF=FFFFFFFF80016EF0 PFSEL=0008 PFIST=0000000000000000 PFTA=000000000000008F PFOFF=FFFFFFFF80016FA0
P10_RING3_COMMIT
P10_CR3_SWITCH
P10_RING3_ENTER
TrY[IRQ][SCH]
P12[[AYKEN_PERF_MB_EXTRACT_RAW]] epoch=3 candidate_pid=2 owner_last_epoch=3 ticks=27089334311 tick_valid=2
[[AYKEN_PERF_MB_EXTRACT_REASON]] name=epoch_stale ticks=27089811125 tick_valid=2
[[AYKEN_PERF_MB_PATH]] name=fallback phase=enter ticks=27090255517 tick_valid=2
[[AYKEN_PERF_MB_PATH]] name=fallback phase=exit ticks=27090654071 tick_valid=2
[[AYKEN_PERF_MB_REASON]] name=no_candidate ticks=27091006423 tick_valid=2
N12
MARK:PID=2
MARK:SW=U>U
MARK:IRET
P10_TEXT_ROOT_PROOF AC=00000000047A7000 KC=0000000005F87000 TC=00000000047A7000 RC=00000000047A7000 RIP=0000000000400037 AP=0000000000400103 TP=00000000047A1027
P10_ROOT_FRAME_WITNESS phase=pre_dispatch root=00000000047A7000 pte=0000000000000000 phys=00000000047A7000 used=1 lo=00000000047A0027 hi=0000000000000000 hash=6B7F8C95757869EF
P10_TEXT_FRAME_WITNESS phase=pre_dispatch root=00000000047A7000 pte=00000000047A1027 phys=00000000047A1000 used=1 lo=4800700000C3C748 hi=8948C0FF4808438B hash=3B68EAFA86874C6F
WTX4 R=00000000047A7000 V=0000000000400037 I=0000000000000000 TP=00000000047A7000 EP=00000000047A7000 E=00000000047A0027 CF=00000000047A0000 4P=1 4W=1 4U=1 4N=0 4G=0 4H=0 4A=1 4D=0 4R=0 4X=1 4L=0
WTX3 R=00000000047A7000 V=0000000000400037 I=0000000000000000 TP=00000000047A0000 EP=00000000047A0000 E=000000000479F027 CF=000000000479F000 3P=1 3W=1 3U=1 3N=0 3G=0 3H=0 3A=1 3D=0 3R=0 3X=1 3L=0
WTX2 R=00000000047A7000 V=0000000000400037 I=0000000000000002 TP=000000000479F000 EP=000000000479F000 E=000000000479E027 CF=000000000479E000 2P=1 2W=1 2U=1 2N=0 2G=0 2H=0 2A=1 2D=0 2R=0 2X=1 2L=0
WTX1 R=00000000047A7000 V=0000000000400037 I=0000000000000000 TP=000000000479E000 EP=000000000479E000 E=00000000047A1027 CF=00000000047A1000 1P=1 1W=1 1U=1 1N=0 1G=0 1H=0 1A=1 1D=0 1R=0 1X=1 1L=1
WTXP V=0000000000400037 EQ=0 KE=0000000000400103 KF=0000000000400000 KP=1 KW=1 KU=0 KN=0 KG=1 KH=0 KA=0 KD=0 KR=0 KX=1 KL=1 TE=00000000047A1027 TF=00000000047A1000 TP=1 TW=1 TU=1 TN=0 TG=0 TH=0 TA=1 TD=0 TR=0 TX=1 TL=1
P10_RING3_ATTEMPT
P10_RFLAGS_IF_ON
P10_RING3_FRAME_PROOF FRSP=FFFFFFFF82005C38 RIP=0000000000400037 CS=0000000000000023 RF=0000000000000246 RSP=00000000007FFFB8 SS=000000000000001B BYTES=370040000000000023000000000000004602000000000000B8FF7F00000000001B00000000000000
P10_RING3_GATE_PROOF TR=0028 CTX0=FFFFFFFF82005C60 TSS0=FFFFFFFF82005C60 FCS=0000000000000023 FSS=000000000000001B IDTB=FFFFFFFF800E9FC0 IDTL=0000000000000FFF GPSEL=0008 GPIST=0000000000000000 GPTA=000000000000008F GPOFF=FFFFFFFF80016EF0 PFSEL=0008 PFIST=0000000000000000 PFTA=000000000000008F PFOFF=FFFFFFFF80016FA0
P10_RING3_COMMIT
P10_CR3_SWITCH
P10_RING3_ENTER
rY[IRQ][SCH]
P12[[AYKEN_PERF_MB_EXTRACT_RAW]] epoch=3 candidate_pid=2 owner_last_epoch=3 ticks=27103259625 tick_valid=2
[[AYKEN_PERF_MB_EXTRACT_REASON]] name=epoch_stale ticks=27103769953 tick_valid=2
[[AYKEN_PERF_MB_PATH]] name=fallback phase=enter ticks=27104137411 tick_valid=2
[[AYKEN_PERF_MB_PATH]] name=fallback phase=exit ticks=27104597169 tick_valid=2
[[AYKEN_PERF_MB_REASON]] name=no_candidate ticks=27104951341 tick_valid=2
N12
MARK:PID=2
MARK:SW=U>U
MARK:IRET
P10_TEXT_ROOT_PROOF AC=00000000047A7000 KC=0000000005F87000 TC=00000000047A7000 RC=00000000047A7000 RIP=0000000000400037 AP=0000000000400103 TP=00000000047A1027
P10_ROOT_FRAME_WITNESS phase=pre_dispatch root=00000000047A7000 pte=0000000000000000 phys=00000000047A7000 used=1 lo=00000000047A0027 hi=0000000000000000 hash=6B7F8C95757869EF
P10_TEXT_FRAME_WITNESS phase=pre_dispatch root=00000000047A7000 pte=00000000047A1027 phys=00000000047A1000 used=1 lo=4800700000C3C748 hi=8948C0FF4808438B hash=3B68EAFA86874C6F
WTX4 R=00000000047A7000 V=0000000000400037 I=0000000000000000 TP=00000000047A7000 EP=00000000047A7000 E=00000000047A0027 CF=00000000047A0000 4P=1 4W=1 4U=1 4N=0 4G=0 4H=0 4A=1 4D=0 4R=0 4X=1 4L=0
WTX3 R=00000000047A7000 V=0000000000400037 I=0000000000000000 TP=00000000047A0000 EP=00000000047A0000 E=000000000479F027 CF=000000000479F000 3P=1 3W=1 3U=1 3N=0 3G=0 3H=0 3A=1 3D=0 3R=0 3X=1 3L=0
WTX2 R=00000000047A7000 V=0000000000400037 I=0000000000000002 TP=000000000479F000 EP=000000000479F000 E=000000000479E027 CF=000000000479E000 2P=1 2W=1 2U=1 2N=0 2G=0 2H=0 2A=1 2D=0 2R=0 2X=1 2L=0
WTX1 R=00000000047A7000 V=0000000000400037 I=0000000000000000 TP=000000000479E000 EP=000000000479E000 E=00000000047A1027 CF=00000000047A1000 1P=1 1W=1 1U=1 1N=0 1G=0 1H=0 1A=1 1D=0 1R=0 1X=1 1L=1
WTXP V=0000000000400037 EQ=0 KE=0000000000400103 KF=0000000000400000 KP=1 KW=1 KU=0 KN=0 KG=1 KH=0 KA=0 KD=0 KR=0 KX=1 KL=1 TE=00000000047A1027 TF=00000000047A1000 TP=1 TW=1 TU=1 TN=0 TG=0 TH=0 TA=1 TD=0 TR=0 TX=1 TL=1
P10_RING3_ATTEMPT
P10_RFLAGS_IF_ON
P10_RING3_FRAME_PROOF FRSP=FFFFFFFF82005C38 RIP=0000000000400037 CS=0000000000000023 RF=0000000000000246 RSP=00000000007FFFB8 SS=000000000000001B BYTES=370040000000000023000000000000004602000000000000B8FF7F00000000001B00000000000000
P10_RING3_GATE_PROOF TR=0028 CTX0=FFFFFFFF82005C60 TSS0=FFFFFFFF82005C60 FCS=0000000000000023 FSS=000000000000001B IDTB=FFFFFFFF800E9FC0 IDTL=0000000000000FFF GPSEL=0008 GPIST=0000000000000000 GPTA=000000000000008F GPOFF=FFFFFFFF80016EF0 PFSEL=0008 PFIST=0000000000000000 PFTA=000000000000008F PFOFF=FFFFFFFF80016FA0
P10_RING3_COMMIT
P10_CR3_SWITCH
P10_RING3_ENTER
TrY[IRQ][SCH]
P12[[AYKEN_PERF_MB_EXTRACT_RAW]] epoch=3 candidate_pid=2 owner_last_epoch=3 ticks=27117124021 tick_valid=2
[[AYKEN_PERF_MB_EXTRACT_REASON]] name=epoch_stale ticks=27117681825 tick_valid=2
[[AYKEN_PERF_MB_PATH]] name=fallback phase=enter ticks=27118048607 tick_valid=2
[[AYKEN_PERF_MB_PATH]] name=fallback phase=exit ticks=27118410813 tick_valid=2
[[AYKEN_PERF_MB_REASON]] name=no_candidate ticks=27118868283 tick_valid=2
N12
MARK:PID=2
MARK:SW=U>U
MARK:IRET
P10_TEXT_ROOT_PROOF AC=00000000047A7000 KC=0000000005F87000 TC=00000000047A7000 RC=00000000047A7000 RIP=0000000000400037 AP=0000000000400103 TP=00000000047A1027
P10_ROOT_FRAME_WITNESS phase=pre_dispatch root=00000000047A7000 pte=0000000000000000 phys=00000000047A7000 used=1 lo=00000000047A0027 hi=0000000000000000 hash=6B7F8C95757869EF
P10_TEXT_FRAME_WITNESS phase=pre_dispatch root=00000000047A7000 pte=00000000047A1027 phys=00000000047A1000 used=1 lo=4800700000C3C748 hi=8948C0FF4808438B hash=3B68EAFA86874C6F
WTX4 R=00000000047A7000 V=0000000000400037 I=0000000000000000 TP=00000000047A7000 EP=00000000047A7000 E=00000000047A0027 CF=00000000047A0000 4P=1 4W=1 4U=1 4N=0 4G=0 4H=0 4A=1 4D=0 4R=0 4X=1 4L=0
WTX3 R=00000000047A7000 V=0000000000400037 I=0000000000000000 TP=00000000047A0000 EP=00000000047A0000 E=000000000479F027 CF=000000000479F000 3P=1 3W=1 3U=1 3N=0 3G=0 3H=0 3A=1 3D=0 3R=0 3X=1 3L=0
WTX2 R=00000000047A7000 V=0000000000400037 I=0000000000000002 TP=000000000479F000 EP=000000000479F000 E=000000000479E027 CF=000000000479E000 2P=1 2W=1 2U=1 2N=0 2G=0 2H=0 2A=1 2D=0 2R=0 2X=1 2L=0
WTX1 R=00000000047A7000 V=0000000000400037 I=0000000000000000 TP=000000000479E000 EP=000000000479E000 E=00000000047A1027 CF=00000000047A1000 1P=1 1W=1 1U=1 1N=0 1G=0 1H=0 1A=1 1D=0 1R=0 1X=1 1L=1
WTXP V=0000000000400037 EQ=0 KE=0000000000400103 KF=0000000000400000 KP=1 KW=1 KU=0 KN=0 KG=1 KH=0 KA=0 KD=0 KR=0 KX=1 KL=1 TE=00000000047A1027 TF=00000000047A1000 TP=1 TW=1 TU=1 TN=0 TG=0 TH=0 TA=1 TD=0 TR=0 TX=1 TL=1
P10_RING3_ATTEMPT
P10_RFLAGS_IF_ON
P10_RING3_FRAME_PROOF FRSP=FFFFFFFF82005C38 RIP=0000000000400037 CS=0000000000000023 RF=0000000000000246 RSP=00000000007FFFB8 SS=000000000000001B BYTES=370040000000000023000000000000004602000000000000B8FF7F00000000001B00000000000000
P10_RING3_GATE_PROOF TR=0028 CTX0=FFFFFFFF82005C60 TSS0=FFFFFFFF82005C60 FCS=0000000000000023 FSS=000000000000001B IDTB=FFFFFFFF800E9FC0 IDTL=0000000000000FFF GPSEL=0008 GPIST=0000000000000000 GPTA=000000000000008F GPOFF=FFFFFFFF80016EF0 PFSEL=0008 PFIST=0000000000000000 PFTA=000000000000008F PFOFF=FFFFFFFF80016FA0
P10_RING3_COMMIT
P10_CR3_SWITCH
P10_RING3_ENTER
rY[IRQ][SCH]
P12[[AYKEN_PERF_MB_EXTRACT_RAW]] epoch=3 candidate_pid=2 owner_last_epoch=3 ticks=27129918777 tick_valid=2
[[AYKEN_PERF_MB_EXTRACT_REASON]] name=epoch_stale ticks=27130431029 tick_valid=2
[[AYKEN_PERF_MB_PATH]] name=fallback phase=enter ticks=27130770459 tick_valid=2
[[AYKEN_PERF_MB_PATH]] name=fallback phase=exit ticks=27131121797 tick_valid=2
[[AYKEN_PERF_MB_REASON]] name=no_candidate ticks=27131447187 tick_valid=2
N12
MARK:PID=2
MARK:SW=U>U
MARK:IRET
P10_TEXT_ROOT_PROOF AC=00000000047A7000 KC=0000000005F87000 TC=00000000047A7000 RC=00000000047A7000 RIP=0000000000400037 AP=0000000000400103 TP=00000000047A1027
P10_ROOT_FRAME_WITNESS phase=pre_dispatch root=00000000047A7000 pte=0000000000000000 phys=00000000047A7000 used=1 lo=00000000047A0027 hi=0000000000000000 hash=6B7F8C95757869EF
P10_TEXT_FRAME_WITNESS phase=pre_dispatch root=00000000047A7000 pte=00000000047A1027 phys=00000000047A1000 used=1 lo=4800700000C3C748 hi=8948C0FF4808438B hash=3B68EAFA86874C6F
WTX4 R=00000000047A7000 V=0000000000400037 I=0000000000000000 TP=00000000047A7000 EP=00000000047A7000 E=00000000047A0027 CF=00000000047A0000 4P=1 4W=1 4U=1 4N=0 4G=0 4H=0 4A=1 4D=0 4R=0 4X=1 4L=0
WTX3 R=00000000047A7000 V=0000000000400037 I=0000000000000000 TP=00000000047A0000 EP=00000000047A0000 E=000000000479F027 CF=000000000479F000 3P=1 3W=1 3U=1 3N=0 3G=0 3H=0 3A=1 3D=0 3R=0 3X=1 3L=0
WTX2 R=00000000047A7000 V=0000000000400037 I=0000000000000002 TP=000000000479F000 EP=000000000479F000 E=000000000479E027 CF=000000000479E000 2P=1 2W=1 2U=1 2N=0 2G=0 2H=0 2A=1 2D=0 2R=0 2X=1 2L=0
WTX1 R=00000000047A7000 V=0000000000400037 I=0000000000000000 TP=000000000479E000 EP=000000000479E000 E=00000000047A1027 CF=00000000047A1000 1P=1 1W=1 1U=1 1N=0 1G=0 1H=0 1A=1 1D=0 1R=0 1X=1 1L=1
WTXP V=0000000000400037 EQ=0 KE=0000000000400103 KF=0000000000400000 KP=1 KW=1 KU=0 KN=0 KG=1 KH=0 KA=0 KD=0 KR=0 KX=1 KL=1 TE=00000000047A1027 TF=00000000047A1000 TP=1 TW=1 TU=1 TN=0 TG=0 TH=0 TA=1 TD=0 TR=0 TX=1 TL=1
P10_RING3_ATTEMPT
P10_RFLAGS_IF_ON
P10_RING3_FRAME_PROOF FRSP=FFFFFFFF82005C38 RIP=0000000000400037 CS=0000000000000023 RF=0000000000000246 RSP=00000000007FFFB8 SS=000000000000001B BYTES=370040000000000023000000000000004602000000000000B8FF7F00000000001B00000000000000
P10_RING3_GATE_PROOF TR=0028 CTX0=FFFFFFFF82005C60 TSS0=FFFFFFFF82005C60 FCS=0000000000000023 FSS=000000000000001B IDTB=FFFFFFFF800E9FC0 IDTL=0000000000000FFF GPSEL=0008 GPIST=0000000000000000 GPTA=000000000000008F GPOFF=FFFFFFFF80016EF0 PFSEL=0008 PFIST=0000000000000000 PFTA=000000000000008F PFOFF=FFFFFFFF80016FA0
P10_RING3_COMMIT
P10_CR3_SWITCH
P10_RING3_ENTER
TrY[IRQ][SCH]
P12[[AYKEN_PERF_MB_EXTRACT_RAW]] epoch=3 candidate_pid=2 owner_last_epoch=3 ticks=27142659115 tick_valid=2
[[AYKEN_PERF_MB_EXTRACT_REASON]] name=epoch_stale ticks=27143097397 tick_valid=2
[[AYKEN_PERF_MB_PATH]] name=fallback phase=enter ticks=27143518467 tick_valid=2
[[AYKEN_PERF_MB_PATH]] name=fallback phase=exit ticks=27143854959 tick_valid=2
[[AYKEN_PERF_MB_REASON]] name=no_candidate ticks=27144180713 tick_valid=2
N12
MARK:PID=2
MARK:SW=U>U
MARK:IRET
P10_TEXT_ROOT_PROOF AC=00000000047A7000 KC=0000000005F87000 TC=00000000047A7000 RC=00000000047A7000 RIP=0000000000400037 AP=0000000000400103 TP=00000000047A1027
P10_ROOT_FRAME_WITNESS phase=pre_dispatch root=00000000047A7000 pte=0000000000000000 phys=00000000047A7000 used=1 lo=00000000047A0027 hi=0000000000000000 hash=6B7F8C95757869EF
P10_TEXT_FRAME_WITNESS phase=pre_dispatch root=00000000047A7000 pte=00000000047A1027 phys=00000000047A1000 used=1 lo=4800700000C3C748 hi=8948C0FF4808438B hash=3B68EAFA86874C6F
WTX4 R=00000000047A7000 V=0000000000400037 I=0000000000000000 TP=00000000047A7000 EP=00000000047A7000 E=00000000047A0027 CF=00000000047A0000 4P=1 4W=1 4U=1 4N=0 4G=0 4H=0 4A=1 4D=0 4R=0 4X=1 4L=0
WTX3 R=00000000047A7000 V=0000000000400037 I=0000000000000000 TP=00000000047A0000 EP=00000000047A0000 E=000000000479F027 CF=000000000479F000 3P=1 3W=1 3U=1 3N=0 3G=0 3H=0 3A=1 3D=0 3R=0 3X=1 3L=0
WTX2 R=00000000047A7000 V=0000000000400037 I=0000000000000002 TP=000000000479F000 EP=000000000479F000 E=000000000479E027 CF=000000000479E000 2P=1 2W=1 2U=1 2N=0 2G=0 2H=0 2A=1 2D=0 2R=0 2X=1 2L=0
WTX1 R=00000000047A7000 V=0000000000400037 I=0000000000000000 TP=000000000479E000 EP=000000000479E000 E=00000000047A1027 CF=00000000047A1000 1P=1 1W=1 1U=1 1N=0 1G=0 1H=0 1A=1 1D=0 1R=0 1X=1 1L=1
WTXP V=0000000000400037 EQ=0 KE=0000000000400103 KF=0000000000400000 KP=1 KW=1 KU=0 KN=0 KG=1 KH=0 KA=0 KD=0 KR=0 KX=1 KL=1 TE=00000000047A1027 TF=00000000047A1000 TP=1 TW=1 TU=1 TN=0 TG=0 TH=0 TA=1 TD=0 TR=0 TX=1 TL=1
P10_RING3_ATTEMPT
P10_RFLAGS_IF_ON
P10_RING3_FRAME_PROOF FRSP=FFFFFFFF82005C38 RIP=0000000000400037 CS=0000000000000023 RF=0000000000000246 RSP=00000000007FFFB8 SS=000000000000001B BYTES=370040000000000023000000000000004602000000000000B8FF7F00000000001B00000000000000
P10_RING3_GATE_PROOF TR=0028 CTX0=FFFFFFFF82005C60 TSS0=FFFFFFFF82005C60 FCS=0000000000000023 FSS=000000000000001B IDTB=FFFFFFFF800E9FC0 IDTL=0000000000000FFF GPSEL=0008 GPIST=0000000000000000 GPTA=000000000000008F GPOFF=FFFFFFFF80016EF0 PFSEL=0008 PFIST=0000000000000000 PFTA=000000000000008F PFOFF=FFFFFFFF80016FA0
P10_RING3_COMMIT
P10_CR3_SWITCH
P10_RING3_ENTER
rY[IRQ][SCH]
P12[[AYKEN_PERF_MB_EXTRACT_RAW]] epoch=3 candidate_pid=2 owner_last_epoch=3 ticks=27155215581 tick_valid=2
[[AYKEN_PERF_MB_EXTRACT_REASON]] name=epoch_stale ticks=27155695281 tick_valid=2
[[AYKEN_PERF_MB_PATH]] name=fallback phase=enter ticks=27156036817 tick_valid=2
[[AYKEN_PERF_MB_PATH]] name=fallback phase=exit ticks=27156428221 tick_valid=2
[[AYKEN_PERF_MB_REASON]] name=no_candidate ticks=27156754079 tick_valid=2
N12
MARK:PID=2
MARK:SW=U>U
MARK:IRET
P10_TEXT_ROOT_PROOF AC=00000000047A7000 KC=0000000005F87000 TC=00000000047A7000 RC=00000000047A7000 RIP=0000000000400037 AP=0000000000400103 TP=00000000047A1027
P10_ROOT_FRAME_WITNESS phase=pre_dispatch root=00000000047A7000 pte=0000000000000000 phys=00000000047A7000 used=1 lo=00000000047A0027 hi=0000000000000000 hash=6B7F8C95757869EF
P10_TEXT_FRAME_WITNESS phase=pre_dispatch root=00000000047A7000 pte=00000000047A1027 phys=00000000047A1000 used=1 lo=4800700000C3C748 hi=8948C0FF4808438B hash=3B68EAFA86874C6F
WTX4 R=00000000047A7000 V=0000000000400037 I=0000000000000000 TP=00000000047A7000 EP=00000000047A7000 E=00000000047A0027 CF=00000000047A0000 4P=1 4W=1 4U=1 4N=0 4G=0 4H=0 4A=1 4D=0 4R=0 4X=1 4L=0
WTX3 R=00000000047A7000 V=0000000000400037 I=0000000000000000 TP=00000000047A0000 EP=00000000047A0000 E=000000000479F027 CF=000000000479F000 3P=1 3W=1 3U=1 3N=0 3G=0 3H=0 3A=1 3D=0 3R=0 3X=1 3L=0
WTX2 R=00000000047A7000 V=0000000000400037 I=0000000000000002 TP=000000000479F000 EP=000000000479F000 E=000000000479E027 CF=000000000479E000 2P=1 2W=1 2U=1 2N=0 2G=0 2H=0 2A=1 2D=0 2R=0 2X=1 2L=0
WTX1 R=00000000047A7000 V=0000000000400037 I=0000000000000000 TP=000000000479E000 EP=000000000479E000 E=00000000047A1027 CF=00000000047A1000 1P=1 1W=1 1U=1 1N=0 1G=0 1H=0 1A=1 1D=0 1R=0 1X=1 1L=1
WTXP V=0000000000400037 EQ=0 KE=0000000000400103 KF=0000000000400000 KP=1 KW=1 KU=0 KN=0 KG=1 KH=0 KA=0 KD=0 KR=0 KX=1 KL=1 TE=00000000047A1027 TF=00000000047A1000 TP=1 TW=1 TU=1 TN=0 TG=0 TH=0 TA=1 TD=0 TR=0 TX=1 TL=1
P10_RING3_ATTEMPT
P10_RFLAGS_IF_ON
P10_RING3_FRAME_PROOF FRSP=FFFFFFFF82005C38 RIP=0000000000400037 CS=0000000000000023 RF=0000000000000246 RSP=00000000007FFFB8 SS=000000000000001B BYTES=370040000000000023000000000000004602000000000000B8FF7F00000000001B00000000000000
P10_RING3_GATE_PROOF TR=0028 CTX0=FFFFFFFF82005C60 TSS0=FFFFFFFF82005C60 FCS=0000000000000023 FSS=000000000000001B IDTB=FFFFFFFF800E9FC0 IDTL=0000000000000FFF GPSEL=0008 GPIST=0000000000000000 GPTA=000000000000008F GPOFF=FFFFFFFF80016EF0 PFSEL=0008 PFIST=0000000000000000 PFTA=000000000000008F PFOFF=FFFFFFFF80016FA0
P10_RING3_COMMIT
P10_CR3_SWITCH
P10_RING3_ENTER
TrY[IRQ][SCH]
P12[[AYKEN_PERF_MB_EXTRACT_RAW]] epoch=3 candidate_pid=2 owner_last_epoch=3 ticks=27167697765 tick_valid=2
[[AYKEN_PERF_MB_EXTRACT_REASON]] name=epoch_stale ticks=27168232377 tick_valid=2
[[AYKEN_PERF_MB_PATH]] name=fallback phase=enter ticks=27168608519 tick_valid=2
[[AYKEN_PERF_MB_PATH]] name=fallback phase=exit ticks=27168945817 tick_valid=2
[[AYKEN_PERF_MB_REASON]] name=no_candidate ticks=27169357527 tick_valid=2
N12
MARK:PID=2
MARK:SW=U>U
MARK:IRET
P10_TEXT_ROOT_PROOF AC=00000000047A7000 KC=0000000005F87000 TC=00000000047A7000 RC=00000000047A7000 RIP=0000000000400037 AP=0000000000400103 TP=00000000047A1027
P10_ROOT_FRAME_WITNESS phase=pre_dispatch root=00000000047A7000 pte=0000000000000000 phys=00000000047A7000 used=1 lo=00000000047A0027 hi=0000000000000000 hash=6B7F8C95757869EF
P10_TEXT_FRAME_WITNESS phase=pre_dispatch root=00000000047A7000 pte=00000000047A1027 phys=00000000047A1000 used=1 lo=4800700000C3C748 hi=8948C0FF4808438B hash=3B68EAFA86874C6F
WTX4 R=00000000047A7000 V=0000000000400037 I=0000000000000000 TP=00000000047A7000 EP=00000000047A7000 E=00000000047A0027 CF=00000000047A0000 4P=1 4W=1 4U=1 4N=0 4G=0 4H=0 4A=1 4D=0 4R=0 4X=1 4L=0
WTX3 R=00000000047A7000 V=0000000000400037 I=0000000000000000 TP=00000000047A0000 EP=00000000047A0000 E=000000000479F027 CF=000000000479F000 3P=1 3W=1 3U=1 3N=0 3G=0 3H=0 3A=1 3D=0 3R=0 3X=1 3L=0
WTX2 R=00000000047A7000 V=0000000000400037 I=0000000000000002 TP=000000000479F000 EP=000000000479F000 E=000000000479E027 CF=000000000479E000 2P=1 2W=1 2U=1 2N=0 2G=0 2H=0 2A=1 2D=0 2R=0 2X=1 2L=0
WTX1 R=00000000047A7000 V=0000000000400037 I=0000000000000000 TP=000000000479E000 EP=000000000479E000 E=00000000047A1027 CF=00000000047A1000 1P=1 1W=1 1U=1 1N=0 1G=0 1H=0 1A=1 1D=0 1R=0 1X=1 1L=1
WTXP V=0000000000400037 EQ=0 KE=0000000000400103 KF=0000000000400000 KP=1 KW=1 KU=0 KN=0 KG=1 KH=0 KA=0 KD=0 KR=0 KX=1 KL=1 TE=00000000047A1027 TF=00000000047A1000 TP=1 TW=1 TU=1 TN=0 TG=0 TH=0 TA=1 TD=0 TR=0 TX=1 TL=1
P10_RING3_ATTEMPT
P10_RFLAGS_IF_ON
P10_RING3_FRAME_PROOF FRSP=FFFFFFFF82005C38 RIP=0000000000400037 CS=0000000000000023 RF=0000000000000246 RSP=00000000007FFFB8 SS=000000000000001B BYTES=370040000000000023000000000000004602000000000000B8FF7F00000000001B00000000000000
P10_RING3_GATE_PROOF TR=0028 CTX0=FFFFFFFF82005C60 TSS0=FFFFFFFF82005C60 FCS=0000000000000023 FSS=000000000000001B IDTB=FFFFFFFF800E9FC0 IDTL=0000000000000FFF GPSEL=0008 GPIST=0000000000000000 GPTA=000000000000008F GPOFF=FFFFFFFF80016EF0 PFSEL=0008 PFIST=0000000000000000 PFTA=000000000000008F PFOFF=FFFFFFFF80016FA0
P10_RING3_COMMIT
P10_CR3_SWITCH
P10_RING3_ENTER
rY[IRQ][SCH]
P12[[AYKEN_PERF_MB_EXTRACT_RAW]] epoch=3 candidate_pid=2 owner_last_epoch=3 ticks=27180294505 tick_valid=2
[[AYKEN_PERF_MB_EXTRACT_REASON]] name=epoch_stale ticks=27180735387 tick_valid=2
[[AYKEN_PERF_MB_PATH]] name=fallback phase=enter ticks=27181159083 tick_valid=2
[[AYKEN_PERF_MB_PATH]] name=fallback phase=exit ticks=27181530207 tick_valid=2
[[AYKEN_PERF_MB_REASON]] name=no_candidate ticks=27181854817 tick_valid=2
N12
MARK:PID=2
MARK:SW=U>U
MARK:IRET
P10_TEXT_ROOT_PROOF AC=00000000047A7000 KC=0000000005F87000 TC=00000000047A7000 RC=00000000047A7000 RIP=0000000000400037 AP=0000000000400103 TP=00000000047A1027
P10_ROOT_FRAME_WITNESS phase=pre_dispatch root=00000000047A7000 pte=0000000000000000 phys=00000000047A7000 used=1 lo=00000000047A0027 hi=0000000000000000 hash=6B7F8C95757869EF
P10_TEXT_FRAME_WITNESS phase=pre_dispatch root=00000000047A7000 pte=00000000047A1027 phys=00000000047A1000 used=1 lo=4800700000C3C748 hi=8948C0FF4808438B hash=3B68EAFA86874C6F
WTX4 R=00000000047A7000 V=0000000000400037 I=0000000000000000 TP=00000000047A7000 EP=00000000047A7000 E=00000000047A0027 CF=00000000047A0000 4P=1 4W=1 4U=1 4N=0 4G=0 4H=0 4A=1 4D=0 4R=0 4X=1 4L=0
WTX3 R=00000000047A7000 V=0000000000400037 I=0000000000000000 TP=00000000047A0000 EP=00000000047A0000 E=000000000479F027 CF=000000000479F000 3P=1 3W=1 3U=1 3N=0 3G=0 3H=0 3A=1 3D=0 3R=0 3X=1 3L=0
WTX2 R=00000000047A7000 V=0000000000400037 I=0000000000000002 TP=000000000479F000 EP=000000000479F000 E=000000000479E027 CF=000000000479E000 2P=1 2W=1 2U=1 2N=0 2G=0 2H=0 2A=1 2D=0 2R=0 2X=1 2L=0
WTX1 R=00000000047A7000 V=0000000000400037 I=0000000000000000 TP=000000000479E000 EP=000000000479E000 E=00000000047A1027 CF=00000000047A1000 1P=1 1W=1 1U=1 1N=0 1G=0 1H=0 1A=1 1D=0 1R=0 1X=1 1L=1
WTXP V=0000000000400037 EQ=0 KE=0000000000400103 KF=0000000000400000 KP=1 KW=1 KU=0 KN=0 KG=1 KH=0 KA=0 KD=0 KR=0 KX=1 KL=1 TE=00000000047A1027 TF=00000000047A1000 TP=1 TW=1 TU=1 TN=0 TG=0 TH=0 TA=1 TD=0 TR=0 TX=1 TL=1
P10_RING3_ATTEMPT
P10_RFLAGS_IF_ON
P10_RING3_FRAME_PROOF FRSP=FFFFFFFF82005C38 RIP=0000000000400037 CS=0000000000000023 RF=0000000000000246 RSP=00000000007FFFB8 SS=000000000000001B BYTES=370040000000000023000000000000004602000000000000B8FF7F00000000001B00000000000000
P10_RING3_GATE_PROOF TR=0028 CTX0=FFFFFFFF82005C60 TSS0=FFFFFFFF82005C60 FCS=0000000000000023 FSS=000000000000001B IDTB=FFFFFFFF800E9FC0 IDTL=0000000000000FFF GPSEL=0008 GPIST=0000000000000000 GPTA=000000000000008F GPOFF=FFFFFFFF80016EF0 PFSEL=0008 PFIST=0000000000000000 PFTA=000000000000008F PFOFF=FFFFFFFF80016FA0
P10_RING3_COMMIT
P10_CR3_SWITCH
P10_RING3_ENTER
TrY[IRQ][SCH]
P12[[AYKEN_PERF_MB_EXTRACT_RAW]] epoch=3 candidate_pid=2 owner_last_epoch=3 ticks=27194457667 tick_valid=2
[[AYKEN_PERF_MB_EXTRACT_REASON]] name=epoch_stale ticks=27194904165 tick_valid=2
[[AYKEN_PERF_MB_PATH]] name=fallback phase=enter ticks=27195401285 tick_valid=2
[[AYKEN_PERF_MB_PATH]] name=fallback phase=exit ticks=27195752467 tick_valid=2
[[AYKEN_PERF_MB_REASON]] name=no_candidate ticks=27196081627 tick_valid=2
N12
MARK:PID=2
MARK:SW=U>U
MARK:IRET
P10_TEXT_ROOT_PROOF AC=00000000047A7000 KC=0000000005F87000 TC=00000000047A7000 RC=00000000047A7000 RIP=0000000000400037 AP=0000000000400103 TP=00000000047A1027
P10_ROOT_FRAME_WITNESS phase=pre_dispatch root=00000000047A7000 pte=0000000000000000 phys=00000000047A7000 used=1 lo=00000000047A0027 hi=0000000000000000 hash=6B7F8C95757869EF
P10_TEXT_FRAME_WITNESS phase=pre_dispatch root=00000000047A7000 pte=00000000047A1027 phys=00000000047A1000 used=1 lo=4800700000C3C748 hi=8948C0FF4808438B hash=3B68EAFA86874C6F
WTX4 R=00000000047A7000 V=0000000000400037 I=0000000000000000 TP=00000000047A7000 EP=00000000047A7000 E=00000000047A0027 CF=00000000047A0000 4P=1 4W=1 4U=1 4N=0 4G=0 4H=0 4A=1 4D=0 4R=0 4X=1 4L=0
WTX3 R=00000000047A7000 V=0000000000400037 I=0000000000000000 TP=00000000047A0000 EP=00000000047A0000 E=000000000479F027 CF=000000000479F000 3P=1 3W=1 3U=1 3N=0 3G=0 3H=0 3A=1 3D=0 3R=0 3X=1 3L=0
WTX2 R=00000000047A7000 V=0000000000400037 I=0000000000000002 TP=000000000479F000 EP=000000000479F000 E=000000000479E027 CF=000000000479E000 2P=1 2W=1 2U=1 2N=0 2G=0 2H=0 2A=1 2D=0 2R=0 2X=1 2L=0
WTX1 R=00000000047A7000 V=0000000000400037 I=0000000000000000 TP=000000000479E000 EP=000000000479E000 E=00000000047A1027 CF=00000000047A1000 1P=1 1W=1 1U=1 1N=0 1G=0 1H=0 1A=1 1D=0 1R=0 1X=1 1L=1
WTXP V=0000000000400037 EQ=0 KE=0000000000400103 KF=0000000000400000 KP=1 KW=1 KU=0 KN=0 KG=1 KH=0 KA=0 KD=0 KR=0 KX=1 KL=1 TE=00000000047A1027 TF=00000000047A1000 TP=1 TW=1 TU=1 TN=0 TG=0 TH=0 TA=1 TD=0 TR=0 TX=1 TL=1
P10_RING3_ATTEMPT
P10_RFLAGS_IF_ON
P10_RING3_FRAME_PROOF FRSP=FFFFFFF