[B][UEFI_BOOT_START] efi_main entry
[B][INIT_LIB_OK]
[B][JUMP_FUNC_ENTER]
[B][MEMMAP] status=0x0000000000000000
[B][JUMP_FUNC_ENTER]
[B][GOP] status=0x0000000000000000
[B][CONNECT_DEVICE] status=0x800000000000000E
[B][FS_FALLBACK_START]
[B][FS_LOCATEHB] status=0x0000000000000000
[B][BLK_LOCATEHB] status=0x0000000000000000
[B][FS_HANDLECOUNT_NONZERO]
[B][FS_FALLBACK_OK]
[B][KERNEL_OPEN_OK]
[B][ELF_HDR_READ_OK]
[B][ELF_MAGIC_OK]
[B][ELF_E_ENTRY]=0xFFFFFFFF80000000
[B][ELF_PH_OFF]=0x0000000000000040
[B][ELF_PH_NUM]=0x0000000000000009
[B][ELF_PH_ENT]=0x0000000000000038
[B][PH_READ_OK]
[B][PH0_TYPE]=0x0000000000000001
[B][PH0_OFF]=0x0000000000001000
[B][PH0_VADDR]=0xFFFFFFFF80000000
[B][PH0_PADDR]=0x0000000000100000
[B][PH0_FILESZ]=0x000000000000079B
[B][PH0_MEMSZ]=0x000000000000079B
[B][PH0_ALIGN]=0x0000000000001000
[B][PH0_FLAGS]=0x0000000000000005
[B][PH_LOAD_COUNT]=0x0000000000000008
[B][KSEG_VBASE]=0xFFFFFFFF80000000
[B][KSEG_SIZE]=0x00000000000EC000
[B][KSEG_PAGES]=0x00000000000000EC
[B][KSEG_MIN_OFF]=0x0000000000001000
[B][KSEG_PHYS]=0x000000000DC29000
[B][KSEG_PHYS_MAP]=0x000000000DC29000
[B][KSEG_LOAD_OK]
[B][ELF_LOAD] status=0x0000000000000000
[B][KERNEL_ELF_LOADED]
[B][PHDR_LOAD_BASE]=0x000000000DC29000
[B][PHDR_MIN_VA]=0xFFFFFFFF80000000
[B][PHDR_COUNT]=0x0000000000000008
[B][PHDR0_VA]=0xFFFFFFFF80000000
[B][PHDR0_PA]=0x000000000DC29000
[B][MAP_ENTRY_PA]=0x000000000DC29000
[B][MAP_ENTRY_PTE]=0x000000000DC29103
[B][PHDR0_PTE]=0x000000000DC29103
[B][PAGING] status=0x0000000000000000
[B][LOADED_IMAGE] status=0x0000000000000000
[B][IMG_BASE]=0x0000000000100000
[B][IMG_SIZE]=0x000000000000A000
[B][PE_SIZEOFIMAGE]=0x000000000000A000
[B][IMG_EFF_SIZE]=0x000000000000A000
[B][IMG_MAP_START]=0x0000000000100000
[B][IMG_MAP_SIZE]=0x000000000000A000
[B][MAP_IMG] status=0x0000000000000000
[B][JUMP_FUNC_ENTER]
[B][MEMMAP_FINAL] status=0x0000000000000000
[B][ABOUT_TO_JUMP_KERNEL]
[B][BOOTINFO_PHYS]=0x000000000D682000
[B][JUMP_FUNC_ENTER]
[B][STACK_PHYS]=0x000000000D641000
[B][STACK_PAGES]=0x0000000000000020
[B][EBS_PRE_MEMMAP]
[B][EBS_MEMMAP_RET] status=0x8000000000000005
[B][EBS_MAP_REALLOC] status=0x0000000000000000
[B][EBS_PRE_MEMMAP]
[B][EBS_MEMMAP_RET] status=0x0000000000000000
[B][EBS_CALL]
[B][EBS_RET] status=0x0000000000000000
[B][STACK_TOP]=0x000000000D661000
[B][CR3_SET]
[B][JUMP_NOW]
[B][JUMP_ENTRY]=0xFFFFFFFF80000000
[B][JUMP_BOOT]=0x000000000D682000
[B][JUMP_CR3]=0x000000000DE83000
[B][PML4_PHYS]=0x000000000DE83000
[B][STACK_TOUCH]=0x000000000D660FF8
[B][ENTRY]=0xFFFFFFFF80000000
[B][PTW][STACK] VA=0x000000000D660FF8
[B][PTW][PML4E] idx=0x0000000000000000 val=0x000000000DE63003 P=1
[B][PTW][PDPTE] idx=0x0000000000000000 val=0x000000000DE62003 P=1
[B][PTW][PDE]  idx=0x000000000000006B val=0x000000000DC1E003 P=1
[B][PTW][PTE]  idx=0x0000000000000060 val=0x000000000D660103 P=1
[B][PTW][ENTRY] VA=0xFFFFFFFF80000000
[B][PTW][PML4E] idx=0x00000000000001FF val=0x000000000DA89003 P=1
[B][PTW][PDPTE] idx=0x00000000000001FE val=0x000000000DA88003 P=1
[B][PTW][PDE]  idx=0x0000000000000000 val=0x000000000DA87003 P=1
[B][PTW][PTE]  idx=0x0000000000000000 val=0x000000000DC29103 P=1
[B][ENTRY_BYTES] PA=0x000000000DC29000 bytes=488D25F94F09004883E4F0E870B50100
[B][ENTRY_BYTES+1P] PA=0x000000000DC2A000 bytes=0F22D948CFCCCCCCCCCCCCCCCCCCCCCC
[B][WRAP_ENTRY]=0xFFFFFFFF80000000
[B][BOOT_KENTRY]=0xFFFFFFFF80000000
[B][OFF_KENTRY]=0x0000000000000060
[B][OFF_PML4]=0x0000000000000068
[B][WRAP_BOOT]=0x000000000D682000
[B][WRAP_STK]=0x000000000D661000
[B][WRAP_CR3]=0x000000000DE83000
[B][CALL_ENTRY]=0xFFFFFFFF80000000
[B][CALL_BOOT]=0x000000000D682000
[B][CALL_STK]=0x000000000D661000
[B][CALL_CR3]=0x000000000DE83000
ApqiggggIB[[AYKEN_BOOT_OK]]
[[AYKEN_PERF_PHASE]] name=boot_start ticks=27691888274 tick_valid=2
[K][EARLY_BOOT_OK] kmain entry
LTR=0028
[K][BEFORE_FB]
[K][AFTER_FB]
[MARKER] [MARKER] [MARKER] [K][EARLY_INIT_BEGIN]
1[K][E1] CPU/GDT/IDT
LTR=0028
LTR=0028
[K][E2] PHYS_MEM
[MARKER] [MARKER] [MARKER] 000000000000C6A4[MARKER] [MARKER] 000000000000C604[MARKER] [MARKER] [K][E3] PAGING
P[MARKER] 12[MARKER] [MARKER] 000000000DE83000[MARKER] 34[MARKER] [K][E4] KHEAP
h[MARKER] m[MARKER] [MARKER] [MARKER] [MARKER] FFFFFFFF82000000[MARKER] [MARKER] 000000000DE83000[MARKER] [MARKER] 000000000DE83000[MARKER] [MARKER] 000000000DA89023[MARKER] [MARKER] 000000000DA88023[MARKER] [MARKER] 000000000DA85003[MARKER] [MARKER] 000000000DA86103[MARKER] [MARKER] [MARKER] [MARKER] [MARKER] FFFFFFFF82000000[MARKER] [MARKER] 000000000DE83000[MARKER] [MARKER] 000000000DE83000[MARKER] [MARKER] 000000000DA89023[MARKER] [MARKER] 000000000DA88023[MARKER] [MARKER] 000000000DA85003[MARKER] [MARKER] 000000000DA86103[MARKER] MaAbBH[MARKER] [MARKER] FFFFFFFF82000000[MARKER] [MARKER] 00000000003FFFE8[MARKER] [K][E5] EARLY_DONE
[K][EARLY_INIT_DONE]
[MARKER] [MARKER] [MARKER] [K][LATE_INIT_BEGIN]
[MARKER] [K][LATE]0 BOOT_VALIDATION
[MARKER] ELF
[MARKER] [MARKER] [MARKER] [MARKER] [MARKER] [MARKER] [MARKER] [MARKER] [MARKER] ELFE
[MARKER] [K][LATE]1 PIC
[K][LATE]2 TIMER
[TMR][UNMSK][IRQ0_ON][TMR_OK]P10_TICK
[[AYKEN_TICK]]
[MARKER] [K][LATE]3 SCHED_INIT
[K][LATE]4 PROC_INIT
[MARKER] [MARKER] [K][LATE]4.5 EXEC_SLOT
[MARKER] [K][LATE]5 DEVFS
[MARKER] [MARKER] [MARKER] [K][LATE]6 SYSCALL
[MARKER] [MARKER] [MARKER] FFFFFFFF8000061E[MARKER] [MARKER] [MARKER] 0000000000000008[MARKER] [MARKER] 00000000000000EE[MARKER] [MARKER] FFFFFFFF8000061E[MARKER] [MARKER] [MARKER] [K][LATE]6.1 INT80_SMOKETEST_DISABLED
[MARKER] [K][LATE]7 CAP
[MARKER] [MARKER] [K][LATE]8 PROC_CREATE_INIT
[MARKER] 1[MARKER] [MARKER] FFFFFFFF80000410[MARKER] [MARKER] FFFFFFFF82002E28[MARKER] [MARKER] 0000000000000008[MARKER] QPID:1
R[MARKER] [MARKER] [MARKER] [MARKER] [MARKER] [MARKER] [MARKER] [MARKER] [MARKER] [MARKER] [MARKER] [MARKER] [MARKER] [MARKER] [MARKER] [MARKER] [MARKER] [K][LATE]9 DONE
[MARKER] [K][LATE_INIT_END]
[[AYKEN_BOOT_OK]]
P10_TSS_OK
[MARKER] [K][PHASE10] KERNEL_BEFORE_RING3
[MARKER] P10_EMBED_HASH_OK
UCCH OK=1 R=000000000C6A3000 V=FFFFFFFF80001003 4T=000000000C6A3000 4A=000000000C6A3FF8 4E=000000000C6A2023 3T=000000000C6A2000 3A=000000000C6A2FF0 3E=000000000C6A1023 2T=000000000C6A1000 2A=000000000C6A1000 2E=000000000C6A0023 1T=000000000C6A0000 1A=000000000C6A0008 1E=000000000DC2A103 FPA=000000000DC2A003
CCS OK=1 V=FFFFFFFF80001003 4P=1 4W=1 4U=0 4N=0 4G=0 4H=0 4A=1 4D=0 4R=0 4X=1 4L=0 3P=1 3W=1 3U=0 3N=0 3G=0 3H=0 3A=1 3D=0 3R=0 3X=1 3L=0 2P=1 2W=1 2U=0 2N=0 2G=0 2H=0 2A=1 2D=0 2R=0 2X=1 2L=0 1P=1 1W=1 1U=0 1N=0 1G=1 1H=0 1A=0 1D=0 1R=0 1X=1 1L=1 FPA=000000000DC2A003
[PTE] code VA=0000000000400000 PTE=000000000C69D007 P=1 U=1 W=1 NX=0 PA=000000000C69D000
P10_ROOT_FRAME_WITNESS phase=load root=000000000C6A3000 pte=0000000000000000 phys=000000000C6A3000 used=1 lo=000000000C69C007 hi=0000000000000000 hash=1E263C1B7643B0DC
P10_TEXT_FRAME_WITNESS phase=load root=000000000C6A3000 pte=000000000C69D007 phys=000000000C69D000 used=1 lo=4800700000C3C748 hi=8948C0FF4808438B hash=3B68EAFA86874C6F
Kernel stack (RSP0) mapping:
[PTE] rsp0-8 VA=FFFFFFFF82005C58 PTE=000000000DA80103 P=1 U=0 W=1 NX=0 PA=000000000DA80000
[PTE] rsp0_page VA=FFFFFFFF82004C60 PTE=000000000DA81163 P=1 U=0 W=1 NX=0 PA=000000000DA81000
[[AYKEN_LOW_HALF_KHEAP_RUNTIME]] phase=create seq=1 pid=2 pml4=0x000000000C6A3000 kheap_start=0xFFFFFFFF82000000 kernel_virt_base=0xFFFFFFFF80000000 pte=0x000000000DA86163 present=1 user=0 writable=1 nx=0 kheap_low_half=0 kernel_higher_half=1 scaffold=0 lower_half_roots=1 lower_half_leaves=10 lower_half_user_leaves=10
P10_ROOT_FRAME_WITNESS phase=ready root=000000000C6A3000 pte=0000000000000000 phys=000000000C6A3000 used=1 lo=000000000C69C007 hi=0000000000000000 hash=1E263C1B7643B0DC
P10_TEXT_FRAME_WITNESS phase=ready root=000000000C6A3000 pte=000000000C69D007 phys=000000000C69D000 used=1 lo=4800700000C3C748 hi=8948C0FF4808438B hash=3B68EAFA86874C6F
[MARKER] [MARKER] 000000000C6A3000[MARKER] [MARKER] 000000000C6A3000[MARKER] QPID:2
RE[[AYKEN_RING3_PREP_OK]]
P10_SCHED_ARMED
[MARKER] [K][LATE_INIT_RETURN]
[MARKER] [MARKER] [[AYKEN_PERF_PHASE]] name=core_ready ticks=27804314772 tick_valid=2
[MARKER] [K][BOOT_OK] Phase 4.4 minimal boot reached
AAA[K][ABOUT_TO_SCHED]
BBB[[AYKEN_PERF_PHASE]] name=first_sched_activity ticks=27804958572 tick_valid=2
[K][CFG] user_minimal_mode=syscall-v2-runtime bootstrap_policy=1 mb_selftest=0 deterministic_exit=1
S12[Q]2
34P10_BOOTSTRAP_POLICY_ACTIVE
[SEL]PID=1 ST=0 RIP=@82000018 0410 FULL=80000410
FTR0=0000000000000000 T0=FFFFFFFF80099000
TR=0028
@[[AYKEN_CTX_SWITCH]]
P10_SCHED_DISPATCH
tJI[MARKER] [MARKER] [[AYKEN_PERF_MB_PHASE]] name=arbiter_enter ticks=27809556822 tick_valid=2
[[AYKEN_PERF_MB_PHASE]] name=arbiter_owner_lookup_enter ticks=27809984960 tick_valid=2
[[AYKEN_PERF_MB_PHASE]] name=arbiter_owner_lookup_exit ticks=27810368816 tick_valid=2
[[AYKEN_PERF_MB_PHASE]] name=extract_enter ticks=27810737836 tick_valid=2
[[AYKEN_PERF_MB_PHASE]] name=snapshot_enter ticks=27811112474 tick_valid=2
[[AYKEN_PERF_MB_PHASE]] name=snapshot_exit ticks=27811457144 tick_valid=2
[[AYKEN_PERF_MB_EXTRACT_RAW]] epoch=1 candidate_pid=2 owner_last_epoch=0 ticks=27811713098 tick_valid=2
[[AYKEN_PERF_MB_EXTRACT_REASON]] name=ok ticks=27812307396 tick_valid=2
[[AYKEN_PERF_MB_PHASE]] name=extract_exit ticks=27812599338 tick_valid=2
[[AYKEN_PERF_MB_PHASE]] name=arbiter_decision_enter ticks=27812863704 tick_valid=2
[[AYKEN_PERF_MB_PHASE]] name=arbiter_candidate_lookup_enter ticks=27813106102 tick_valid=2
[[AYKEN_PERF_MB_PHASE]] name=arbiter_candidate_lookup_exit ticks=27813364308 tick_valid=2
[[AYKEN_PERF_MB_VISIBLE]] name=visible pid=2 ticks=27813638378 tick_valid=2
[[AYKEN_PERF_MB_PATH]] name=switch phase=enter ticks=27814088306 tick_valid=2
[[AYKEN_PERF_MB_CONSUME]] site=BLOCK old_last_epoch=0 new_last_epoch=1 candidate_epoch=1 reason=scheduler_switch_consume ticks=27814613760 tick_valid=2
[[AYKEN_PERF_MB_PHASE]] name=arbiter_decision_path_switch ticks=27815307168 tick_valid=2
[[AYKEN_PERF_MB_PHASE]] name=arbiter_candidate_accept_switch ticks=27815520030 tick_valid=2
[[AYKEN_PERF_MB_PATH]] name=switch phase=exit ticks=27815794534 tick_valid=2
[[AYKEN_PERF_MB_PHASE]] name=arbiter_decision_exit ticks=27816015166 tick_valid=2
[[AYKEN_PERF_MB_PHASE]] name=arbiter_exit ticks=27816222442 tick_valid=2
[[AYKEN_PERF_MB_PHASE]] name=handoff_enter ticks=27816647054 tick_valid=2
[[AYKEN_PERF_MB_PHASE]] name=handoff_exit ticks=27816849576 tick_valid=2
P10_MAILBOX_DECISION id=1 pid=2 valid=1 src=2
P10_RING3_PRECONDITION_WARN reason=transition_text_active_root_writable pid=2
P10_RING3_PRECONDITION_WARN reason=transition_text_high_half_writable pid=2
P10_DECISION_APPLIED id=1 pid=2 valid=0 src=2
[[AYKEN_PERF_PHASE]] name=first_user_entry ticks=27821473414 tick_valid=2
P10_RING3_ENTRY_GUARD_ARM
P10_TEXT_ROOT_PROOF AC=000000000DE83000 KC=000000000DE83000 TC=000000000C6A3000 RC=000000000C6A3000 RIP=0000000000400000 AP=0000000000400103 TP=000000000C69D007
P10_ROOT_FRAME_WITNESS phase=pre_dispatch root=000000000C6A3000 pte=0000000000000000 phys=000000000C6A3000 used=1 lo=000000000C69C007 hi=0000000000000000 hash=1E263C1B7643B0DC
P10_TEXT_FRAME_WITNESS phase=pre_dispatch root=000000000C6A3000 pte=000000000C69D007 phys=000000000C69D000 used=1 lo=4800700000C3C748 hi=8948C0FF4808438B hash=3B68EAFA86874C6F
WTX4 R=000000000C6A3000 V=0000000000400000 I=0000000000000000 TP=000000000C6A3000 EP=000000000C6A3000 E=000000000C69C007 CF=000000000C69C000 4P=1 4W=1 4U=1 4N=0 4G=0 4H=0 4A=0 4D=0 4R=0 4X=1 4L=0
WTX3 R=000000000C6A3000 V=0000000000400000 I=0000000000000000 TP=000000000C69C000 EP=000000000C69C000 E=000000000C69B007 CF=000000000C69B000 3P=1 3W=1 3U=1 3N=0 3G=0 3H=0 3A=0 3D=0 3R=0 3X=1 3L=0
WTX2 R=000000000C6A3000 V=0000000000400000 I=0000000000000002 TP=000000000C69B000 EP=000000000C69B000 E=000000000C69A007 CF=000000000C69A000 2P=1 2W=1 2U=1 2N=0 2G=0 2H=0 2A=0 2D=0 2R=0 2X=1 2L=0
WTX1 R=000000000C6A3000 V=0000000000400000 I=0000000000000000 TP=000000000C69A000 EP=000000000C69A000 E=000000000C69D007 CF=000000000C69D000 1P=1 1W=1 1U=1 1N=0 1G=0 1H=0 1A=0 1D=0 1R=0 1X=1 1L=1
WTXP V=0000000000400000 EQ=0 KE=0000000000400103 KF=0000000000400000 KP=1 KW=1 KU=0 KN=0 KG=1 KH=0 KA=0 KD=0 KR=0 KX=1 KL=1 TE=000000000C69D007 TF=000000000C69D000 TP=1 TW=1 TU=1 TN=0 TG=0 TH=0 TA=0 TD=0 TR=0 TX=1 TL=1
P10_RING3_ATTEMPT
P10_RFLAGS_IF_ON
P10_RING3_FRAME_PROOF FRSP=FFFFFFFF82005C38 RIP=0000000000400000 CS=0000000000000023 RF=0000000000000202 RSP=00000000007FFFF8 SS=000000000000001B BYTES=000040000000000023000000000000000202000000000000F8FF7F00000000001B00000000000000
P10_RING3_GATE_PROOF TR=0028 CTX0=FFFFFFFF82005C60 TSS0=FFFFFFFF82005C60 FCS=0000000000000023 FSS=000000000000001B IDTB=FFFFFFFF800E9FC0 IDTL=0000000000000FFF GPSEL=0008 GPIST=0000000000000000 GPTA=000000000000008F GPOFF=FFFFFFFF80016EF0 PFSEL=0008 PFIST=0000000000000000 PFTA=000000000000008F PFOFF=FFFFFFFF80016FA0
P10_RING3_COMMIT
P10_CR3_SWITCH
P10_RING3_ENTER
T[[AYKEN_LOW_HALF_KHEAP_RUNTIME]] phase=timer_irq seq=2 pid=2 pml4=0x000000000C6A3000 kheap_start=0xFFFFFFFF82000000 kernel_virt_base=0xFFFFFFFF80000000 pte=0x000000000DA86163 present=1 user=0 writable=1 nx=0 kheap_low_half=0 kernel_higher_half=1 scaffold=0 lower_half_roots=1 lower_half_leaves=10 lower_half_user_leaves=10
[[AYKEN_PERF_MB_PHASE]] name=validate_enter ticks=27837418380 tick_valid=2
[[AYKEN_PERF_MB_PHASE]] name=validate_exit ticks=27838482452 tick_valid=2
P10_IRQ_SNAPSHOT_OK rip=0000000000400000 rsp=00000000007FFFF8 cs=0023
P10_SCHED_EVENT_NOTIFY
P10_RING3_ENTRY_GUARD_DEFER_IRQ
P10_RING3_ENTRY_GUARD_DISARM
[[AYKEN_PERF_PHASE]] name=first_syscall_gate_entry ticks=27840403828 tick_valid=2
[[AYKEN_LOW_HALF_KHEAP_RUNTIME]] phase=syscall_entry seq=3 pid=2 pml4=0x000000000C6A3000 kheap_start=0xFFFFFFFF82000000 kernel_virt_base=0xFFFFFFFF80000000 pte=0x000000000DA86163 present=1 user=0 writable=1 nx=0 kheap_low_half=0 kernel_higher_half=1 scaffold=0 lower_half_roots=1 lower_half_leaves=10 lower_half_user_leaves=10
[[AYKEN_PERF_PHASE]] name=first_syscall_entry ticks=27841780824 tick_valid=2
[[AYKEN_SYSCALL_ENTER]]
P10_SYSCALL_ENTER
[[AYKEN_PERF_PHASE]] name=first_syscall_exit ticks=27842589358 tick_valid=2
[[AYKEN_SYSCALL_RETURN]]
P10_SYSCALL_RETURN
[[AYKEN_PERF_PHASE]] name=first_syscall_gate_return ticks=27842910960 tick_valid=2
T[[AYKEN_PERF_MB_CONSUME]] site=timer_validate_irq old_last_epoch=1 new_last_epoch=3 candidate_epoch=3 reason=timer_validate_accept_consume ticks=27843820884 tick_valid=2
[[AYKEN_SCHED_MB_ACCEPT]] pid=2 epoch=3
rY[IRQ][SCH]
P12[[AYKEN_PERF_MB_EXTRACT_RAW]] epoch=3 candidate_pid=2 owner_last_epoch=3 ticks=27846831714 tick_valid=2
[[AYKEN_PERF_MB_EXTRACT_REASON]] name=epoch_stale ticks=27847447952 tick_valid=2
P10_MAILBOX_MISS_KEEP_RUNNING
[[AYKEN_PERF_MB_PATH]] name=fallback phase=enter ticks=27848177804 tick_valid=2
[[AYKEN_PERF_MB_PHASE]] name=arbiter_decision_path_fallback ticks=27848513330 tick_valid=2
[[AYKEN_PERF_MB_PHASE]] name=arbiter_keep_running_fallback ticks=27848793408 tick_valid=2
[[AYKEN_PERF_MB_PATH]] name=fallback phase=exit ticks=27849008734 tick_valid=2
[[AYKEN_PERF_MB_REASON]] name=no_candidate ticks=27849304536 tick_valid=2
N12
P10_IRQ_SCHED_DECISION prev=2 next=2 used_mailbox=0 keep_running=1
MARK:PID=2
MARK:SW=U>U
MARK:IRET
P10_IRQ_CANONICAL_RETURN
P10_TEXT_ROOT_PROOF AC=000000000C6A3000 KC=000000000DE83000 TC=000000000C6A3000 RC=000000000C6A3000 RIP=0000000000400037 AP=0000000000400103 TP=000000000C69D027
P10_ROOT_FRAME_WITNESS phase=pre_dispatch root=000000000C6A3000 pte=0000000000000000 phys=000000000C6A3000 used=1 lo=000000000C69C027 hi=0000000000000000 hash=AB3F4A62FAEF25FC
P10_TEXT_FRAME_WITNESS phase=pre_dispatch root=000000000C6A3000 pte=000000000C69D027 phys=000000000C69D000 used=1 lo=4800700000C3C748 hi=8948C0FF4808438B hash=3B68EAFA86874C6F
WTX4 R=000000000C6A3000 V=0000000000400037 I=0000000000000000 TP=000000000C6A3000 EP=000000000C6A3000 E=000000000C69C027 CF=000000000C69C000 4P=1 4W=1 4U=1 4N=0 4G=0 4H=0 4A=1 4D=0 4R=0 4X=1 4L=0
WTX3 R=000000000C6A3000 V=0000000000400037 I=0000000000000000 TP=000000000C69C000 EP=000000000C69C000 E=000000000C69B027 CF=000000000C69B000 3P=1 3W=1 3U=1 3N=0 3G=0 3H=0 3A=1 3D=0 3R=0 3X=1 3L=0
WTX2 R=000000000C6A3000 V=0000000000400037 I=0000000000000002 TP=000000000C69B000 EP=000000000C69B000 E=000000000C69A027 CF=000000000C69A000 2P=1 2W=1 2U=1 2N=0 2G=0 2H=0 2A=1 2D=0 2R=0 2X=1 2L=0
WTX1 R=000000000C6A3000 V=0000000000400037 I=0000000000000000 TP=000000000C69A000 EP=000000000C69A000 E=000000000C69D027 CF=000000000C69D000 1P=1 1W=1 1U=1 1N=0 1G=0 1H=0 1A=1 1D=0 1R=0 1X=1 1L=1
WTXP V=0000000000400037 EQ=0 KE=0000000000400103 KF=0000000000400000 KP=1 KW=1 KU=0 KN=0 KG=1 KH=0 KA=0 KD=0 KR=0 KX=1 KL=1 TE=000000000C69D027 TF=000000000C69D000 TP=1 TW=1 TU=1 TN=0 TG=0 TH=0 TA=1 TD=0 TR=0 TX=1 TL=1
P10_RING3_ATTEMPT
P10_RFLAGS_IF_ON
P10_RING3_FRAME_PROOF FRSP=FFFFFFFF82005C38 RIP=0000000000400037 CS=0000000000000023 RF=0000000000000246 RSP=00000000007FFFB8 SS=000000000000001B BYTES=370040000000000023000000000000004602000000000000B8FF7F00000000001B00000000000000
P10_RING3_GATE_PROOF TR=0028 CTX0=FFFFFFFF82005C60 TSS0=FFFFFFFF82005C60 FCS=0000000000000023 FSS=000000000000001B IDTB=FFFFFFFF800E9FC0 IDTL=0000000000000FFF GPSEL=0008 GPIST=0000000000000000 GPTA=000000000000008F GPOFF=FFFFFFFF80016EF0 PFSEL=0008 PFIST=0000000000000000 PFTA=000000000000008F PFOFF=FFFFFFFF80016FA0
P10_RING3_COMMIT
P10_CR3_SWITCH
P10_RING3_ENTER
rY[IRQ][SCH]
P12[[AYKEN_PERF_MB_EXTRACT_RAW]] epoch=3 candidate_pid=2 owner_last_epoch=3 ticks=27863393620 tick_valid=2
[[AYKEN_PERF_MB_EXTRACT_REASON]] name=epoch_stale ticks=27863616216 tick_valid=2
[[AYKEN_PERF_MB_PATH]] name=fallback phase=enter ticks=27863789284 tick_valid=2
[[AYKEN_PERF_MB_PATH]] name=fallback phase=exit ticks=27864031338 tick_valid=2
[[AYKEN_PERF_MB_REASON]] name=no_candidate ticks=27864270934 tick_valid=2
N12
MARK:PID=2
MARK:SW=U>U
MARK:IRET
P10_TEXT_ROOT_PROOF AC=000000000C6A3000 KC=000000000DE83000 TC=000000000C6A3000 RC=000000000C6A3000 RIP=0000000000400037 AP=0000000000400103 TP=000000000C69D027
P10_ROOT_FRAME_WITNESS phase=pre_dispatch root=000000000C6A3000 pte=0000000000000000 phys=000000000C6A3000 used=1 lo=000000000C69C027 hi=0000000000000000 hash=AB3F4A62FAEF25FC
P10_TEXT_FRAME_WITNESS phase=pre_dispatch root=000000000C6A3000 pte=000000000C69D027 phys=000000000C69D000 used=1 lo=4800700000C3C748 hi=8948C0FF4808438B hash=3B68EAFA86874C6F
WTX4 R=000000000C6A3000 V=0000000000400037 I=0000000000000000 TP=000000000C6A3000 EP=000000000C6A3000 E=000000000C69C027 CF=000000000C69C000 4P=1 4W=1 4U=1 4N=0 4G=0 4H=0 4A=1 4D=0 4R=0 4X=1 4L=0
WTX3 R=000000000C6A3000 V=0000000000400037 I=0000000000000000 TP=000000000C69C000 EP=000000000C69C000 E=000000000C69B027 CF=000000000C69B000 3P=1 3W=1 3U=1 3N=0 3G=0 3H=0 3A=1 3D=0 3R=0 3X=1 3L=0
WTX2 R=000000000C6A3000 V=0000000000400037 I=0000000000000002 TP=000000000C69B000 EP=000000000C69B000 E=000000000C69A027 CF=000000000C69A000 2P=1 2W=1 2U=1 2N=0 2G=0 2H=0 2A=1 2D=0 2R=0 2X=1 2L=0
WTX1 R=000000000C6A3000 V=0000000000400037 I=0000000000000000 TP=000000000C69A000 EP=000000000C69A000 E=000000000C69D027 CF=000000000C69D000 1P=1 1W=1 1U=1 1N=0 1G=0 1H=0 1A=1 1D=0 1R=0 1X=1 1L=1
WTXP V=0000000000400037 EQ=0 KE=0000000000400103 KF=0000000000400000 KP=1 KW=1 KU=0 KN=0 KG=1 KH=0 KA=0 KD=0 KR=0 KX=1 KL=1 TE=000000000C69D027 TF=000000000C69D000 TP=1 TW=1 TU=1 TN=0 TG=0 TH=0 TA=1 TD=0 TR=0 TX=1 TL=1
P10_RING3_ATTEMPT
P10_RFLAGS_IF_ON
P10_RING3_FRAME_PROOF FRSP=FFFFFFFF82005C38 RIP=0000000000400037 CS=0000000000000023 RF=0000000000000246 RSP=00000000007FFFB8 SS=000000000000001B BYTES=370040000000000023000000000000004602000000000000B8FF7F00000000001B00000000000000
P10_RING3_GATE_PROOF TR=0028 CTX0=FFFFFFFF82005C60 TSS0=FFFFFFFF82005C60 FCS=0000000000000023 FSS=000000000000001B IDTB=FFFFFFFF800E9FC0 IDTL=0000000000000FFF GPSEL=0008 GPIST=0000000000000000 GPTA=000000000000008F GPOFF=FFFFFFFF80016EF0 PFSEL=0008 PFIST=0000000000000000 PFTA=000000000000008F PFOFF=FFFFFFFF80016FA0
P10_RING3_COMMIT
P10_CR3_SWITCH
P10_RING3_ENTER
TrY[IRQ][SCH]
P12[[AYKEN_PERF_MB_EXTRACT_RAW]] epoch=3 candidate_pid=2 owner_last_epoch=3 ticks=27870047586 tick_valid=2
[[AYKEN_PERF_MB_EXTRACT_REASON]] name=epoch_stale ticks=27870267684 tick_valid=2
[[AYKEN_PERF_MB_PATH]] name=fallback phase=enter ticks=27870438338 tick_valid=2
[[AYKEN_PERF_MB_PATH]] name=fallback phase=exit ticks=27870604512 tick_valid=2
[[AYKEN_PERF_MB_REASON]] name=no_candidate ticks=27870765420 tick_valid=2
N12
MARK:PID=2
MARK:SW=U>U
MARK:IRET
P10_TEXT_ROOT_PROOF AC=000000000C6A3000 KC=000000000DE83000 TC=000000000C6A3000 RC=000000000C6A3000 RIP=0000000000400037 AP=0000000000400103 TP=000000000C69D027
P10_ROOT_FRAME_WITNESS phase=pre_dispatch root=000000000C6A3000 pte=0000000000000000 phys=000000000C6A3000 used=1 lo=000000000C69C027 hi=0000000000000000 hash=AB3F4A62FAEF25FC
P10_TEXT_FRAME_WITNESS phase=pre_dispatch root=000000000C6A3000 pte=000000000C69D027 phys=000000000C69D000 used=1 lo=4800700000C3C748 hi=8948C0FF4808438B hash=3B68EAFA86874C6F
WTX4 R=000000000C6A3000 V=0000000000400037 I=0000000000000000 TP=000000000C6A3000 EP=000000000C6A3000 E=000000000C69C027 CF=000000000C69C000 4P=1 4W=1 4U=1 4N=0 4G=0 4H=0 4A=1 4D=0 4R=0 4X=1 4L=0
WTX3 R=000000000C6A3000 V=0000000000400037 I=0000000000000000 TP=000000000C69C000 EP=000000000C69C000 E=000000000C69B027 CF=000000000C69B000 3P=1 3W=1 3U=1 3N=0 3G=0 3H=0 3A=1 3D=0 3R=0 3X=1 3L=0
WTX2 R=000000000C6A3000 V=0000000000400037 I=0000000000000002 TP=000000000C69B000 EP=000000000C69B000 E=000000000C69A027 CF=000000000C69A000 2P=1 2W=1 2U=1 2N=0 2G=0 2H=0 2A=1 2D=0 2R=0 2X=1 2L=0
WTX1 R=000000000C6A3000 V=0000000000400037 I=0000000000000000 TP=000000000C69A000 EP=000000000C69A000 E=000000000C69D027 CF=000000000C69D000 1P=1 1W=1 1U=1 1N=0 1G=0 1H=0 1A=1 1D=0 1R=0 1X=1 1L=1
WTXP V=0000000000400037 EQ=0 KE=0000000000400103 KF=0000000000400000 KP=1 KW=1 KU=0 KN=0 KG=1 KH=0 KA=0 KD=0 KR=0 KX=1 KL=1 TE=000000000C69D027 TF=000000000C69D000 TP=1 TW=1 TU=1 TN=0 TG=0 TH=0 TA=1 TD=0 TR=0 TX=1 TL=1
P10_RING3_ATTEMPT
P10_RFLAGS_IF_ON
P10_RING3_FRAME_PROOF FRSP=FFFFFFFF82005C38 RIP=0000000000400037 CS=0000000000000023 RF=0000000000000246 RSP=00000000007FFFB8 SS=000000000000001B BYTES=370040000000000023000000000000004602000000000000B8FF7F00000000001B00000000000000
P10_RING3_GATE_PROOF TR=0028 CTX0=FFFFFFFF82005C60 TSS0=FFFFFFFF82005C60 FCS=0000000000000023 FSS=000000000000001B IDTB=FFFFFFFF800E9FC0 IDTL=0000000000000FFF GPSEL=0008 GPIST=0000000000000000 GPTA=000000000000008F GPOFF=FFFFFFFF80016EF0 PFSEL=0008 PFIST=0000000000000000 PFTA=000000000000008F PFOFF=FFFFFFFF80016FA0
P10_RING3_COMMIT
P10_CR3_SWITCH
P10_RING3_ENTER
rY[IRQ][SCH]
P12[[AYKEN_PERF_MB_EXTRACT_RAW]] epoch=3 candidate_pid=2 owner_last_epoch=3 ticks=27876757962 tick_valid=2
[[AYKEN_PERF_MB_EXTRACT_REASON]] name=epoch_stale ticks=27876977576 tick_valid=2
[[AYKEN_PERF_MB_PATH]] name=fallback phase=enter ticks=27877173750 tick_valid=2
[[AYKEN_PERF_MB_PATH]] name=fallback phase=exit ticks=27877339812 tick_valid=2
[[AYKEN_PERF_MB_REASON]] name=no_candidate ticks=27877500374 tick_valid=2
N12
MARK:PID=2
MARK:SW=U>U
MARK:IRET
P10_TEXT_ROOT_PROOF AC=000000000C6A3000 KC=000000000DE83000 TC=000000000C6A3000 RC=000000000C6A3000 RIP=0000000000400037 AP=0000000000400103 TP=000000000C69D027
P10_ROOT_FRAME_WITNESS phase=pre_dispatch root=000000000C6A3000 pte=0000000000000000 phys=000000000C6A3000 used=1 lo=000000000C69C027 hi=0000000000000000 hash=AB3F4A62FAEF25FC
P10_TEXT_FRAME_WITNESS phase=pre_dispatch root=000000000C6A3000 pte=000000000C69D027 phys=000000000C69D000 used=1 lo=4800700000C3C748 hi=8948C0FF4808438B hash=3B68EAFA86874C6F
WTX4 R=000000000C6A3000 V=0000000000400037 I=0000000000000000 TP=000000000C6A3000 EP=000000000C6A3000 E=000000000C69C027 CF=000000000C69C000 4P=1 4W=1 4U=1 4N=0 4G=0 4H=0 4A=1 4D=0 4R=0 4X=1 4L=0
WTX3 R=000000000C6A3000 V=0000000000400037 I=0000000000000000 TP=000000000C69C000 EP=000000000C69C000 E=000000000C69B027 CF=000000000C69B000 3P=1 3W=1 3U=1 3N=0 3G=0 3H=0 3A=1 3D=0 3R=0 3X=1 3L=0
WTX2 R=000000000C6A3000 V=0000000000400037 I=0000000000000002 TP=000000000C69B000 EP=000000000C69B000 E=000000000C69A027 CF=000000000C69A000 2P=1 2W=1 2U=1 2N=0 2G=0 2H=0 2A=1 2D=0 2R=0 2X=1 2L=0
WTX1 R=000000000C6A3000 V=0000000000400037 I=0000000000000000 TP=000000000C69A000 EP=000000000C69A000 E=000000000C69D027 CF=000000000C69D000 1P=1 1W=1 1U=1 1N=0 1G=0 1H=0 1A=1 1D=0 1R=0 1X=1 1L=1
WTXP V=0000000000400037 EQ=0 KE=0000000000400103 KF=0000000000400000 KP=1 KW=1 KU=0 KN=0 KG=1 KH=0 KA=0 KD=0 KR=0 KX=1 KL=1 TE=000000000C69D027 TF=000000000C69D000 TP=1 TW=1 TU=1 TN=0 TG=0 TH=0 TA=1 TD=0 TR=0 TX=1 TL=1
P10_RING3_ATTEMPT
P10_RFLAGS_IF_ON
P10_RING3_FRAME_PROOF FRSP=FFFFFFFF82005C38 RIP=0000000000400037 CS=0000000000000023 RF=0000000000000246 RSP=00000000007FFFB8 SS=000000000000001B BYTES=370040000000000023000000000000004602000000000000B8FF7F00000000001B00000000000000
P10_RING3_GATE_PROOF TR=0028 CTX0=FFFFFFFF82005C60 TSS0=FFFFFFFF82005C60 FCS=0000000000000023 FSS=000000000000001B IDTB=FFFFFFFF800E9FC0 IDTL=0000000000000FFF GPSEL=0008 GPIST=0000000000000000 GPTA=000000000000008F GPOFF=FFFFFFFF80016EF0 PFSEL=0008 PFIST=0000000000000000 PFTA=000000000000008F PFOFF=FFFFFFFF80016FA0
P10_RING3_COMMIT
P10_CR3_SWITCH
P10_RING3_ENTER
TrY[IRQ][SCH]
P12[[AYKEN_PERF_MB_EXTRACT_RAW]] epoch=3 candidate_pid=2 owner_last_epoch=3 ticks=27883040524 tick_valid=2
[[AYKEN_PERF_MB_EXTRACT_REASON]] name=epoch_stale ticks=27883259430 tick_valid=2
[[AYKEN_PERF_MB_PATH]] name=fallback phase=enter ticks=27883429146 tick_valid=2
[[AYKEN_PERF_MB_PATH]] name=fallback phase=exit ticks=27883663436 tick_valid=2
[[AYKEN_PERF_MB_REASON]] name=no_candidate ticks=27883823692 tick_valid=2
N12
MARK:PID=2
MARK:SW=U>U
MARK:IRET
P10_TEXT_ROOT_PROOF AC=000000000C6A3000 KC=000000000DE83000 TC=000000000C6A3000 RC=000000000C6A3000 RIP=0000000000400037 AP=0000000000400103 TP=000000000C69D027
P10_ROOT_FRAME_WITNESS phase=pre_dispatch root=000000000C6A3000 pte=0000000000000000 phys=000000000C6A3000 used=1 lo=000000000C69C027 hi=0000000000000000 hash=AB3F4A62FAEF25FC
P10_TEXT_FRAME_WITNESS phase=pre_dispatch root=000000000C6A3000 pte=000000000C69D027 phys=000000000C69D000 used=1 lo=4800700000C3C748 hi=8948C0FF4808438B hash=3B68EAFA86874C6F
WTX4 R=000000000C6A3000 V=0000000000400037 I=0000000000000000 TP=000000000C6A3000 EP=000000000C6A3000 E=000000000C69C027 CF=000000000C69C000 4P=1 4W=1 4U=1 4N=0 4G=0 4H=0 4A=1 4D=0 4R=0 4X=1 4L=0
WTX3 R=000000000C6A3000 V=0000000000400037 I=0000000000000000 TP=000000000C69C000 EP=000000000C69C000 E=000000000C69B027 CF=000000000C69B000 3P=1 3W=1 3U=1 3N=0 3G=0 3H=0 3A=1 3D=0 3R=0 3X=1 3L=0
WTX2 R=000000000C6A3000 V=0000000000400037 I=0000000000000002 TP=000000000C69B000 EP=000000000C69B000 E=000000000C69A027 CF=000000000C69A000 2P=1 2W=1 2U=1 2N=0 2G=0 2H=0 2A=1 2D=0 2R=0 2X=1 2L=0
WTX1 R=000000000C6A3000 V=0000000000400037 I=0000000000000000 TP=000000000C69A000 EP=000000000C69A000 E=000000000C69D027 CF=000000000C69D000 1P=1 1W=1 1U=1 1N=0 1G=0 1H=0 1A=1 1D=0 1R=0 1X=1 1L=1
WTXP V=0000000000400037 EQ=0 KE=0000000000400103 KF=0000000000400000 KP=1 KW=1 KU=0 KN=0 KG=1 KH=0 KA=0 KD=0 KR=0 KX=1 KL=1 TE=000000000C69D027 TF=000000000C69D000 TP=1 TW=1 TU=1 TN=0 TG=0 TH=0 TA=1 TD=0 TR=0 TX=1 TL=1
P10_RING3_ATTEMPT
P10_RFLAGS_IF_ON
P10_RING3_FRAME_PROOF FRSP=FFFFFFFF82005C38 RIP=0000000000400037 CS=0000000000000023 RF=0000000000000246 RSP=00000000007FFFB8 SS=000000000000001B BYTES=370040000000000023000000000000004602000000000000B8FF7F00000000001B00000000000000
P10_RING3_GATE_PROOF TR=0028 CTX0=FFFFFFFF82005C60 TSS0=FFFFFFFF82005C60 FCS=0000000000000023 FSS=000000000000001B IDTB=FFFFFFFF800E9FC0 IDTL=0000000000000FFF GPSEL=0008 GPIST=0000000000000000 GPTA=000000000000008F GPOFF=FFFFFFFF80016EF0 PFSEL=0008 PFIST=0000000000000000 PFTA=000000000000008F PFOFF=FFFFFFFF80016FA0
P10_RING3_COMMIT
P10_CR3_SWITCH
P10_RING3_ENTER
rY[IRQ][SCH]
P12[[AYKEN_PERF_MB_EXTRACT_RAW]] epoch=3 candidate_pid=2 owner_last_epoch=3 ticks=27889288650 tick_valid=2
[[AYKEN_PERF_MB_EXTRACT_REASON]] name=epoch_stale ticks=27889507678 tick_valid=2
[[AYKEN_PERF_MB_PATH]] name=fallback phase=enter ticks=27889677188 tick_valid=2
[[AYKEN_PERF_MB_PATH]] name=fallback phase=exit ticks=27889843474 tick_valid=2
[[AYKEN_PERF_MB_REASON]] name=no_candidate ticks=27890004354 tick_valid=2
N12
MARK:PID=2
MARK:SW=U>U
MARK:IRET
P10_TEXT_ROOT_PROOF AC=000000000C6A3000 KC=000000000DE83000 TC=000000000C6A3000 RC=000000000C6A3000 RIP=0000000000400037 AP=0000000000400103 TP=000000000C69D027
P10_ROOT_FRAME_WITNESS phase=pre_dispatch root=000000000C6A3000 pte=0000000000000000 phys=000000000C6A3000 used=1 lo=000000000C69C027 hi=0000000000000000 hash=AB3F4A62FAEF25FC
P10_TEXT_FRAME_WITNESS phase=pre_dispatch root=000000000C6A3000 pte=000000000C69D027 phys=000000000C69D000 used=1 lo=4800700000C3C748 hi=8948C0FF4808438B hash=3B68EAFA86874C6F
WTX4 R=000000000C6A3000 V=0000000000400037 I=0000000000000000 TP=000000000C6A3000 EP=000000000C6A3000 E=000000000C69C027 CF=000000000C69C000 4P=1 4W=1 4U=1 4N=0 4G=0 4H=0 4A=1 4D=0 4R=0 4X=1 4L=0
WTX3 R=000000000C6A3000 V=0000000000400037 I=0000000000000000 TP=000000000C69C000 EP=000000000C69C000 E=000000000C69B027 CF=000000000C69B000 3P=1 3W=1 3U=1 3N=0 3G=0 3H=0 3A=1 3D=0 3R=0 3X=1 3L=0
WTX2 R=000000000C6A3000 V=0000000000400037 I=0000000000000002 TP=000000000C69B000 EP=000000000C69B000 E=000000000C69A027 CF=000000000C69A000 2P=1 2W=1 2U=1 2N=0 2G=0 2H=0 2A=1 2D=0 2R=0 2X=1 2L=0
WTX1 R=000000000C6A3000 V=0000000000400037 I=0000000000000000 TP=000000000C69A000 EP=000000000C69A000 E=000000000C69D027 CF=000000000C69D000 1P=1 1W=1 1U=1 1N=0 1G=0 1H=0 1A=1 1D=0 1R=0 1X=1 1L=1
WTXP V=0000000000400037 EQ=0 KE=0000000000400103 KF=0000000000400000 KP=1 KW=1 KU=0 KN=0 KG=1 KH=0 KA=0 KD=0 KR=0 KX=1 KL=1 TE=000000000C69D027 TF=000000000C69D000 TP=1 TW=1 TU=1 TN=0 TG=0 TH=0 TA=1 TD=0 TR=0 TX=1 TL=1
P10_RING3_ATTEMPT
P10_RFLAGS_IF_ON
P10_RING3_FRAME_PROOF FRSP=FFFFFFFF82005C38 RIP=0000000000400037 CS=0000000000000023 RF=0000000000000246 RSP=00000000007FFFB8 SS=000000000000001B BYTES=370040000000000023000000000000004602000000000000B8FF7F00000000001B00000000000000
P10_RING3_GATE_PROOF TR=0028 CTX0=FFFFFFFF82005C60 TSS0=FFFFFFFF82005C60 FCS=0000000000000023 FSS=000000000000001B IDTB=FFFFFFFF800E9FC0 IDTL=0000000000000FFF GPSEL=0008 GPIST=0000000000000000 GPTA=000000000000008F GPOFF=FFFFFFFF80016EF0 PFSEL=0008 PFIST=0000000000000000 PFTA=000000000000008F PFOFF=FFFFFFFF80016FA0
P10_RING3_COMMIT
P10_CR3_SWITCH
P10_RING3_ENTER
[[AYKEN_TICK]]
TrY[IRQ][SCH]
P12[[AYKEN_PERF_MB_EXTRACT_RAW]] epoch=3 candidate_pid=2 owner_last_epoch=3 ticks=27895761534 tick_valid=2
[[AYKEN_PERF_MB_EXTRACT_REASON]] name=epoch_stale ticks=27895980942 tick_valid=2
[[AYKEN_PERF_MB_PATH]] name=fallback phase=enter ticks=27896229394 tick_valid=2
[[AYKEN_PERF_MB_PATH]] name=fallback phase=exit ticks=27896395102 tick_valid=2
[[AYKEN_PERF_MB_REASON]] name=no_candidate ticks=27896581270 tick_valid=2
N12
MARK:PID=2
MARK:SW=U>U
MARK:IRET
P10_TEXT_ROOT_PROOF AC=000000000C6A3000 KC=000000000DE83000 TC=000000000C6A3000 RC=000000000C6A3000 RIP=0000000000400037 AP=0000000000400103 TP=000000000C69D027
P10_ROOT_FRAME_WITNESS phase=pre_dispatch root=000000000C6A3000 pte=0000000000000000 phys=000000000C6A3000 used=1 lo=000000000C69C027 hi=0000000000000000 hash=AB3F4A62FAEF25FC
P10_TEXT_FRAME_WITNESS phase=pre_dispatch root=000000000C6A3000 pte=000000000C69D027 phys=000000000C69D000 used=1 lo=4800700000C3C748 hi=8948C0FF4808438B hash=3B68EAFA86874C6F
WTX4 R=000000000C6A3000 V=0000000000400037 I=0000000000000000 TP=000000000C6A3000 EP=000000000C6A3000 E=000000000C69C027 CF=000000000C69C000 4P=1 4W=1 4U=1 4N=0 4G=0 4H=0 4A=1 4D=0 4R=0 4X=1 4L=0
WTX3 R=000000000C6A3000 V=0000000000400037 I=0000000000000000 TP=000000000C69C000 EP=000000000C69C000 E=000000000C69B027 CF=000000000C69B000 3P=1 3W=1 3U=1 3N=0 3G=0 3H=0 3A=1 3D=0 3R=0 3X=1 3L=0
WTX2 R=000000000C6A3000 V=0000000000400037 I=0000000000000002 TP=000000000C69B000 EP=000000000C69B000 E=000000000C69A027 CF=000000000C69A000 2P=1 2W=1 2U=1 2N=0 2G=0 2H=0 2A=1 2D=0 2R=0 2X=1 2L=0
WTX1 R=000000000C6A3000 V=0000000000400037 I=0000000000000000 TP=000000000C69A000 EP=000000000C69A000 E=000000000C69D027 CF=000000000C69D000 1P=1 1W=1 1U=1 1N=0 1G=0 1H=0 1A=1 1D=0 1R=0 1X=1 1L=1
WTXP V=0000000000400037 EQ=0 KE=0000000000400103 KF=0000000000400000 KP=1 KW=1 KU=0 KN=0 KG=1 KH=0 KA=0 KD=0 KR=0 KX=1 KL=1 TE=000000000C69D027 TF=000000000C69D000 TP=1 TW=1 TU=1 TN=0 TG=0 TH=0 TA=1 TD=0 TR=0 TX=1 TL=1
P10_RING3_ATTEMPT
P10_RFLAGS_IF_ON
P10_RING3_FRAME_PROOF FRSP=FFFFFFFF82005C38 RIP=0000000000400037 CS=0000000000000023 RF=0000000000000246 RSP=00000000007FFFB8 SS=000000000000001B BYTES=370040000000000023000000000000004602000000000000B8FF7F00000000001B00000000000000
P10_RING3_GATE_PROOF TR=0028 CTX0=FFFFFFFF82005C60 TSS0=FFFFFFFF82005C60 FCS=0000000000000023 FSS=000000000000001B IDTB=FFFFFFFF800E9FC0 IDTL=0000000000000FFF GPSEL=0008 GPIST=0000000000000000 GPTA=000000000000008F GPOFF=FFFFFFFF80016EF0 PFSEL=0008 PFIST=0000000000000000 PFTA=000000000000008F PFOFF=FFFFFFFF80016FA0
P10_RING3_COMMIT
P10_CR3_SWITCH
P10_RING3_ENTER
rY[IRQ][SCH]
P12[[AYKEN_PERF_MB_EXTRACT_RAW]] epoch=3 candidate_pid=2 owner_last_epoch=3 ticks=27902322300 tick_valid=2
[[AYKEN_PERF_MB_EXTRACT_REASON]] name=epoch_stale ticks=27902540944 tick_valid=2
[[AYKEN_PERF_MB_PATH]] name=fallback phase=enter ticks=27902710336 tick_valid=2
[[AYKEN_PERF_MB_PATH]] name=fallback phase=exit ticks=27902876890 tick_valid=2
[[AYKEN_PERF_MB_REASON]] name=no_candidate ticks=27903106064 tick_valid=2
N12
MARK:PID=2
MARK:SW=U>U
MARK:IRET
P10_TEXT_ROOT_PROOF AC=000000000C6A3000 KC=000000000DE83000 TC=000000000C6A3000 RC=000000000C6A3000 RIP=0000000000400037 AP=0000000000400103 TP=000000000C69D027
P10_ROOT_FRAME_WITNESS phase=pre_dispatch root=000000000C6A3000 pte=0000000000000000 phys=000000000C6A3000 used=1 lo=000000000C69C027 hi=0000000000000000 hash=AB3F4A62FAEF25FC
P10_TEXT_FRAME_WITNESS phase=pre_dispatch root=000000000C6A3000 pte=000000000C69D027 phys=000000000C69D000 used=1 lo=4800700000C3C748 hi=8948C0FF4808438B hash=3B68EAFA86874C6F
WTX4 R=000000000C6A3000 V=0000000000400037 I=0000000000000000 TP=000000000C6A3000 EP=000000000C6A3000 E=000000000C69C027 CF=000000000C69C000 4P=1 4W=1 4U=1 4N=0 4G=0 4H=0 4A=1 4D=0 4R=0 4X=1 4L=0
WTX3 R=000000000C6A3000 V=0000000000400037 I=0000000000000000 TP=000000000C69C000 EP=000000000C69C000 E=000000000C69B027 CF=000000000C69B000 3P=1 3W=1 3U=1 3N=0 3G=0 3H=0 3A=1 3D=0 3R=0 3X=1 3L=0
WTX2 R=000000000C6A3000 V=0000000000400037 I=0000000000000002 TP=000000000C69B000 EP=000000000C69B000 E=000000000C69A027 CF=000000000C69A000 2P=1 2W=1 2U=1 2N=0 2G=0 2H=0 2A=1 2D=0 2R=0 2X=1 2L=0
WTX1 R=000000000C6A3000 V=0000000000400037 I=0000000000000000 TP=000000000C69A000 EP=000000000C69A000 E=000000000C69D027 CF=000000000C69D000 1P=1 1W=1 1U=1 1N=0 1G=0 1H=0 1A=1 1D=0 1R=0 1X=1 1L=1
WTXP V=0000000000400037 EQ=0 KE=0000000000400103 KF=0000000000400000 KP=1 KW=1 KU=0 KN=0 KG=1 KH=0 KA=0 KD=0 KR=0 KX=1 KL=1 TE=000000000C69D027 TF=000000000C69D000 TP=1 TW=1 TU=1 TN=0 TG=0 TH=0 TA=1 TD=0 TR=0 TX=1 TL=1
P10_RING3_ATTEMPT
P10_RFLAGS_IF_ON
P10_RING3_FRAME_PROOF FRSP=FFFFFFFF82005C38 RIP=0000000000400037 CS=0000000000000023 RF=0000000000000246 RSP=00000000007FFFB8 SS=000000000000001B BYTES=370040000000000023000000000000004602000000000000B8FF7F00000000001B00000000000000
P10_RING3_GATE_PROOF TR=0028 CTX0=FFFFFFFF82005C60 TSS0=FFFFFFFF82005C60 FCS=0000000000000023 FSS=000000000000001B IDTB=FFFFFFFF800E9FC0 IDTL=0000000000000FFF GPSEL=0008 GPIST=0000000000000000 GPTA=000000000000008F GPOFF=FFFFFFFF80016EF0 PFSEL=0008 PFIST=0000000000000000 PFTA=000000000000008F PFOFF=FFFFFFFF80016FA0
P10_RING3_COMMIT
P10_CR3_SWITCH
P10_RING3_ENTER
TrY[IRQ][SCH]
P12[[AYKEN_PERF_MB_EXTRACT_RAW]] epoch=3 candidate_pid=2 owner_last_epoch=3 ticks=27908962732 tick_valid=2
[[AYKEN_PERF_MB_EXTRACT_REASON]] name=epoch_stale ticks=27909180700 tick_valid=2
[[AYKEN_PERF_MB_PATH]] name=fallback phase=enter ticks=27909349584 tick_valid=2
[[AYKEN_PERF_MB_PATH]] name=fallback phase=exit ticks=27909515574 tick_valid=2
[[AYKEN_PERF_MB_REASON]] name=no_candidate ticks=27909676694 tick_valid=2
N12
MARK:PID=2
MARK:SW=U>U
MARK:IRET
P10_TEXT_ROOT_PROOF AC=000000000C6A3000 KC=000000000DE83000 TC=000000000C6A3000 RC=000000000C6A3000 RIP=0000000000400037 AP=0000000000400103 TP=000000000C69D027
P10_ROOT_FRAME_WITNESS phase=pre_dispatch root=000000000C6A3000 pte=0000000000000000 phys=000000000C6A3000 used=1 lo=000000000C69C027 hi=0000000000000000 hash=AB3F4A62FAEF25FC
P10_TEXT_FRAME_WITNESS phase=pre_dispatch root=000000000C6A3000 pte=000000000C69D027 phys=000000000C69D000 used=1 lo=4800700000C3C748 hi=8948C0FF4808438B hash=3B68EAFA86874C6F
WTX4 R=000000000C6A3000 V=0000000000400037 I=0000000000000000 TP=000000000C6A3000 EP=000000000C6A3000 E=000000000C69C027 CF=000000000C69C000 4P=1 4W=1 4U=1 4N=0 4G=0 4H=0 4A=1 4D=0 4R=0 4X=1 4L=0
WTX3 R=000000000C6A3000 V=0000000000400037 I=0000000000000000 TP=000000000C69C000 EP=000000000C69C000 E=000000000C69B027 CF=000000000C69B000 3P=1 3W=1 3U=1 3N=0 3G=0 3H=0 3A=1 3D=0 3R=0 3X=1 3L=0
WTX2 R=000000000C6A3000 V=0000000000400037 I=0000000000000002 TP=000000000C69B000 EP=000000000C69B000 E=000000000C69A027 CF=000000000C69A000 2P=1 2W=1 2U=1 2N=0 2G=0 2H=0 2A=1 2D=0 2R=0 2X=1 2L=0
WTX1 R=000000000C6A3000 V=0000000000400037 I=0000000000000000 TP=000000000C69A000 EP=000000000C69A000 E=000000000C69D027 CF=000000000C69D000 1P=1 1W=1 1U=1 1N=0 1G=0 1H=0 1A=1 1D=0 1R=0 1X=1 1L=1
WTXP V=0000000000400037 EQ=0 KE=0000000000400103 KF=0000000000400000 KP=1 KW=1 KU=0 KN=0 KG=1 KH=0 KA=0 KD=0 KR=0 KX=1 KL=1 TE=000000000C69D027 TF=000000000C69D000 TP=1 TW=1 TU=1 TN=0 TG=0 TH=0 TA=1 TD=0 TR=0 TX=1 TL=1
P10_RING3_ATTEMPT
P10_RFLAGS_IF_ON
P10_RING3_FRAME_PROOF FRSP=FFFFFFFF82005C38 RIP=0000000000400037 CS=0000000000000023 RF=0000000000000246 RSP=00000000007FFFB8 SS=000000000000001B BYTES=370040000000000023000000000000004602000000000000B8FF7F00000000001B00000000000000
P10_RING3_GATE_PROOF TR=0028 CTX0=FFFFFFFF82005C60 TSS0=FFFFFFFF82005C60 FCS=0000000000000023 FSS=000000000000001B IDTB=FFFFFFFF800E9FC0 IDTL=0000000000000FFF GPSEL=0008 GPIST=0000000000000000 GPTA=000000000000008F GPOFF=FFFFFFFF80016EF0 PFSEL=0008 PFIST=0000000000000000 PFTA=000000000000008F PFOFF=FFFFFFFF80016FA0
P10_RING3_COMMIT
P10_CR3_SWITCH
P10_RING3_ENTER
rY[IRQ][SCH]
P12[[AYKEN_PERF_MB_EXTRACT_RAW]] epoch=3 candidate_pid=2 owner_last_epoch=3 ticks=27915157686 tick_valid=2
[[AYKEN_PERF_MB_EXTRACT_REASON]] name=epoch_stale ticks=27915376134 tick_valid=2
[[AYKEN_PERF_MB_PATH]] name=fallback phase=enter ticks=27915545158 tick_valid=2
[[AYKEN_PERF_MB_PATH]] name=fallback phase=exit ticks=27915815774 tick_valid=2
[[AYKEN_PERF_MB_REASON]] name=no_candidate ticks=27915976222 tick_valid=2
N12
MARK:PID=2
MARK:SW=U>U
MARK:IRET
P10_TEXT_ROOT_PROOF AC=000000000C6A3000 KC=000000000DE83000 TC=000000000C6A3000 RC=000000000C6A3000 RIP=0000000000400037 AP=0000000000400103 TP=000000000C69D027
P10_ROOT_FRAME_WITNESS phase=pre_dispatch root=000000000C6A3000 pte=0000000000000000 phys=000000000C6A3000 used=1 lo=000000000C69C027 hi=0000000000000000 hash=AB3F4A62FAEF25FC
P10_TEXT_FRAME_WITNESS phase=pre_dispatch root=000000000C6A3000 pte=000000000C69D027 phys=000000000C69D000 used=1 lo=4800700000C3C748 hi=8948C0FF4808438B hash=3B68EAFA86874C6F
WTX4 R=000000000C6A3000 V=0000000000400037 I=0000000000000000 TP=000000000C6A3000 EP=000000000C6A3000 E=000000000C69C027 CF=000000000C69C000 4P=1 4W=1 4U=1 4N=0 4G=0 4H=0 4A=1 4D=0 4R=0 4X=1 4L=0
WTX3 R=000000000C6A3000 V=0000000000400037 I=0000000000000000 TP=000000000C69C000 EP=000000000C69C000 E=000000000C69B027 CF=000000000C69B000 3P=1 3W=1 3U=1 3N=0 3G=0 3H=0 3A=1 3D=0 3R=0 3X=1 3L=0
WTX2 R=000000000C6A3000 V=0000000000400037 I=0000000000000002 TP=000000000C69B000 EP=000000000C69B000 E=000000000C69A027 CF=000000000C69A000 2P=1 2W=1 2U=1 2N=0 2G=0 2H=0 2A=1 2D=0 2R=0 2X=1 2L=0
WTX1 R=000000000C6A3000 V=0000000000400037 I=0000000000000000 TP=000000000C69A000 EP=000000000C69A000 E=000000000C69D027 CF=000000000C69D000 1P=1 1W=1 1U=1 1N=0 1G=0 1H=0 1A=1 1D=0 1R=0 1X=1 1L=1
WTXP V=0000000000400037 EQ=0 KE=0000000000400103 KF=0000000000400000 KP=1 KW=1 KU=0 KN=0 KG=1 KH=0 KA=0 KD=0 KR=0 KX=1 KL=1 TE=000000000C69D027 TF=000000000C69D000 TP=1 TW=1 TU=1 TN=0 TG=0 TH=0 TA=1 TD=0 TR=0 TX=1 TL=1
P10_RING3_ATTEMPT
P10_RFLAGS_IF_ON
P10_RING3_FRAME_PROOF FRSP=FFFFFFFF82005C38 RIP=0000000000400037 CS=0000000000000023 RF=0000000000000246 RSP=00000000007FFFB8 SS=000000000000001B BYTES=370040000000000023000000000000004602000000000000B8FF7F00000000001B00000000000000
P10_RING3_GATE_PROOF TR=0028 CTX0=FFFFFFFF82005C60 TSS0=FFFFFFFF82005C60 FCS=0000000000000023 FSS=000000000000001B IDTB=FFFFFFFF800E9FC0 IDTL=0000000000000FFF GPSEL=0008 GPIST=0000000000000000 GPTA=000000000000008F GPOFF=FFFFFFFF80016EF0 PFSEL=0008 PFIST=0000000000000000 PFTA=000000000000008F PFOFF=FFFFFFFF80016FA0
P10_RING3_COMMIT
P10_CR3_SWITCH
P10_RING3_ENTER
TrY[IRQ][SCH]
P12[[AYKEN_PERF_MB_EXTRACT_RAW]] epoch=3 candidate_pid=2 owner_last_epoch=3 ticks=27921656218 tick_valid=2
[[AYKEN_PERF_MB_EXTRACT_REASON]] name=epoch_stale ticks=27921899832 tick_valid=2
[[AYKEN_PERF_MB_PATH]] name=fallback phase=enter ticks=27922069464 tick_valid=2
[[AYKEN_PERF_MB_PATH]] name=fallback phase=exit ticks=27922236316 tick_valid=2
[[AYKEN_PERF_MB_REASON]] name=no_candidate ticks=27922401972 tick_valid=2
N12
MARK:PID=2
MARK:SW=U>U
MARK:IRET
P10_TEXT_ROOT_PROOF AC=000000000C6A3000 KC=000000000DE83000 TC=000000000C6A3000 RC=000000000C6A3000 RIP=0000000000400037 AP=0000000000400103 TP=000000000C69D027
P10_ROOT_FRAME_WITNESS phase=pre_dispatch root=000000000C6A3000 pte=0000000000000000 phys=000000000C6A3000 used=1 lo=000000000C69C027 hi=0000000000000000 hash=AB3F4A62FAEF25FC
P10_TEXT_FRAME_WITNESS phase=pre_dispatch root=000000000C6A3000 pte=000000000C69D027 phys=000000000C69D000 used=1 lo=4800700000C3C748 hi=8948C0FF4808438B hash=3B68EAFA86874C6F
WTX4 R=000000000C6A3000 V=0000000000400037 I=0000000000000000 TP=000000000C6A3000 EP=000000000C6A3000 E=000000000C69C027 CF=000000000C69C000 4P=1 4W=1 4U=1 4N=0 4G=0 4H=0 4A=1 4D=0 4R=0 4X=1 4L=0
WTX3 R=000000000C6A3000 V=0000000000400037 I=0000000000000000 TP=000000000C69C000 EP=000000000C69C000 E=000000000C69B027 CF=000000000C69B000 3P=1 3W=1 3U=1 3N=0 3G=0 3H=0 3A=1 3D=0 3R=0 3X=1 3L=0
WTX2 R=000000000C6A3000 V=0000000000400037 I=0000000000000002 TP=000000000C69B000 EP=000000000C69B000 E=000000000C69A027 CF=000000000C69A000 2P=1 2W=1 2U=1 2N=0 2G=0 2H=0 2A=1 2D=0 2R=0 2X=1 2L=0
WTX1 R=000000000C6A3000 V=0000000000400037 I=0000000000000000 TP=000000000C69A000 EP=000000000C69A000 E=000000000C69D027 CF=000000000C69D000 1P=1 1W=1 1U=1 1N=0 1G=0 1H=0 1A=1 1D=0 1R=0 1X=1 1L=1
WTXP V=0000000000400037 EQ=0 KE=0000000000400103 KF=0000000000400000 KP=1 KW=1 KU=0 KN=0 KG=1 KH=0 KA=0 KD=0 KR=0 KX=1 KL=1 TE=000000000C69D027 TF=000000000C69D000 TP=1 TW=1 TU=1 TN=0 TG=0 TH=0 TA=1 TD=0 TR=0 TX=1 TL=1
P10_RING3_ATTEMPT
P10_RFLAGS_IF_ON
P10_RING3_FRAME_PROOF FRSP=FFFFFFFF82005C38 RIP=0000000000400037 CS=0000000000000023 RF=0000000000000246 RSP=00000000007FFFB8 SS=000000000000001B BYTES=370040000000000023000000000000004602000000000000B8FF7F00000000001B00000000000000
P10_RING3_GATE_PROOF TR=0028 CTX0=FFFFFFFF82005C60 TSS0=FFFFFFFF82005C60 FCS=0000000000000023 FSS=000000000000001B IDTB=FFFFFFFF800E9FC0 IDTL=0000000000000FFF GPSEL=0008 GPIST=0000000000000000 GPTA=000000000000008F GPOFF=FFFFFFFF80016EF0 PFSEL=0008 PFIST=0000000000000000 PFTA=000000000000008F PFOFF=FFFFFFFF80016FA0
P10_RING3_COMMIT
P10_CR3_SWITCH
P10_RING3_ENTER
rY[IRQ][SCH]
P12[[AYKEN_PERF_MB_EXTRACT_RAW]] epoch=3 candidate_pid=2 owner_last_epoch=3 ticks=27927961724 tick_valid=2
[[AYKEN_PERF_MB_EXTRACT_REASON]] name=epoch_stale ticks=27928280858 tick_valid=2
[[AYKEN_PERF_MB_PATH]] name=fallback phase=enter ticks=27928470278 tick_valid=2
[[AYKEN_PERF_MB_PATH]] name=fallback phase=exit ticks=27928636030 tick_valid=2
[[AYKEN_PERF_MB_REASON]] name=no_candidate ticks=27928796822 tick_valid=2
N12
MARK:PID=2
MARK:SW=U>U
MARK:IRET
P10_TEXT_ROOT_PROOF AC=000000000C6A3000 KC=000000000DE83000 TC=000000000C6A3000 RC=000000000C6A3000 RIP=0000000000400037 AP=0000000000400103 TP=000000000C69D027
P10_ROOT_FRAME_WITNESS phase=pre_dispatch root=000000000C6A3000 pte=0000000000000000 phys=000000000C6A3000 used=1 lo=000000000C69C027 hi=0000000000000000 hash=AB3F4A62FAEF25FC
P10_TEXT_FRAME_WITNESS phase=pre_dispatch root=000000000C6A3000 pte=000000000C69D027 phys=000000000C69D000 used=1 lo=4800700000C3C748 hi=8948C0FF4808438B hash=3B68EAFA86874C6F
WTX4 R=000000000C6A3000 V=0000000000400037 I=0000000000000000 TP=000000000C6A3000 EP=000000000C6A3000 E=000000000C69C027 CF=000000000C69C000 4P=1 4W=1 4U=1 4N=0 4G=0 4H=0 4A=1 4D=0 4R=0 4X=1 4L=0
WTX3 R=000000000C6A3000 V=0000000000400037 I=0000000000000000 TP=000000000C69C000 EP=000000000C69C000 E=000000000C69B027 CF=000000000C69B000 3P=1 3W=1 3U=1 3N=0 3G=0 3H=0 3A=1 3D=0 3R=0 3X=1 3L=0
WTX2 R=000000000C6A3000 V=0000000000400037 I=0000000000000002 TP=000000000C69B000 EP=000000000C69B000 E=000000000C69A027 CF=000000000C69A000 2P=1 2W=1 2U=1 2N=0 2G=0 2H=0 2A=1 2D=0 2R=0 2X=1 2L=0
WTX1 R=000000000C6A3000 V=0000000000400037 I=0000000000000000 TP=000000000C69A000 EP=000000000C69A000 E=000000000C69D027 CF=000000000C69D000 1P=1 1W=1 1U=1 1N=0 1G=0 1H=0 1A=1 1D=0 1R=0 1X=1 1L=1
WTXP V=0000000000400037 EQ=0 KE=0000000000400103 KF=0000000000400000 KP=1 KW=1 KU=0 KN=0 KG=1 KH=0 KA=0 KD=0 KR=0 KX=1 KL=1 TE=000000000C69D027 TF=000000000C69D000 TP=1 TW=1 TU=1 TN=0 TG=0 TH=0 TA=1 TD=0 TR=0 TX=1 TL=1
P10_RING3_ATTEMPT
P10_RFLAGS_IF_ON
P10_RING3_FRAME_PROOF FRSP=FFFFFFFF82005C38 RIP=0000000000400037 CS=0000000000000023 RF=0000000000000246 RSP=00000000007FFFB8 SS=000000000000001B BYTES=370040000000000023000000000000004602000000000000B8FF7F00000000001B00000000000000
P10_RING3_GATE_PROOF TR=0028 CTX0=FFFFFFFF82005C60 TSS0=FFFFFFFF82005C60 FCS=0000000000000023 FSS=000000000000001B IDTB=FFFFFFFF800E9FC0 IDTL=0000000000000FFF GPSEL=0008 GPIST=0000000000000000 GPTA=000000000000008F GPOFF=FFFFFFFF80016EF0 PFSEL=0008 PFIST=0000000000000000 PFTA=000000000000008F PFOFF=FFFFFFFF80016FA0
P10_RING3_COMMIT
P10_CR3_SWITCH
P10_RING3_ENTER
TrY[IRQ][SCH]
P12[[AYKEN_PERF_MB_EXTRACT_RAW]] epoch=3 candidate_pid=2 owner_last_epoch=3 ticks=27934524686 tick_valid=2
[[AYKEN_PERF_MB_EXTRACT_REASON]] name=epoch_stale ticks=27934742914 tick_valid=2
[[AYKEN_PERF_MB_PATH]] name=fallback phase=enter ticks=27934911806 tick_valid=2
[[AYKEN_PERF_MB_PATH]] name=fallback phase=exit ticks=27935077598 tick_valid=2
[[AYKEN_PERF_MB_REASON]] name=no_candidate ticks=27935306606 tick_valid=2
N12
MARK:PID=2
MARK:SW=U>U
MARK:IRET
P10_TEXT_ROOT_PROOF AC=000000000C6A3000 KC=000000000DE83000 TC=000000000C6A3000 RC=000000000C6A3000 RIP=0000000000400037 AP=0000000000400103 TP=000000000C69D027
P10_ROOT_FRAME_WITNESS phase=pre_dispatch root=000000000C6A3000 pte=0000000000000000 phys=000000000C6A3000 used=1 lo=000000000C69C027 hi=0000000000000000 hash=AB3F4A62FAEF25FC
P10_TEXT_FRAME_WITNESS phase=pre_dispatch root=000000000C6A3000 pte=000000000C69D027 phys=000000000C69D000 used=1 lo=4800700000C3C748 hi=8948C0FF4808438B hash=3B68EAFA86874C6F
WTX4 R=000000000C6A3000 V=0000000000400037 I=0000000000000000 TP=000000000C6A3000 EP=000000000C6A3000 E=000000000C69C027 CF=000000000C69C000 4P=1 4W=1 4U=1 4N=0 4G=0 4H=0 4A=1 4D=0 4R=0 4X=1 4L=0
WTX3 R=000000000C6A3000 V=0000000000400037 I=0000000000000000 TP=000000000C69C000 EP=000000000C69C000 E=000000000C69B027 CF=000000000C69B000 3P=1 3W=1 3U=1 3N=0 3G=0 3H=0 3A=1 3D=0 3R=0 3X=1 3L=0
WTX2 R=000000000C6A3000 V=0000000000400037 I=0000000000000002 TP=000000000C69B000 EP=000000000C69B000 E=000000000C69A027 CF=000000000C69A000 2P=1 2W=1 2U=1 2N=0 2G=0 2H=0 2A=1 2D=0 2R=0 2X=1 2L=0
WTX1 R=000000000C6A3000 V=0000000000400037 I=0000000000000000 TP=000000000C69A000 EP=000000000C69A000 E=000000000C69D027 CF=000000000C69D000 1P=1 1W=1 1U=1 1N=0 1G=0 1H=0 1A=1 1D=0 1R=0 1X=1 1L=1
WTXP V=0000000000400037 EQ=0 KE=0000000000400103 KF=0000000000400000 KP=1 KW=1 KU=0 KN=0 KG=1 KH=0 KA=0 KD=0 KR=0 KX=1 KL=1 TE=000000000C69D027 TF=000000000C69D000 TP=1 TW=1 TU=1 TN=0 TG=0 TH=0 TA=1 TD=0 TR=0 TX=1 TL=1
P10_RING3_ATTEMPT
P10_RFLAGS_IF_ON
P10_RING3_FRAME_PROOF FRSP=FFFFFFFF82005C38 RIP=0000000000400037 CS=0000000000000023 RF=0000000000000246 RSP=00000000007FFFB8 SS=000000000000001B BYTES=370040000000000023000000000000004602000000000000B8FF7F00000000001B00000000000000
P10_RING3_GATE_PROOF TR=0028 CTX0=FFFFFFFF82005C60 TSS0=FFFFFFFF82005C60 FCS=0000000000000023 FSS=000000000000001B IDTB=FFFFFFFF800E9FC0 IDTL=0000000000000FFF GPSEL=0008 GPIST=0000000000000000 GPTA=000000000000008F GPOFF=FFFFFFFF80016EF0 PFSEL=0008 PFIST=0000000000000000 PFTA=000000000000008F PFOFF=FFFFFFFF80016FA0
P10_RING3_COMMIT
P10_CR3_SWITCH
P10_RING3_ENTER
rY[IRQ][SCH]
P12[[AYKEN_PERF_MB_EXTRACT_RAW]] epoch=3 candidate_pid=2 owner_last_epoch=3 ticks=27940791726 tick_valid=2
[[AYKEN_PERF_MB_EXTRACT_REASON]] name=epoch_stale ticks=27941011120 tick_valid=2
[[AYKEN_PERF_MB_PATH]] name=fallback phase=enter ticks=27941179414 tick_valid=2
[[AYKEN_PERF_MB_PATH]] name=fallback phase=exit ticks=27941371906 tick_valid=2
[[AYKEN_PERF_MB_REASON]] name=no_candidate ticks=27941542504 tick_valid=2
N12
MARK:PID=2
MARK:SW=U>U
MARK:IRET
P10_TEXT_ROOT_PROOF AC=000000000C6A3000 KC=000000000DE83000 TC=000000000C6A3000 RC=000000000C6A3000 RIP=0000000000400037 AP=0000000000400103 TP=000000000C69D027
P10_ROOT_FRAME_WITNESS phase=pre_dispatch root=000000000C6A3000 pte=0000000000000000 phys=000000000C6A3000 used=1 lo=000000000C69C027 hi=0000000000000000 hash=AB3F4A62FAEF25FC
P10_TEXT_FRAME_WITNESS phase=pre_dispatch root=000000000C6A3000 pte=000000000C69D027 phys=000000000C69D000 used=1 lo=4800700000C3C748 hi=8948C0FF4808438B hash=3B68EAFA86874C6F
WTX4 R=000000000C6A3000 V=0000000000400037 I=0000000000000000 TP=000000000C6A3000 EP=000000000C6A3000 E=000000000C69C027 CF=000000000C69C000 4P=1 4W=1 4U=1 4N=0 4G=0 4H=0 4A=1 4D=0 4R=0 4X=1 4L=0
WTX3 R=000000000C6A3000 V=0000000000400037 I=0000000000000000 TP=000000000C69C000 EP=000000000C69C000 E=000000000C69B027 CF=000000000C69B000 3P=1 3W=1 3U=1 3N=0 3G=0 3H=0 3A=1 3D=0 3R=0 3X=1 3L=0
WTX2 R=000000000C6A3000 V=0000000000400037 I=0000000000000002 TP=000000000C69B000 EP=000000000C69B000 E=000000000C69A027 CF=000000000C69A000 2P=1 2W=1 2U=1 2N=0 2G=0 2H=0 2A=1 2D=0 2R=0 2X=1 2L=0
WTX1 R=000000000C6A3000 V=0000000000400037 I=0000000000000000 TP=000000000C69A000 EP=000000000C69A000 E=000000000C69D027 CF=000000000C69D000 1P=1 1W=1 1U=1 1N=0 1G=0 1H=0 1A=1 1D=0 1R=0 1X=1 1L=1
WTXP V=0000000000400037 EQ=0 KE=0000000000400103 KF=0000000000400000 KP=1 KW=1 KU=0 KN=0 KG=1 KH=0 KA=0 KD=0 KR=0 KX=1 KL=1 TE=000000000C69D027 TF=000000000C69D000 TP=1 TW=1 TU=1 TN=0 TG=0 TH=0 TA=1 TD=0 TR=0 TX=1 TL=1
P10_RING3_ATTEMPT
P10_RFLAGS_IF_ON
P10_RING3_FRAME_PROOF FRSP=FFFFFFFF82005C38 RIP=0000000000400037 CS=0000000000000023 RF=0000000000000246 RSP=00000000007FFFB8 SS=000000000000001B BYTES=370040000000000023000000000000004602000000000000B8FF7F00000000001B00000000000000
P10_RING3_GATE_PROOF TR=0028 CTX0=FFFFFFFF82005C60 TSS0=FFFFFFFF82005C60 FCS=0000000000000023 FSS=000000000000001B IDTB=FFFFFFFF800E9FC0 IDTL=0000000000000FFF GPSEL=0008 GPIST=0000000000000000 GPTA=000000000000008F GPOFF=FFFFFFFF80016EF0 PFSEL=0008 PFIST=0000000000000000 PFTA=000000000000008F PFOFF=FFFFFFFF80016FA0
P10_RING3_COMMIT
P10_CR3_SWITCH
P10_RING3_ENTER
TrY[IRQ][SCH]
P12[[AYKEN_PERF_MB_EXTRACT_RAW]] epoch=3 candidate_pid=2 owner_last_epoch=3 ticks=27947141942 tick_valid=2
[[AYKEN_PERF_MB_EXTRACT_REASON]] name=epoch_stale ticks=27947359728 tick_valid=2
[[AYKEN_PERF_MB_PATH]] name=fallback phase=enter ticks=27947528070 tick_valid=2
[[AYKEN_PERF_MB_PATH]] name=fallback phase=exit ticks=27947706878 tick_valid=2
[[AYKEN_PERF_MB_REASON]] name=no_candidate ticks=27947941024 tick_valid=2
N12
MARK:PID=2
MARK:SW=U>U
MARK:IRET
P10_TEXT_ROOT_PROOF AC=000000000C6A3000 KC=000000000DE83000 TC=000000000C6A3000 RC=000000000C6A3000 RIP=0000000000400037 AP=0000000000400103 TP=000000000C69D027
P10_ROOT_FRAME_WITNESS phase=pre_dispatch root=000000000C6A3000 pte=0000000000000000 phys=000000000C6A3000 used=1 lo=000000000C69C027 hi=0000000000000000 hash=AB3F4A62FAEF25FC
P10_TEXT_FRAME_WITNESS phase=pre_dispatch root=000000000C6A3000 pte=000000000C69D027 phys=000000000C69D000 used=1 lo=4800700000C3C748 hi=8948C0FF4808438B hash=3B68EAFA86874C6F
WTX4 R=000000000C6A3000 V=0000000000400037 I=0000000000000000 TP=000000000C6A3000 EP=000000000C6A3000 E=000000000C69C027 CF=000000000C69C000 4P=1 4W=1 4U=1 4N=0 4G=0 4H=0 4A=1 4D=0 4R=0 4X=1 4L=0
WTX3 R=000000000C6A3000 V=0000000000400037 I=0000000000000000 TP=000000000C69C000 EP=000000000C69C000 E=000000000C69B027 CF=000000000C69B000 3P=1 3W=1 3U=1 3N=0 3G=0 3H=0 3A=1 3D=0 3R=0 3X=1 3L=0
WTX2 R=000000000C6A3000 V=0000000000400037 I=0000000000000002 TP=000000000C69B000 EP=000000000C69B000 E=000000000C69A027 CF=000000000C69A000 2P=1 2W=1 2U=1 2N=0 2G=0 2H=0 2A=1 2D=0 2R=0 2X=1 2L=0
WTX1 R=000000000C6A3000 V=0000000000400037 I=0000000000000000 TP=000000000C69A000 EP=000000000C69A000 E=000000000C69D027 CF=000000000C69D000 1P=1 1W=1 1U=1 1N=0 1G=0 1H=0 1A=1 1D=0 1R=0 1X=1 1L=1
WTXP V=0000000000400037 EQ=0 KE=0000000000400103 KF=0000000000400000 KP=1 KW=1 KU=0 KN=0 KG=1 KH=0 KA=0 KD=0 KR=0 KX=1 KL=1 TE=000000000C69D027 TF=000000000C69D000 TP=1 TW=1 TU=1 TN=0 TG=0 TH=0 TA=1 TD=0 TR=0 TX=1 TL=1
P10_RING3_ATTEMPT
P10_RFLAGS_IF_ON
P10_RING3_FRAME_PROOF FRSP=FFFFFFFF82005C38 RIP=0000000000400037 CS=0000000000000023 RF=0000000000000246 RSP=00000000007FFFB8 SS=000000000000001B BYTES=370040000000000023000000000000004602000000000000B8FF7F00000000001B00000000000000
P10_RING3_GATE_PROOF TR=0028 CTX0=FFFFFFFF82005C60 TSS0=FFFFFFFF82005C60 FCS=0000000000000023 FSS=000000000000001B IDTB=FFFFFFFF800E9FC0 IDTL=0000000000000FFF GPSEL=0008 GPIST=0000000000000000 GPTA=000000000000008F GPOFF=FFFFFFFF80016EF0 PFSEL=0008 PFIST=0000000000000000 PFTA=000000000000008F PFOFF=FFFFFFFF80016FA0
P10_RING3_COMMIT
P10_CR3_SWITCH
P10_RING3_ENTER
rY[IRQ][SCH]
P12[[AYKEN_PERF_MB_EXTRACT_RAW]] epoch=3 candidate_pid=2 owner_last_epoch=3 ticks=27953390220 tick_valid=2
[[AYKEN_PERF_MB_EXTRACT_REASON]] name=epoch_stale ticks=27953608356 tick_valid=2
[[AYKEN_PERF_MB_PATH]] name=fallback phase=enter ticks=27953777394 tick_valid=2
[[AYKEN_PERF_MB_PATH]] name=fallback phase=exit ticks=27953942874 tick_valid=2
[[AYKEN_PERF_MB_REASON]] name=no_candidate ticks=27954103264 tick_valid=2
N12
MARK:PID=2
MARK:SW=U>U
MARK:IRET
P10_TEXT_ROOT_PROOF AC=000000000C6A3000 KC=000000000DE83000 TC=000000000C6A3000 RC=000000000C6A3000 RIP=0000000000400037 AP=0000000000400103 TP=000000000C69D027
P10_ROOT_FRAME_WITNESS phase=pre_dispatch root=000000000C6A3000 pte=0000000000000000 phys=000000000C6A3000 used=1 lo=000000000C69C027 hi=0000000000000000 hash=AB3F4A62FAEF25FC
P10_TEXT_FRAME_WITNESS phase=pre_dispatch root=000000000C6A3000 pte=000000000C69D027 phys=000000000C69D000 used=1 lo=4800700000C3C748 hi=8948C0FF4808438B hash=3B68EAFA86874C6F
WTX4 R=000000000C6A3000 V=0000000000400037 I=0000000000000000 TP=000000000C6A3000 EP=000000000C6A3000 E=000000000C69C027 CF=000000000C69C000 4P=1 4W=1 4U=1 4N=0 4G=0 4H=0 4A=1 4D=0 4R=0 4X=1 4L=0
WTX3 R=000000000C6A3000 V=0000000000400037 I=0000000000000000 TP=000000000C69C000 EP=000000000C69C000 E=000000000C69B027 CF=000000000C69B000 3P=1 3W=1 3U=1 3N=0 3G=0 3H=0 3A=1 3D=0 3R=0 3X=1 3L=0
WTX2 R=000000000C6A3000 V=0000000000400037 I=0000000000000002 TP=000000000C69B000 EP=000000000C69B000 E=000000000C69A027 CF=000000000C69A000 2P=1 2W=1 2U=1 2N=0 2G=0 2H=0 2A=1 2D=0 2R=0 2X=1 2L=0
WTX1 R=000000000C6A3000 V=0000000000400037 I=0000000000000000 TP=000000000C69A000 EP=000000000C69A000 E=000000000C69D027 CF=000000000C69D000 1P=1 1W=1 1U=1 1N=0 1G=0 1H=0 1A=1 1D=0 1R=0 1X=1 1L=1
WTXP V=0000000000400037 EQ=0 KE=0000000000400103 KF=0000000000400000 KP=1 KW=1 KU=0 KN=0 KG=1 KH=0 KA=0 KD=0 KR=0 KX=1 KL=1 TE=000000000C69D027 TF=000000000C69D000 TP=1 TW=1 TU=1 TN=0 TG=0 TH=0 TA=1 TD=0 TR=0 TX=1 TL=1
P10_RING3_ATTEMPT
P10_RFLAGS_IF_ON
P10_RING3_FRAME_PROOF FRSP=FFFFFFFF82005C38 RIP=0000000000400037 CS=0000000000000023 RF=0000000000000246 RSP=00000000007FFFB8 SS=000000000000001B BYTES=370040000000000023000000000000004602000000000000B8FF7F00000000001B00000000000000
P10_RING3_GATE_PROOF TR=0028 CTX0=FFFFFFFF82005C60 TSS0=FFFFFFFF82005C60 FCS=0000000000000023 FSS=000000000000001B IDTB=FFFFFFFF800E9FC0 IDTL=0000000000000FFF GPSEL=0008 GPIST=0000000000000000 GPTA=000000000000008F GPOFF=FFFFFFFF80016EF0 PFSEL=0008 PFIST=0000000000000000 PFTA=000000000000008F PFOFF=FFFFFFFF80016FA0
P10_RING3_COMMIT
P10_CR3_SWITCH
P10_RING3_ENTER
TrY[IRQ][SCH]
P12[[AYKEN_PERF_MB_EXTRACT_RAW]] epoch=3 candidate_pid=2 owner_last_epoch=3 ticks=27959754390 tick_valid=2
[[AYKEN_PERF_MB_EXTRACT_REASON]] name=epoch_stale ticks=27959972214 tick_valid=2
[[AYKEN_PERF_MB_PATH]] name=fallback phase=enter ticks=27960140912 tick_valid=2
[[AYKEN_PERF_MB_PATH]] name=fallback phase=exit ticks=27960377030 tick_valid=2
[[AYKEN_PERF_MB_REASON]] name=no_candidate ticks=27960537254 tick_valid=2
N12
MARK:PID=2
MARK:SW=U>U
MARK:IRET
P10_TEXT_ROOT_PROOF AC=000000000C6A3000 KC=000000000DE83000 TC=000000000C6A3000 RC=000000000C6A3000 RIP=0000000000400037 AP=0000000000400103 TP=000000000C69D027
P10_ROOT_FRAME_WITNESS phase=pre_dispatch root=000000000C6A3000 pte=0000000000000000 phys=000000000C6A3000 used=1 lo=000000000C69C027 hi=0000000000000000 hash=AB3F4A62FAEF25FC
P10_TEXT_FRAME_WITNESS phase=pre_dispatch root=000000000C6A3000 pte=000000000C69D027 phys=000000000C69D000 used=1 lo=4800700000C3C748 hi=8948C0FF4808438B hash=3B68EAFA86874C6F
WTX4 R=000000000C6A3000 V=0000000000400037 I=0000000000000000 TP=000000000C6A3000 EP=000000000C6A3000 E=000000000C69C027 CF=000000000C69C000 4P=1 4W=1 4U=1 4N=0 4G=0 4H=0 4A=1 4D=0 4R=0 4X=1 4L=0
WTX3 R=000000000C6A3000 V=0000000000400037 I=0000000000000000 TP=000000000C69C000 EP=000000000C69C000 E=000000000C69B027 CF=000000000C69B000 3P=1 3W=1 3U=1 3N=0 3G=0 3H=0 3A=1 3D=0 3R=0 3X=1 3L=0
WTX2 R=000000000C6A3000 V=0000000000400037 I=0000000000000002 TP=000000000C69B000 EP=000000000C69B000 E=000000000C69A027 CF=000000000C69A000 2P=1 2W=1 2U=1 2N=0 2G=0 2H=0 2A=1 2D=0 2R=0 2X=1 2L=0
WTX1 R=000000000C6A3000 V=0000000000400037 I=0000000000000000 TP=000000000C69A000 EP=000000000C69A000 E=000000000C69D027 CF=000000000C69D000 1P=1 1W=1 1U=1 1N=0 1G=0 1H=0 1A=1 1D=0 1R=0 1X=1 1L=1
WTXP V=0000000000400037 EQ=0 KE=0000000000400103 KF=0000000000400000 KP=1 KW=1 KU=0 KN=0 KG=1 KH=0 KA=0 KD=0 KR=0 KX=1 KL=1 TE=000000000C69D027 TF=000000000C69D000 TP=1 TW=1 TU=1 TN=0 TG=0 TH=0 TA=1 TD=0 TR=0 TX=1 TL=1
P10_RING3_ATTEMPT
P10_RFLAGS_IF_ON
P10_RING3_FRAME_PROOF FRSP=FFFFFFFF82005C38 RIP=0000000000400037 CS=0000000000000023 RF=0000000000000246 RSP=00000000007FFFB8 SS=000000000000001B BYTES=370040000000000023000000000000004602000000000000B8FF7F00000000001B00000000000000
P10_RING3_GATE_PROOF TR=0028 CTX0=FFFFFFFF82005C60 TSS0=FFFFFFFF82005C60 FCS=0000000000000023 FSS=000000000000001B IDTB=FFFFFFFF800E9FC0 IDTL=0000000000000FFF GPSEL=0008 GPIST=0000000000000000 GPTA=000000000000008F GPOFF=FFFFFFFF80016EF0 PFSEL=0008 PFIST=0000000000000000 PFTA=000000000000008F PFOFF=FFFFFFFF80016FA0
P10_RING3_COMMIT
P10_CR3_SWITCH
P10_RING3_ENTER
rY[IRQ][SCH]
P12[[AYKEN_PERF_MB_EXTRACT_RAW]] epoch=3 candidate_pid=2 owner_last_epoch=3 ticks=27966440432 tick_valid=2
[[AYKEN_PERF_MB_EXTRACT_REASON]] name=epoch_stale ticks=27966662270 tick_valid=2
[[AYKEN_PERF_MB_PATH]] name=fallback phase=enter ticks=27966831888 tick_valid=2
[[AYKEN_PERF_MB_PATH]] name=fallback phase=exit ticks=27966997540 tick_valid=2
[[AYKEN_PERF_MB_REASON]] name=no_candidate ticks=27967158672 tick_valid=2
N12
MARK:PID=2
MARK:SW=U>U
MARK:IRET
P10_TEXT_ROOT_PROOF AC=000000000C6A3000 KC=000000000DE83000 TC=000000000C6A3000 RC=000000000C6A3000 RIP=0000000000400037 AP=0000000000400103 TP=000000000C69D027
P10_ROOT_FRAME_WITNESS phase=pre_dispatch root=000000000C6A3000 pte=0000000000000000 phys=000000000C6A3000 used=1 lo=000000000C69C027 hi=0000000000000000 hash=AB3F4A62FAEF25FC
P10_TEXT_FRAME_WITNESS phase=pre_dispatch root=000000000C6A3000 pte=000000000C69D027 phys=000000000C69D000 used=1 lo=4800700000C3C748 hi=8948C0FF4808438B hash=3B68EAFA86874C6F
WTX4 R=000000000C6A3000 V=0000000000400037 I=0000000000000000 TP=000000000C6A3000 EP=000000000C6A3000 E=000000000C69C027 CF=000000000C69C000 4P=1 4W=1 4U=1 4N=0 4G=0 4H=0 4A=1 4D=0 4R=0 4X=1 4L=0
WTX3 R=000000000C6A3000 V=0000000000400037 I=0000000000000000 TP=000000000C69C000 EP=000000000C69C000 E=000000000C69B027 CF=000000000C69B000 3P=1 3W=1 3U=1 3N=0 3G=0 3H=0 3A=1 3D=0 3R=0 3X=1 3L=0
WTX2 R=000000000C6A3000 V=0000000000400037 I=0000000000000002 TP=000000000C69B000 EP=000000000C69B000 E=000000000C69A027 CF=000000000C69A000 2P=1 2W=1 2U=1 2N=0 2G=0 2H=0 2A=1 2D=0 2R=0 2X=1 2L=0
WTX1 R=000000000C6A3000 V=0000000000400037 I=0000000000000000 TP=000000000C69A000 EP=000000000C69A000 E=000000000C69D027 CF=000000000C69D000 1P=1 1W=1 1U=1 1N=0 1G=0 1H=0 1A=1 1D=0 1R=0 1X=1 1L=1
WTXP V=0000000000400037 EQ=0 KE=0000000000400103 KF=0000000000400000 KP=1 KW=1 KU=0 KN=0 KG=1 KH=0 KA=0 KD=0 KR=0 KX=1 KL=1 TE=000000000C69D027 TF=000000000C69D000 TP=1 TW=1 TU=1 TN=0 TG=0 TH=0 TA=1 TD=0 TR=0 TX=1 TL=1
P10_RING3_ATTEMPT
P10_RFLAGS_IF_ON
P10_RING3_FRAME_PROOF FRSP=FFFFFFFF82005C38 RIP=0000000000400037 CS=0000000000000023 RF=0000000000000246 RSP=00000000007FFFB8 SS=000000000000001B BYTES=370040000000000023000000000000004602000000000000B8FF7F00000000001B00000000000000
P10_RING3_GATE_PROOF TR=0028 CTX0=FFFFFFFF82005C60 TSS0=FFFFFFFF82005C60 FCS=0000000000000023 FSS=000000000000001B IDTB=FFFFFFFF800E9FC0 IDTL=0000000000000FFF GPSEL=0008 GPIST=0000000000000000 GPTA=000000000000008F GPOFF=FFFFFFFF80016EF0 PFSEL=0008 PFIST=0000000000000000 PFTA=000000000000008F PFOFF=FFFFFFFF80016FA0
P10_RING3_COMMIT
P10_CR3_SWITCH
P10_RING3_ENTER
TrY[IRQ][SCH]
P12[[AYKEN_PERF_MB_EXTRACT_RAW]] epoch=3 candidate_pid=2 owner_last_epoch=3 ticks=27972923418 tick_valid=2
[[AYKEN_PERF_MB_EXTRACT_REASON]] name=epoch_stale ticks=27973142726 tick_valid=2
[[AYKEN_PERF_MB_PATH]] name=fallback phase=enter ticks=27973311892 tick_valid=2
[[AYKEN_PERF_MB_PATH]] name=fallback phase=exit ticks=27973478404 tick_valid=2
[[AYKEN_PERF_MB_REASON]] name=no_candidate ticks=27973639022 tick_valid=2
N12
MARK:PID=2
MARK:SW=U>U
MARK:IRET
P10_TEXT_ROOT_PROOF AC=000000000C6A3000 KC=000000000DE83000 TC=000000000C6A3000 RC=000000000C6A3000 RIP=0000000000400037 AP=0000000000400103 TP=000000000C69D027
P10_ROOT_FRAME_WITNESS phase=pre_dispatch root=000000000C6A3000 pte=0000000000000000 phys=000000000C6A3000 used=1 lo=000000000C69C027 hi=0000000000000000 hash=AB3F4A62FAEF25FC
P10_TEXT_FRAME_WITNESS phase=pre_dispatch root=000000000C6A3000 pte=000000000C69D027 phys=000000000C69D000 used=1 lo=4800700000C3C748 hi=8948C0FF4808438B hash=3B68EAFA86874C6F
WTX4 R=000000000C6A3000 V=0000000000400037 I=0000000000000000 TP=000000000C6A3000 EP=000000000C6A3000 E=000000000C69C027 CF=000000000C69C000 4P=1 4W=1 4U=1 4N=0 4G=0 4H=0 4A=1 4D=0 4R=0 4X=1 4L=0
WTX3 R=000000000C6A3000 V=0000000000400037 I=0000000000000000 TP=000000000C69C000 EP=000000000C69C000 E=000000000C69B027 CF=000000000C69B000 3P=1 3W=1 3U=1 3N=0 3G=0 3H=0 3A=1 3D=0 3R=0 3X=1 3L=0
WTX2 R=000000000C6A3000 V=0000000000400037 I=0000000000000002 TP=000000000C69B000 EP=000000000C69B000 E=000000000C69A027 CF=000000000C69A000 2P=1 2W=1 2U=1 2N=0 2G=0 2H=0 2A=1 2D=0 2R=0 2X=1 2L=0
WTX1 R=000000000C6A3000 V=0000000000400037 I=0000000000000000 TP=000000000C69A000 EP=000000000C69A000 E=000000000C69D027 CF=000000000C69D000 1P=1 1W=1 1U=1 1N=0 1G=0 1H=0 1A=1 1D=0 1R=0 1X=1 1L=1
WTXP V=0000000000400037 EQ=0 KE=0000000000400103 KF=0000000000400000 KP=1 KW=1 KU=0 KN=0 KG=1 KH=0 KA=0 KD=0 KR=0 KX=1 KL=1 TE=000000000C69D027 TF=000000000C69D000 TP=1 TW=1 TU=1 TN=0 TG=0 TH=0 TA=1 TD=0 TR=0 TX=1 TL=1
P10_RING3_ATTEMPT
P10_RFLAGS_IF_ON
P10_RING3_FRAME_PROOF FRSP=FFFFFFFF82005C38 RIP=0000000000400037 CS=0000000000000023 RF=0000000000000246 RSP=00000000007FFFB8 SS=000000000000001B BYTES=370040000000000023000000000000004602000000000000B8FF7F00000000001B00000000000000
P10_RING3_GATE_PROOF TR=0028 CTX0=FFFFFFFF82005C60 TSS0=FFFFFFFF82005C60 FCS=0000000000000023 FSS=000000000000001B IDTB=FFFFFFFF800E9FC0 IDTL=0000000000000FFF GPSEL=0008 GPIST=0000000000000000 GPTA=000000000000008F GPOFF=FFFFFFFF80016EF0 PFSEL=0008 PFIST=0000000000000000 PFTA=000000000000008F PFOFF=FFFFFFFF80016FA0
P10_RING3_COMMIT
P10_CR3_SWITCH
P10_RING3_ENTER
rY[IRQ][SCH]
P12[[AYKEN_PERF_MB_EXTRACT_RAW]] epoch=3 candidate_pid=2 owner_last_epoch=3 ticks=27979272574 tick_valid=2
[[AYKEN_PERF_MB_EXTRACT_REASON]] name=epoch_stale ticks=27979491452 tick_valid=2
[[AYKEN_PERF_MB_PATH]] name=fallback phase=enter ticks=27979660892 tick_valid=2
[[AYKEN_PERF_MB_PATH]] name=fallback phase=exit ticks=27979856206 tick_valid=2
[[AYKEN_PERF_MB_REASON]] name=no_candidate ticks=27980081352 tick_valid=2
N12
MARK:PID=2
MARK:SW=U>U
MARK:IRET
P10_TEXT_ROOT_PROOF AC=000000000C6A3000 KC=000000000DE83000 TC=000000000C6A3000 RC=000000000C6A3000 RIP=0000000000400037 AP=0000000000400103 TP=000000000C69D027
P10_ROOT_FRAME_WITNESS phase=pre_dispatch root=000000000C6A3000 pte=0000000000000000 phys=000000000C6A3000 used=1 lo=000000000C69C027 hi=0000000000000000 hash=AB3F4A62FAEF25FC
P10_TEXT_FRAME_WITNESS phase=pre_dispatch root=000000000C6A3000 pte=000000000C69D027 phys=000000000C69D000 used=1 lo=4800700000C3C748 hi=8948C0FF4808438B hash=3B68EAFA86874C6F
WTX4 R=000000000C6A3000 V=0000000000400037 I=0000000000000000 TP=000000000C6A3000 EP=000000000C6A3000 E=000000000C69C027 CF=000000000C69C000 4P=1 4W=1 4U=1 4N=0 4G=0 4H=0 4A=1 4D=0 4R=0 4X=1 4L=0
WTX3 R=000000000C6A3000 V=0000000000400037 I=0000000000000000 TP=000000000C69C000 EP=000000000C69C000 E=000000000C69B027 CF=000000000C69B000 3P=1 3W=1 3U=1 3N=0 3G=0 3H=0 3A=1 3D=0 3R=0 3X=1 3L=0
WTX2 R=000000000C6A3000 V=0000000000400037 I=0000000000000002 TP=000000000C69B000 EP=000000000C69B000 E=000000000C69A027 CF=000000000C69A000 2P=1 2W=1 2U=1 2N=0 2G=0 2H=0 2A=1 2D=0 2R=0 2X=1 2L=0
WTX1 R=000000000C6A3000 V=0000000000400037 I=0000000000000000 TP=000000000C69A000 EP=000000000C69A000 E=000000000C69D027 CF=000000000C69D000 1P=1 1W=1 1U=1 1N=0 1G=0 1H=0 1A=1 1D=0 1R=0 1X=1 1L=1
WTXP V=0000000000400037 EQ=0 KE=0000000000400103 KF=0000000000400000 KP=1 KW=1 KU=0 KN=0 KG=1 KH=0 KA=0 KD=0 KR=0 KX=1 KL=1 TE=000000000C69D027 TF=000000000C69D000 TP=1 TW=1 TU=1 TN=0 TG=0 TH=0 TA=1 TD=0 TR=0 TX=1 TL=1
P10_RING3_ATTEMPT
P10_RFLAGS_IF_ON
P10_RING3_FRAME_PROOF FRSP=FFFFFFFF82005C38 RIP=0000000000400037 CS=0000000000000023 RF=0000000000000246 RSP=00000000007FFFB8 SS=000000000000001B BYTES=370040000000000023000000000000004602000000000000B8FF7F00000000001B00000000000000
P10_RING3_GATE_PROOF TR=0028 CTX0=FFFFFFFF82005C60 TSS0=FFFFFFFF82005C60 FCS=0000000000000023 FSS=000000000000001B IDTB=FFFFFFFF800E9FC0 IDTL=0000000000000FFF GPSEL=0008 GPIST=0000000000000000 GPTA=000000000000008F GPOFF=FFFFFFFF80016EF0 PFSEL=0008 PFIST=0000000000000000 PFTA=000000000000008F PFOFF=FFFFFFFF80016FA0
P10_RING3_COMMIT
P10_CR3_SWITCH
P10_RING3_ENTER
TrY[IRQ][SCH]
P12[[AYKEN_PERF_MB_EXTRACT_RAW]] epoch=3 candidate_pid=2 owner_last_epoch=3 ticks=27986014622 tick_valid=2
[[AYKEN_PERF_MB_EXTRACT_REASON]] name=epoch_stale ticks=27986233232 tick_valid=2
[[AYKEN_PERF_MB_PATH]] name=fallback phase=enter ticks=27986402650 tick_valid=2
[[AYKEN_PERF_MB_PATH]] name=fallback phase=exit ticks=27986569450 tick_valid=2
[[AYKEN_PERF_MB_REASON]] name=no_candidate ticks=27986730006 tick_valid=2
N12
MARK:PID=2
MARK:SW=U>U
MARK:IRET
P10_TEXT_ROOT_PROOF AC=000000000C6A3000 KC=000000000DE83000 TC=000000000C6A3000 RC=000000000C6A3000 RIP=0000000000400037 AP=0000000000400103 TP=000000000C69D027
P10_ROOT_FRAME_WITNESS phase=pre_dispatch root=000000000C6A3000 pte=0000000000000000 phys=000000000C6A3000 used=1 lo=000000000C69C027 hi=0000000000000000 hash=AB3F4A62FAEF25FC
P10_TEXT_FRAME_WITNESS phase=pre_dispatch root=000000000C6A3000 pte=000000000C69D027 phys=000000000C69D000 used=1 lo=4800700000C3C748 hi=8948C0FF4808438B hash=3B68EAFA86874C6F
WTX4 R=000000000C6A3000 V=0000000000400037 I=0000000000000000 TP=000000000C6A3000 EP=000000000C6A3000 E=000000000C69C027 CF=000000000C69C000 4P=1 4W=1 4U=1 4N=0 4G=0 4H=0 4A=1 4D=0 4R=0 4X=1 4L=0
WTX3 R=000000000C6A3000 V=0000000000400037 I=0000000000000000 TP=000000000C69C000 EP=000000000C69C000 E=000000000C69B027 CF=000000000C69B000 3P=1 3W=1 3U=1 3N=0 3G=0 3H=0 3A=1 3D=0 3R=0 3X=1 3L=0
WTX2 R=000000000C6A3000 V=0000000000400037 I=0000000000000002 TP=000000000C69B000 EP=000000000C69B000 E=000000000C69A027 CF=000000000C69A000 2P=1 2W=1 2U=1 2N=0 2G=0 2H=0 2A=1 2D=0 2R=0 2X=1 2L=0
WTX1 R=000000000C6A3000 V=0000000000400037 I=0000000000000000 TP=000000000C69A000 EP=000000000C69A000 E=000000000C69D027 CF=000000000C69D000 1P=1 1W=1 1U=1 1N=0 1G=0 1H=0 1A=1 1D=0 1R=0 1X=1 1L=1
WTXP V=0000000000400037 EQ=0 KE=0000000000400103 KF=0000000000400000 KP=1 KW=1 KU=0 KN=0 KG=1 KH=0 KA=0 KD=0 KR=0 KX=1 KL=1 TE=000000000C69D027 TF=000000000C69D000 TP=1 TW=1 TU=1 TN=0 TG=0 TH=0 TA=1 TD=0 TR=0 TX=1 TL=1
P10_RING3_ATTEMPT
P10_RFLAGS_IF_ON
P10_RING3_FRAME_PROOF FRSP=FFFFFFFF82005C38 RIP=0000000000400037 CS=0000000000000023 RF=0000000000000246 RSP=00000000007FFFB8 SS=000000000000001B BYTES=370040000000000023000000000000004602000000000000B8FF7F00000000001B00000000000000
P10_RING3_GATE_PROOF TR=0028 CTX0=FFFFFFFF82005C60 TSS0=FFFFFFFF82005C60 FCS=0000000000000023 FSS=000000000000001B IDTB=FFFFFFFF800E9FC0 IDTL=0000000000000FFF GPSEL=0008 GPIST=0000000000000000 GPTA=000000000000008F GPOFF=FFFFFFFF80016EF0 PFSEL=0008 PFIST=0000000000000000 PFTA=000000000000008F PFOFF=FFFFFFFF80016FA0
P10_RING3_COMMIT
P10_CR3_SWITCH
P10_RING3_ENTER
rY[IRQ][SCH]
P12[[AYKEN_PERF_MB_EXTRACT_RAW]] epoch=3 candidate_pid=2 owner_last_epoch=3 ticks=27992572224 tick_valid=2
[[AYKEN_PERF_MB_EXTRACT_REASON]] name=epoch_stale ticks=27992790028 tick_valid=2
[[AYKEN_PERF_MB_PATH]] name=fallback phase=enter ticks=27992959254 tick_valid=2
[[AYKEN_PERF_MB_PATH]] name=fallback phase=exit ticks=27993126180 tick_valid=2
[[AYKEN_PERF_MB_REASON]] name=no_candidate ticks=27993286598 tick_valid=2
N12
MARK:PID=2
MARK:SW=U>U
MARK:IRET
P10_TEXT_ROOT_PROOF AC=000000000C6A3000 KC=000000000DE83000 TC=000000000C6A3000 RC=000000000C6A3000 RIP=0000000000400037 AP=0000000000400103 TP=000000000C69D027
P10_ROOT_FRAME_WITNESS phase=pre_dispatch root=000000000C6A3000 pte=0000000000000000 phys=000000000C6A3000 used=1 lo=000000000C69C027 hi=0000000000000000 hash=AB3F4A62FAEF25FC
P10_TEXT_FRAME_WITNESS phase=pre_dispatch root=000000000C6A3000 pte=000000000C69D027 phys=000000000C69D000 used=1 lo=4800700000C3C748 hi=8948C0FF4808438B hash=3B68EAFA86874C6F
WTX4 R=000000000C6A3000 V=0000000000400037 I=0000000000000000 TP=000000000C6A3000 EP=000000000C6A3000 E=000000000C69C027 CF=000000000C69C000 4P=1 4W=1 4U=1 4N=0 4G=0 4H=0 4A=1 4D=0 4R=0 4X=1 4L=0
WTX3 R=000000000C6A3000 V=0000000000400037 I=0000000000000000 TP=000000000C69C000 EP=000000000C69C000 E=000000000C69B027 CF=000000000C69B000 3P=1 3W=1 3U=1 3N=0 3G=0 3H=0 3A=1 3D=0 3R=0 3X=1 3L=0
WTX2 R=000000000C6A3000 V=0000000000400037 I=0000000000000002 TP=000000000C69B000 EP=000000000C69B000 E=000000000C69A027 CF=000000000C69A000 2P=1 2W=1 2U=1 2N=0 2G=0 2H=0 2A=1 2D=0 2R=0 2X=1 2L=0
WTX1 R=000000000C6A3000 V=0000000000400037 I=0000000000000000 TP=000000000C69A000 EP=000000000C69A000 E=000000000C69D027 CF=000000000C69D000 1P=1 1W=1 1U=1 1N=0 1G=0 1H=0 1A=1 1D=0 1R=0 1X=1 1L=1
WTXP V=0000000000400037 EQ=0 KE=0000000000400103 KF=0000000000400000 KP=1 KW=1 KU=0 KN=0 KG=1 KH=0 KA=0 KD=0 KR=0 KX=1 KL=1 TE=000000000C69D027 TF=000000000C69D000 TP=1 TW=1 TU=1 TN=0 TG=0 TH=0 TA=1 TD=0 TR=0 TX=1 TL=1
P10_RING3_ATTEMPT
P10_RFLAGS_IF_ON
P10_RING3_FRAME_PROOF FRSP=FFFFFFFF82005C38 RIP=0000000000400037 CS=0000000000000023 RF=0000000000000246 RSP=00000000007FFFB8 SS=000000000000001B BYTES=370040000000000023000000000000004602000000000000B8FF7F00000000001B00000000000000
P10_RING3_GATE_PROOF TR=0028 CTX0=FFFFFFFF82005C60 TSS0=FFFFFFFF82005C60 FCS=0000000000000023 FSS=000000000000001B IDTB=FFFFFFFF800E9FC0 IDTL=0000000000000FFF GPSEL=0008 GPIST=0000000000000000 GPTA=000000000000008F GPOFF=FFFFFFFF80016EF0 PFSEL=0008 PFIST=0000000000000000 PFTA=000000000000008F PFOFF=FFFFFFFF80016FA0
P10_RING3_COMMIT
P10_CR3_SWITCH
P10_RING3_ENTER
TrY[IRQ][SCH]
P12[[AYKEN_PERF_MB_EXTRACT_RAW]] epoch=3 candidate_pid=2 owner_last_epoch=3 ticks=27998890438 tick_valid=2
[[AYKEN_PERF_MB_EXTRACT_REASON]] name=epoch_stale ticks=27999109174 tick_valid=2
[[AYKEN_PERF_MB_PATH]] name=fallback phase=enter ticks=27999277922 tick_valid=2
[[AYKEN_PERF_MB_PATH]] name=fallback phase=exit ticks=27999493110 tick_valid=2
[[AYKEN_PERF_MB_REASON]] name=no_candidate ticks=27999653980 tick_valid=2
N12
MARK:PID=2
MARK:SW=U>U
MARK:IRET
P10_TEXT_ROOT_PROOF AC=000000000C6A3000 KC=000000000DE83000 TC=000000000C6A3000 RC=000000000C6A3000 RIP=0000000000400037 AP=0000000000400103 TP=000000000C69D027
P10_ROOT_FRAME_WITNESS phase=pre_dispatch root=000000000C6A3000 pte=0000000000000000 phys=000000000C6A3000 used=1 lo=000000000C69C027 hi=0000000000000000 hash=AB3F4A62FAEF25FC
P10_TEXT_FRAME_WITNESS phase=pre_dispatch root=000000000C6A3000 pte=000000000C69D027 phys=000000000C69D000 used=1 lo=4800700000C3C748 hi=8948C0FF4808438B hash=3B68EAFA86874C6F
WTX4 R=000000000C6A3000 V=0000000000400037 I=0000000000000000 TP=000000000C6A3000 EP=000000000C6A3000 E=000000000C69C027 CF=000000000C69C000 4P=1 4W=1 4U=1 4N=0 4G=0 4H=0 4A=1 4D=0 4R=0 4X=1 4L=0
WTX3 R=000000000C6A3000 V=0000000000400037 I=0000000000000000 TP=000000000C69C000 EP=000000000C69C000 E=000000000C69B027 CF=000000000C69B000 3P=1 3W=1 3U=1 3N=0 3G=0 3H=0 3A=1 3D=0 3R=0 3X=1 3L=0
WTX2 R=000000000C6A3000 V=0000000000400037 I=0000000000000002 TP=000000000C69B000 EP=000000000C69B000 E=000000000C69A027 CF=000000000C69A000 2P=1 2W=1 2U=1 2N=0 2G=0 2H=0 2A=1 2D=0 2R=0 2X=1 2L=0
WTX1 R=000000000C6A3000 V=0000000000400037 I=0000000000000000 TP=000000000C69A000 EP=000000000C69A000 E=000000000C69D027 CF=000000000C69D000 1P=1 1W=1 1U=1 1N=0 1G=0 1H=0 1A=1 1D=0 1R=0 1X=1 1L=1
WTXP V=0000000000400037 EQ=0 KE=0000000000400103 KF=0000000000400000 KP=1 KW=1 KU=0 KN=0 KG=1 KH=0 KA=0 KD=0 KR=0 KX=1 KL=1 TE=000000000C69D027 TF=000000000C69D000 TP=1 TW=1 TU=1 TN=0 TG=0 TH=0 TA=1 TD=0 TR=0 TX=1 TL=1
P10_RING3_ATTEMPT
P10_RFLAGS_IF_ON
P10_RING3_FRAME_PROOF FRSP=FFFFFFFF82005C38 RIP=0000000000400037 CS=0000000000000023 RF=0000000000000246 RSP=00000000007FFFB8 SS=000000000000001B BYTES=370040000000000023000000000000004602000000000000B8FF7F00000000001B00000000000000
P10_RING3_GATE_PROOF TR=0028 CTX0=FFFFFFFF82005C60 TSS0=FFFFFFFF82005C60 FCS=0000000000000023 FSS=000000000000001B IDTB=FFFFFFFF800E9FC0 IDTL=0000000000000FFF GPSEL=0008 GPIST=0000000000000000 GPTA=000000000000008F GPOFF=FFFFFFFF80016EF0 PFSEL=0008 PFIST=0000000000000000 PFTA=000000000000008F PFOFF=FFFFFFFF80016FA0
P10_RING3_COMMIT
P10_CR3_SWITCH
P10_RING3_ENTER
rY[IRQ][SCH]
P12[[AYKEN_PERF_MB_EXTRACT_RAW]] epoch=3 candidate_pid=2 owner_last_epoch=3 ticks=28005102950 tick_valid=2
[[AYKEN_PERF_MB_EXTRACT_REASON]] name=epoch_stale ticks=28005320936 tick_valid=2
[[AYKEN_PERF_MB_PATH]] name=fallback phase=enter ticks=28005489670 tick_valid=2
[[AYKEN_PERF_MB_PATH]] name=fallback phase=exit ticks=28005680288 tick_valid=2
[[AYKEN_PERF_MB_REASON]] name=no_candidate ticks=28005840506 tick_valid=2
N12
MARK:PID=2
MARK:SW=U>U
MARK:IRET
P10_TEXT_ROOT_PROOF AC=000000000C6A3000 KC=000000000DE83000 TC=000000000C6A3000 RC=000000000C6A3000 RIP=0000000000400037 AP=0000000000400103 TP=000000000C69D027
P10_ROOT_FRAME_WITNESS phase=pre_dispatch root=000000000C6A3000 pte=0000000000000000 phys=000000000C6A3000 used=1 lo=000000000C69C027 hi=0000000000000000 hash=AB3F4A62FAEF25FC
P10_TEXT_FRAME_WITNESS phase=pre_dispatch root=000000000C6A3000 pte=000000000C69D027 phys=000000000C69D000 used=1 lo=4800700000C3C748 hi=8948C0FF4808438B hash=3B68EAFA86874C6F
WTX4 R=000000000C6A3000 V=0000000000400037 I=0000000000000000 TP=000000000C6A3000 EP=000000000C6A3000 E=000000000C69C027 CF=000000000C69C000 4P=1 4W=1 4U=1 4N=0 4G=0 4H=0 4A=1 4D=0 4R=0 4X=1 4L=0
WTX3 R=000000000C6A3000 V=0000000000400037 I=0000000000000000 TP=000000000C69C000 EP=000000000C69C000 E=000000000C69B027 CF=000000000C69B000 3P=1 3W=1 3U=1 3N=0 3G=0 3H=0 3A=1 3D=0 3R=0 3X=1 3L=0
WTX2 R=000000000C6A3000 V=0000000000400037 I=0000000000000002 TP=000000000C69B000 EP=000000000C69B000 E=000000000C69A027 CF=000000000C69A000 2P=1 2W=1 2U=1 2N=0 2G=0 2H=0 2A=1 2D=0 2R=0 2X=1 2L=0
WTX1 R=000000000C6A3000 V=0000000000400037 I=0000000000000000 TP=000000000C69A000 EP=000000000C69A000 E=000000000C69D027 CF=000000000C69D000 1P=1 1W=1 1U=1 1N=0 1G=0 1H=0 1A=1 1D=0 1R=0 1X=1 1L=1
WTXP V=0000000000400037 EQ=0 KE=0000000000400103 KF=0000000000400000 KP=1 KW=1 KU=0 KN=0 KG=1 KH=0 KA=0 KD=0 KR=0 KX=1 KL=1 TE=000000000C69D027 TF=000000000C69D000 TP=1 TW=1 TU=1 TN=0 TG=0 TH=0 TA=1 TD=0 TR=0 TX=1 TL=1
P10_RING3_ATTEMPT
P10_RFLAGS_IF_ON
P10_RING3_FRAME_PROOF FRSP=FFFFFFFF82005C38 RIP=0000000000400037 CS=0000000000000023 RF=0000000000000246 RSP=00000000007FFFB8 SS=000000000000001B BYTES=370040000000000023000000000000004602000000000000B8FF7F00000000001B00000000000000
P10_RING3_GATE_PROOF TR=0028 CTX0=FFFFFFFF82005C60 TSS0=FFFFFFFF82005C60 FCS=0000000000000023 FSS=000000000000001B IDTB=FFFFFFFF800E9FC0 IDTL=0000000000000FFF GPSEL=0008 GPIST=0000000000000000 GPTA=000000000000008F GPOFF=FFFFFFFF80016EF0 PFSEL=0008 PFIST=0000000000000000 PFTA=000000000000008F PFOFF=FFFFFFFF80016FA0
P10_RING3_COMMIT
P10_CR3_SWITCH
P10_RING3_ENTER
TrY[IRQ][SCH]
P12[[AYKEN_PERF_MB_EXTRACT_RAW]] epoch=3 candidate_pid=2 owner_last_epoch=3 ticks=28011451204 tick_valid=2
[[AYKEN_PERF_MB_EXTRACT_REASON]] name=epoch_stale ticks=28011670598 tick_valid=2
[[AYKEN_PERF_MB_PATH]] name=fallback phase=enter ticks=28011849498 tick_valid=2
[[AYKEN_PERF_MB_PATH]] name=fallback phase=exit ticks=28012069932 tick_valid=2
[[AYKEN_PERF_MB_REASON]] name=no_candidate ticks=28012231086 tick_valid=2
N12
MARK:PID=2
MARK:SW=U>U
MARK:IRET
P10_TEXT_ROOT_PROOF AC=000000000C6A3000 KC=000000000DE83000 TC=000000000C6A3000 RC=000000000C6A3000 RIP=0000000000400037 AP=0000000000400103 TP=000000000C69D027
P10_ROOT_FRAME_WITNESS phase=pre_dispatch root=000000000C6A3000 pte=0000000000000000 phys=000000000C6A3000 used=1 lo=000000000C69C027 hi=0000000000000000 hash=AB3F4A62FAEF25FC
P10_TEXT_FRAME_WITNESS phase=pre_dispatch root=000000000C6A3000 pte=000000000C69D027 phys=000000000C69D000 used=1 lo=4800700000C3C748 hi=8948C0FF4808438B hash=3B68EAFA86874C6F
WTX4 R=000000000C6A3000 V=0000000000400037 I=0000000000000000 TP=000000000C6A3000 EP=000000000C6A3000 E=000000000C69C027 CF=000000000C69C000 4P=1 4W=1 4U=1 4N=0 4G=0 4H=0 4A=1 4D=0 4R=0 4X=1 4L=0
WTX3 R=000000000C6A3000 V=0000000000400037 I=0000000000000000 TP=000000000C69C000 EP=000000000C69C000 E=000000000C69B027 CF=000000000C69B000 3P=1 3W=1 3U=1 3N=0 3G=0 3H=0 3A=1 3D=0 3R=0 3X=1 3L=0
WTX2 R=000000000C6A3000 V=0000000000400037 I=0000000000000002 TP=000000000C69B000 EP=000000000C69B000 E=000000000C69A027 CF=000000000C69A000 2P=1 2W=1 2U=1 2N=0 2G=0 2H=0 2A=1 2D=0 2R=0 2X=1 2L=0
WTX1 R=000000000C6A3000 V=0000000000400037 I=0000000000000000 TP=000000000C69A000 EP=000000000C69A000 E=000000000C69D027 CF=000000000C69D000 1P=1 1W=1 1U=1 1N=0 1G=0 1H=0 1A=1 1D=0 1R=0 1X=1 1L=1
WTXP V=0000000000400037 EQ=0 KE=0000000000400103 KF=0000000000400000 KP=1 KW=1 KU=0 KN=0 KG=1 KH=0 KA=0 KD=0 KR=0 KX=1 KL=1 TE=000000000C69D027 TF=000000000C69D000 TP=1 TW=1 TU=1 TN=0 TG=0 TH=0 TA=1 TD=0 TR=0 TX=1 TL=1
P10_RING3_ATTEMPT
P10_RFLAGS_IF_ON
P10_RING3_FRAME_PROOF FRSP=FFFFFFFF82005C38 RIP=0000000000400037 CS=0000000000000023 RF=0000000000000246 RSP=00000000007FFFB8 SS=000000000000001B BYTES=370040000000000023000000000000004602000000000000B8FF7F00000000001B00000000000000
P10_RING3_GATE_PROOF TR=0028 CTX0=FFFFFFFF82005C60 TSS0=FFFFFFFF82005C60 FCS=0000000000000023 FSS=000000000000001B IDTB=FFFFFFFF800E9FC0 IDTL=0000000000000FFF GPSEL=0008 GPIST=0000000000000000 GPTA=000000000000008F GPOFF=FFFFFFFF80016EF0 PFSEL=0008 PFIST=0000000000000000 PFTA=000000000000008F PFOFF=FFFFFFFF80016FA0
P10_RING3_COMMIT
P10_CR3_SWITCH
P10_RING3_ENTER
rY[IRQ][SCH]
P12[[AYKEN_PERF_MB_EXTRACT_RAW]] epoch=3 candidate_pid=2 owner_last_epoch=3 ticks=28018114262 tick_valid=2
[[AYKEN_PERF_MB_EXTRACT_REASON]] name=epoch_stale ticks=28018332962 tick_valid=2
[[AYKEN_PERF_MB_PATH]] name=fallback phase=enter ticks=28018503140 tick_valid=2
[[AYKEN_PERF_MB_PATH]] name=fallback phase=exit ticks=28018669146 tick_valid=2
[[AYKEN_PERF_MB_REASON]] name=no_candidate ticks=28018829994 tick_valid=2
N12
MARK:PID=2
MARK:SW=U>U
MARK:IRET
P10_TEXT_ROOT_PROOF AC=000000000C6A3000 KC=000000000DE83000 TC=000000000C6A3000 RC=000000000C6A3000 RIP=0000000000400037 AP=0000000000400103 TP=000000000C69D027
P10_ROOT_FRAME_WITNESS phase=pre_dispatch root=000000000C6A3000 pte=0000000000000000 phys=000000000C6A3000 used=1 lo=000000000C69C027 hi=0000000000000000 hash=AB3F4A62FAEF25FC
P10_TEXT_FRAME_WITNESS phase=pre_dispatch root=000000000C6A3000 pte=000000000C69D027 phys=000000000C69D000 used=1 lo=4800700000C3C748 hi=8948C0FF4808438B hash=3B68EAFA86874C6F
WTX4 R=000000000C6A3000 V=0000000000400037 I=0000000000000000 TP=000000000C6A3000 EP=000000000C6A3000 E=000000000C69C027 CF=000000000C69C000 4P=1 4W=1 4U=1 4N=0 4G=0 4H=0 4A=1 4D=0 4R=0 4X=1 4L=0
WTX3 R=000000000C6A3000 V=0000000000400037 I=0000000000000000 TP=000000000C69C000 EP=000000000C69C000 E=000000000C69B027 CF=000000000C69B000 3P=1 3W=1 3U=1 3N=0 3G=0 3H=0 3A=1 3D=0 3R=0 3X=1 3L=0
WTX2 R=000000000C6A3000 V=0000000000400037 I=0000000000000002 TP=000000000C69B000 EP=000000000C69B000 E=000000000C69A027 CF=000000000C69A000 2P=1 2W=1 2U=1 2N=0 2G=0 2H=0 2A=1 2D=0 2R=0 2X=1 2L=0
WTX1 R=000000000C6A3000 V=0000000000400037 I=0000000000000000 TP=000000000C69A000 EP=000000000C69A000 E=000000000C69D027 CF=000000000C69D000 1P=1 1W=1 1U=1 1N=0 1G=0 1H=0 1A=1 1D=0 1R=0 1X=1 1L=1
WTXP V=0000000000400037 EQ=0 KE=0000000000400103 KF=0000000000400000 KP=1 KW=1 KU=0 KN=0 KG=1 KH=0 KA=0 KD=0 KR=0 KX=1 KL=1 TE=000000000C69D027 TF=000000000C69D000 TP=1 TW=1 TU=1 TN=0 TG=0 TH=0 TA=1 TD=0 TR=0 TX=1 TL=1
P10_RING3_ATTEMPT
P10_RFLAGS_IF_ON
P10_RING3_FRAME_PROOF FRSP=FFFFFFFF82005C38 RIP=0000000000400037 CS=0000000000000023 RF=0000000000000246 RSP=00000000007FFFB8 SS=000000000000001B BYTES=370040000000000023000000000000004602000000000000B8FF7F00000000001B00000000000000
P10_RING3_GATE_PROOF TR=0028 CTX0=FFFFFFFF82005C60 TSS0=FFFFFFFF82005C60 FCS=0000000000000023 FSS=000000000000001B IDTB=FFFFFFFF800E9FC0 IDTL=0000000000000FFF GPSEL=0008 GPIST=0000000000000000 GPTA=000000000000008F GPOFF=FFFFFFFF80016EF0 PFSEL=0008 PFIST=0000000000000000 PFTA=000000000000008F PFOFF=FFFFFFFF80016FA0
P10_RING3_COMMIT
P10_CR3_SWITCH
P10_RING3_ENTER
TrY[IRQ][SCH]
P12[[AYKEN_PERF_MB_EXTRACT_RAW]] epoch=3 candidate_pid=2 owner_last_epoch=3 ticks=28024402140 tick_valid=2
[[AYKEN_PERF_MB_EXTRACT_REASON]] name=epoch_stale ticks=28024691164 tick_valid=2
[[AYKEN_PERF_MB_PATH]] name=fallback phase=enter ticks=28024860104 tick_valid=2
[[AYKEN_PERF_MB_PATH]] name=fallback phase=exit ticks=28025026274 tick_valid=2
[[AYKEN_PERF_MB_REASON]] name=no_candidate ticks=28025212898 tick_valid=2
N12
MARK:PID=2
MARK:SW=U>U
MARK:IRET
P10_TEXT_ROOT_PROOF AC=000000000C6A3000 KC=000000000DE83000 TC=000000000C6A3000 RC=000000000C6A3000 RIP=0000000000400037 AP=0000000000400103 TP=000000000C69D027
P10_ROOT_FRAME_WITNESS phase=pre_dispatch root=000000000C6A3000 pte=0000000000000000 phys=000000000C6A3000 used=1 lo=000000000C69C027 hi=0000000000000000 hash=AB3F4A62FAEF25FC
P10_TEXT_FRAME_WITNESS phase=pre_dispatch root=000000000C6A3000 pte=000000000C69D027 phys=000000000C69D000 used=1 lo=4800700000C3C748 hi=8948C0FF4808438B hash=3B68EAFA86874C6F
WTX4 R=000000000C6A3000 V=0000000000400037 I=0000000000000000 TP=000000000C6A3000 EP=000000000C6A3000 E=000000000C69C027 CF=000000000C69C000 4P=1 4W=1 4U=1 4N=0 4G=0 4H=0 4A=1 4D=0 4R=0 4X=1 4L=0
WTX3 R=000000000C6A3000 V=0000000000400037 I=0000000000000000 TP=000000000C69C000 EP=000000000C69C000 E=000000000C69B027 CF=000000000C69B000 3P=1 3W=1 3U=1 3N=0 3G=0 3H=0 3A=1 3D=0 3R=0 3X=1 3L=0
WTX2 R=000000000C6A3000 V=0000000000400037 I=0000000000000002 TP=000000000C69B000 EP=000000000C69B000 E=000000000C69A027 CF=000000000C69A000 2P=1 2W=1 2U=1 2N=0 2G=0 2H=0 2A=1 2D=0 2R=0 2X=1 2L=0
WTX1 R=000000000C6A3000 V=0000000000400037 I=0000000000000000 TP=000000000C69A000 EP=000000000C69A000 E=000000000C69D027 CF=000000000C69D000 1P=1 1W=1 1U=1 1N=0 1G=0 1H=0 1A=1 1D=0 1R=0 1X=1 1L=1
WTXP V=0000000000400037 EQ=0 KE=0000000000400103 KF=0000000000400000 KP=1 KW=1 KU=0 KN=0 KG=1 KH=0 KA=0 KD=0 KR=0 KX=1 KL=1 TE=000000000C69D027 TF=000000000C69D000 TP=1 TW=1 TU=1 TN=0 TG=0 TH=0 TA=1 TD=0 TR=0 TX=1 TL=1
P10_RING3_ATTEMPT
P10_RFLAGS_IF_ON
P10_RING3_FRAME_PROOF FRSP=FFFFFFFF82005C38 RIP=0000000000400037 CS=0000000000000023 RF=0000000000000246 RSP=00000000007FFFB8 SS=000000000000001B BYTES=370040000000000023000000000000004602000000000000B8FF7F00000000001B00000000000000
P10_RING3_GATE_PROOF TR=0028 CTX0=FFFFFFFF82005C60 TSS0=FFFFFFFF82005C60 FCS=0000000000000023 FSS=000000000000001B IDTB=FFFFFFFF800E9FC0 IDTL=0000000000000FFF GPSEL=0008 GPIST=0000000000000000 GPTA=000000000000008F GPOFF=FFFFFFFF80016EF0 PFSEL=0008 PFIST=0000000000000000 PFTA=000000000000008F PFOFF=FFFFFFFF80016FA0
P10_RING3_COMMIT
P10_CR3_SWITCH
P10_RING3_ENTER
rY[IRQ][SCH]
P12[[AYKEN_PERF_MB_EXTRACT_RAW]] epoch=3 candidate_pid=2 owner_last_epoch=3 ticks=28030734004 tick_valid=2
[[AYKEN_PERF_MB_EXTRACT_REASON]] name=epoch_stale ticks=28030952062 tick_valid=2
[[AYKEN_PERF_MB_PATH]] name=fallback phase=enter ticks=28031120768 tick_valid=2
[[AYKEN_PERF_MB_PATH]] name=fallback phase=exit ticks=28031286122 tick_valid=2
[[AYKEN_PERF_MB_REASON]] name=no_candidate ticks=28031446314 tick_valid=2
N12
MARK:PID=2
MARK:SW=U>U
MARK:IRET
P10_TEXT_ROOT_PROOF AC=000000000C6A3000 KC=000000000DE83000 TC=000000000C6A3000 RC=000000000C6A3000 RIP=0000000000400037 AP=0000000000400103 TP=000000000C69D027
P10_ROOT_FRAME_WITNESS phase=pre_dispatch root=000000000C6A3000 pte=0000000000000000 phys=000000000C6A3000 used=1 lo=000000000C69C027 hi=0000000000000000 hash=AB3F4A62FAEF25FC
P10_TEXT_FRAME_WITNESS phase=pre_dispatch root=000000000C6A3000 pte=000000000C69D027 phys=000000000C69D000 used=1 lo=4800700000C3C748 hi=8948C0FF4808438B hash=3B68EAFA86874C6F
WTX4 R=000000000C6A3000 V=0000000000400037 I=0000000000000000 TP=000000000C6A3000 EP=000000000C6A3000 E=000000000C69C027 CF=000000000C69C000 4P=1 4W=1 4U=1 4N=0 4G=0 4H=0 4A=1 4D=0 4R=0 4X=1 4L=0
WTX3 R=000000000C6A3000 V=0000000000400037 I=0000000000000000 TP=000000000C69C000 EP=000000000C69C000 E=000000000C69B027 CF=000000000C69B000 3P=1 3W=1 3U=1 3N=0 3G=0 3H=0 3A=1 3D=0 3R=0 3X=1 3L=0
WTX2 R=000000000C6A3000 V=0000000000400037 I=0000000000000002 TP=000000000C69B000 EP=000000000C69B000 E=000000000C69A027 CF=000000000C69A000 2P=1 2W=1 2U=1 2N=0 2G=0 2H=0 2A=1 2D=0 2R=0 2X=1 2L=0
WTX1 R=000000000C6A3000 V=0000000000400037 I=0000000000000000 TP=000000000C69A000 EP=000000000C69A000 E=000000000C69D027 CF=000000000C69D000 1P=1 1W=1 1U=1 1N=0 1G=0 1H=0 1A=1 1D=0 1R=0 1X=1 1L=1
WTXP V=0000000000400037 EQ=0 KE=0000000000400103 KF=0000000000400000 KP=1 KW=1 KU=0 KN=0 KG=1 KH=0 KA=0 KD=0 KR=0 KX=1 KL=1 TE=000000000C69D027 TF=000000000C69D000 TP=1 TW=1 TU=1 TN=0 TG=0 TH=0 TA=1 TD=0 TR=0 TX=1 TL=1
P10_RING3_ATTEMPT
P10_RFLAGS_IF_ON
P10_RING3_FRAME_PROOF FRSP=FFFFFFFF82005C38 RIP=0000000000400037 CS=0000000000000023 RF=0000000000000246 RSP=00000000007FFFB8 SS=000000000000001B BYTES=370040000000000023000000000000004602000000000000B8FF7F00000000001B00000000000000
P10_RING3_GATE_PROOF TR=0028 CTX0=FFFFFFFF82005C60 TSS0=FFFFFFFF82005C60 FCS=0000000000000023 FSS=000000000000001B IDTB=FFFFFFFF800E9FC0 IDTL=0000000000000FFF GPSEL=0008 GPIST=0000000000000000 GPTA=000000000000008F GPOFF=FFFFFFFF80016EF0 PFSEL=0008 PFIST=0000000000000000 PFTA=000000000000008F PFOFF=FFFFFFFF80016FA0
P10_RING3_COMMIT
P10_CR3_SWITCH
P10_RING3_ENTER
TrY[IRQ][SCH]
P12[[AYKEN_PERF_MB_EXTRACT_RAW]] epoch=3 candidate_pid=2 owner_last_epoch=3 ticks=28037319150 tick_valid=2
[[AYKEN_PERF_MB_EXTRACT_REASON]] name=epoch_stale ticks=28037537196 tick_valid=2
[[AYKEN_PERF_MB_PATH]] name=fallback phase=enter ticks=28037706954 tick_valid=2
[[AYKEN_PERF_MB_PATH]] name=fallback phase=exit ticks=28037872710 tick_valid=2
[[AYKEN_PERF_MB_REASON]] name=no_candidate ticks=28038032840 tick_valid=2
N12
MARK:PID=2
MARK:SW=U>U
MARK:IRET
P10_TEXT_ROOT_PROOF AC=000000000C6A3000 KC=000000000DE83000 TC=000000000C6A3000 RC=000000000C6A3000 RIP=0000000000400037 AP=0000000000400103 TP=000000000C69D027
P10_ROOT_FRAME_WITNESS phase=pre_dispatch root=000000000C6A3000 pte=0000000000000000 phys=000000000C6A3000 used=1 lo=000000000C69C027 hi=0000000000000000 hash=AB3F4A62FAEF25FC
P10_TEXT_FRAME_WITNESS phase=pre_dispatch root=000000000C6A3000 pte=000000000C69D027 phys=000000000C69D000 used=1 lo=4800700000C3C748 hi=8948C0FF4808438B hash=3B68EAFA86874C6F
WTX4 R=000000000C6A3000 V=0000000000400037 I=0000000000000000 TP=000000000C6A3000 EP=000000000C6A3000 E=000000000C69C027 CF=000000000C69C000 4P=1 4W=1 4U=1 4N=0 4G=0 4H=0 4A=1 4D=0 4R=0 4X=1 4L=0
WTX3 R=000000000C6A3000 V=0000000000400037 I=0000000000000000 TP=000000000C69C000 EP=000000000C69C000 E=000000000C69B027 CF=000000000C69B000 3P=1 3W=1 3U=1 3N=0 3G=0 3H=0 3A=1 3D=0 3R=0 3X=1 3L=0
WTX2 R=000000000C6A3000 V=0000000000400037 I=0000000000000002 TP=000000000C69B000 EP=000000000C69B000 E=000000000C69A027 CF=000000000C69A000 2P=1 2W=1 2U=1 2N=0 2G=0 2H=0 2A=1 2D=0 2R=0 2X=1 2L=0
WTX1 R=000000000C6A3000 V=0000000000400037 I=0000000000000000 TP=000000000C69A000 EP=000000000C69A000 E=000000000C69D027 CF=000000000C69D000 1P=1 1W=1 1U=1 1N=0 1G=0 1H=0 1A=1 1D=0 1R=0 1X=1 1L=1
WTXP V=0000000000400037 EQ=0 KE=0000000000400103 KF=0000000000400000 KP=1 KW=1 KU=0 KN=0 KG=1 KH=0 KA=0 KD=0 KR=0 KX=1 KL=1 TE=000000000C69D027 TF=000000000C69D000 TP=1 TW=1 TU=1 TN=0 TG=0 TH=0 TA=1 TD=0 TR=0 TX=1 TL=1
P10_RING3_ATTEMPT
P10_RFLAGS_IF_ON
P10_RING3_FRAME_PROOF FRSP=FFFFFFFF82005C38 RIP=0000000000400037 CS=0000000000000023 RF=0000000000000246 RSP=00000000007FFFB8 SS=000000000000001B BYTES=370040000000000023000000000000004602000000000000B8FF7F00000000001B00000000000000
P10_RING3_GATE_PROOF TR=0028 CTX0=FFFFFFFF82005C60 TSS0=FFFFFFFF82005C60 FCS=0000000000000023 FSS=000000000000001B IDTB=FFFFFFFF800E9FC0 IDTL=0000000000000FFF GPSEL=0008 GPIST=0000000000000000 GPTA=000000000000008F GPOFF=FFFFFFFF80016EF0 PFSEL=0008 PFIST=0000000000000000 PFTA=000000000000008F PFOFF=FFFFFFFF80016FA0
P10_RING3_COMMIT
P10_CR3_SWITCH
P10_RING3_ENTER
rY[IRQ][SCH]
P12[[AYKEN_PERF_MB_EXTRACT_RAW]] epoch=3 candidate_pid=2 owner_last_epoch=3 ticks=28043569174 tick_valid=2
[[AYKEN_PERF_MB_EXTRACT_REASON]] name=epoch_stale ticks=28043787236 tick_valid=2
[[AYKEN_PERF_MB_PATH]] name=fallback phase=enter ticks=28043955840 tick_valid=2
[[AYKEN_PERF_MB_PATH]] name=fallback phase=exit ticks=28044182314 tick_valid=2
[[AYKEN_PERF_MB_REASON]] name=no_candidate ticks=28044342830 tick_valid=2
N12
MARK:PID=2
MARK:SW=U>U
MARK:IRET
P10_TEXT_ROOT_PROOF AC=000000000C6A3000 KC=000000000DE83000 TC=000000000C6A3000 RC=000000000C6A3000 RIP=0000000000400037 AP=0000000000400103 TP=000000000C69D027
P10_ROOT_FRAME_WITNESS phase=pre_dispatch root=000000000C6A3000 pte=0000000000000000 phys=000000000C6A3000 used=1 lo=000000000C69C027 hi=0000000000000000 hash=AB3F4A62FAEF25FC
P10_TEXT_FRAME_WITNESS phase=pre_dispatch root=000000000C6A3000 pte=000000000C69D027 phys=000000000C69D000 used=1 lo=4800700000C3C748 hi=8948C0FF4808438B hash=3B68EAFA86874C6F
WTX4 R=000000000C6A3000 V=0000000000400037 I=0000000000000000 TP=000000000C6A3000 EP=000000000C6A3000 E=000000000C69C027 CF=000000000C69C000 4P=1 4W=1 4U=1 4N=0 4G=0 4H=0 4A=1 4D=0 4R=0 4X=1 4L=0
WTX3 R=000000000C6A3000 V=0000000000400037 I=0000000000000000 TP=000000000C69C000 EP=000000000C69C000 E=000000000C69B027 CF=000000000C69B000 3P=1 3W=1 3U=1 3N=0 3G=0 3H=0 3A=1 3D=0 3R=0 3X=1 3L=0
WTX2 R=000000000C6A3000 V=0000000000400037 I=0000000000000002 TP=000000000C69B000 EP=000000000C69B000 E=000000000C69A027 CF=000000000C69A000 2P=1 2W=1 2U=1 2N=0 2G=0 2H=0 2A=1 2D=0 2R=0 2X=1 2L=0
WTX1 R=000000000C6A3000 V=0000000000400037 I=0000000000000000 TP=000000000C69A000 EP=000000000C69A000 E=000000000C69D027 CF=000000000C69D000 1P=1 1W=1 1U=1 1N=0 1G=0 1H=0 1A=1 1D=0 1R=0 1X=1 1L=1
WTXP V=0000000000400037 EQ=0 KE=0000000000400103 KF=0000000000400000 KP=1 KW=1 KU=0 KN=0 KG=1 KH=0 KA=0 KD=0 KR=0 KX=1 KL=1 TE=000000000C69D027 TF=000000000C69D000 TP=1 TW=1 TU=1 TN=0 TG=0 TH=0 TA=1 TD=0 TR=0 TX=1 TL=1
P10_RING3_ATTEMPT
P10_RFLAGS_IF_ON
P10_RING3_FRAME_PROOF FRSP=FFFFFFFF82005C38 RIP=0000000000400037 CS=0000000000000023 RF=0000000000000246 RSP=00000000007FFFB8 SS=000000000000001B BYTES=370040000000000023000000000000004602000000000000B8FF7F00000000001B00000000000000
P10_RING3_GATE_PROOF TR=0028 CTX0=FFFFFFFF82005C60 TSS0=FFFFFFFF82005C60 FCS=0000000000000023 FSS=000000000000001B IDTB=FFFFFFFF800E9FC0 IDTL=0000000000000FFF GPSEL=0008 GPIST=0000000000000000 GPTA=000000000000008F GPOFF=FFFFFFFF80016EF0 PFSEL=0008 PFIST=0000000000000000 PFTA=000000000000008F PFOFF=FFFFFFFF80016FA0
P10_RING3_COMMIT
P10_CR3_SWITCH
P10_RING3_ENTER
TrY[IRQ][SCH]
P12[[AYKEN_PERF_MB_EXTRACT_RAW]] epoch=3 candidate_pid=2 owner_last_epoch=3 ticks=28050076266 tick_valid=2
[[AYKEN_PERF_MB_EXTRACT_REASON]] name=epoch_stale ticks=28050320526 tick_valid=2
[[AYKEN_PERF_MB_PATH]] name=fallback phase=enter ticks=28050490114 tick_valid=2
[[AYKEN_PERF_MB_PATH]] name=fallback phase=exit ticks=28050655850 tick_valid=2
[[AYKEN_PERF_MB_REASON]] name=no_candidate ticks=28050816358 tick_valid=2
N12
MARK:PID=2
MARK:SW=U>U
MARK:IRET
P10_TEXT_ROOT_PROOF AC=000000000C6A3000 KC=000000000DE83000 TC=000000000C6A3000 RC=000000000C6A3000 RIP=0000000000400037 AP=0000000000400103 TP=000000000C69D027
P10_ROOT_FRAME_WITNESS phase=pre_dispatch root=000000000C6A3000 pte=0000000000000000 phys=000000000C6A3000 used=1 lo=000000000C69C027 hi=0000000000000000 hash=AB3F4A62FAEF25FC
P10_TEXT_FRAME_WITNESS phase=pre_dispatch root=000000000C6A3000 pte=000000000C69D027 phys=000000000C69D000 used=1 lo=4800700000C3C748 hi=8948C0FF4808438B hash=3B68EAFA86874C6F
WTX4 R=000000000C6A3000 V=0000000000400037 I=0000000000000000 TP=000000000C6A3000 EP=000000000C6A3000 E=000000000C69C027 CF=000000000C69C000 4P=1 4W=1 4U=1 4N=0 4G=0 4H=0 4A=1 4D=0 4R=0 4X=1 4L=0
WTX3 R=000000000C6A3000 V=0000000000400037 I=0000000000000000 TP=000000000C69C000 EP=000000000C69C000 E=000000000C69B027 CF=000000000C69B000 3P=1 3W=1 3U=1 3N=0 3G=0 3H=0 3A=1 3D=0 3R=0 3X=1 3L=0
WTX2 R=000000000C6A3000 V=0000000000400037 I=0000000000000002 TP=000000000C69B000 EP=000000000C69B000 E=000000000C69A027 CF=000000000C69A000 2P=1 2W=1 2U=1 2N=0 2G=0 2H=0 2A=1 2D=0 2R=0 2X=1 2L=0
WTX1 R=000000000C6A3000 V=0000000000400037 I=0000000000000000 TP=000000000C69A000 EP=000000000C69A000 E=000000000C69D027 CF=000000000C69D000 1P=1 1W=1 1U=1 1N=0 1G=0 1H=0 1A=1 1D=0 1R=0 1X=1 1L=1
WTXP V=0000000000400037 EQ=0 KE=0000000000400103 KF=0000000000400000 KP=1 KW=1 KU=0 KN=0 KG=1 KH=0 KA=0 KD=0 KR=0 KX=1 KL=1 TE=000000000C69D027 TF=000000000C69D000 TP=1 TW=1 TU=1 TN=0 TG=0 TH=0 TA=1 TD=0 TR=0 TX=1 TL=1
P10_RING3_ATTEMPT
P10_RFLAGS_IF_ON
P10_RING3_FRAME_PROOF FRSP=FFFFFFFF82005C38 RIP=0000000000400037 CS=0000000000000023 RF=0000000000000246 RSP=00000000007FFFB8 SS=000000000000001B BYTES=370040000000000023000000000000004602000000000000B8FF7F00000000001B00000000000000
P10_RING3_GATE_PROOF TR=0028 CTX0=FFFFFFFF82005C60 TSS0=FFFFFFFF82005C60 FCS=0000000000000023 FSS=000000000000001B IDTB=FFFFFFFF800E9FC0 IDTL=0000000000000FFF GPSEL=0008 GPIST=0000000000000000 GPTA=000000000000008F GPOFF=FFFFFFFF80016EF0 PFSEL=0008 PFIST=0000000000000000 PFTA=000000000000008F PFOFF=FFFFFFFF80016FA0
P10_RING3_COMMIT
P10_CR3_SWITCH
P10_RING3_ENTER
rY[IRQ][SCH]
P12[[AYKEN_PERF_MB_EXTRACT_RAW]] epoch=3 candidate_pid=2 owner_last_epoch=3 ticks=28056370818 tick_valid=2
[[AYKEN_PERF_MB_EXTRACT_REASON]] name=epoch_stale ticks=28056588744 tick_valid=2
[[AYKEN_PERF_MB_PATH]] name=fallback phase=enter ticks=28056848148 tick_valid=2
[[AYKEN_PERF_MB_PATH]] name=fallback phase=exit ticks=28057013998 tick_valid=2
[[AYKEN_PERF_MB_REASON]] name=no_candidate ticks=28057173906 tick_valid=2
N12
MARK:PID=2
MARK:SW=U>U
MARK:IRET
P10_TEXT_ROOT_PROOF AC=000000000C6A3000 KC=000000000DE83000 TC=000000000C6A3000 RC=000000000C6A3000 RIP=0000000000400037 AP=0000000000400103 TP=000000000C69D027
P10_ROOT_FRAME_WITNESS phase=pre_dispatch root=000000000C6A3000 pte=0000000000000000 phys=000000000C6A3000 used=1 lo=000000000C69C027 hi=0000000000000000 hash=AB3F4A62FAEF25FC
P10_TEXT_FRAME_WITNESS phase=pre_dispatch root=000000000C6A3000 pte=000000000C69D027 phys=000000000C69D000 used=1 lo=4800700000C3C748 hi=8948C0FF4808438B hash=3B68EAFA86874C6F
WTX4 R=000000000C6A3000 V=0000000000400037 I=0000000000000000 TP=000000000C6A3000 EP=000000000C6A3000 E=000000000C69C027 CF=000000000C69C000 4P=1 4W=1 4U=1 4N=0 4G=0 4H=0 4A=1 4D=0 4R=0 4X=1 4L=0
WTX3 R=000000000C6A3000 V=0000000000400037 I=0000000000000000 TP=000000000C69C000 EP=000000000C69C000 E=000000000C69B027 CF=000000000C69B000 3P=1 3W=1 3U=1 3N=0 3G=0 3H=0 3A=1 3D=0 3R=0 3X=1 3L=0
WTX2 R=000000000C6A3000 V=0000000000400037 I=0000000000000002 TP=000000000C69B000 EP=000000000C69B000 E=000000000C69A027 CF=000000000C69A000 2P=1 2W=1 2U=1 2N=0 2G=0 2H=0 2A=1 2D=0 2R=0 2X=1 2L=0
WTX1 R=000000000C6A3000 V=0000000000400037 I=0000000000000000 TP=000000000C69A000 EP=000000000C69A000 E=000000000C69D027 CF=000000000C69D000 1P=1 1W=1 1U=1 1N=0 1G=0 1H=0 1A=1 1D=0 1R=0 1X=1 1L=1
WTXP V=0000000000400037 EQ=0 KE=0000000000400103 KF=0000000000400000 KP=1 KW=1 KU=0 KN=0 KG=1 KH=0 KA=0 KD=0 KR=0 KX=1 KL=1 TE=000000000C69D027 TF=000000000C69D000 TP=1 TW=1 TU=1 TN=0 TG=0 TH=0 TA=1 TD=0 TR=0 TX=1 TL=1
P10_RING3_ATTEMPT
P10_RFLAGS_IF_ON
P10_RING3_FRAME_PROOF FRSP=FFFFFFFF82005C38 RIP=0000000000400037 CS=0000000000000023 RF=0000000000000246 RSP=00000000007FFFB8 SS=000000000000001B BYTES=370040000000000023000000000000004602000000000000B8FF7F00000000001B00000000000000
P10_RING3_GATE_PROOF TR=0028 CTX0=FFFFFFFF82005C60 TSS0=FFFFFFFF82005C60 FCS=0000000000000023 FSS=000000000000001B IDTB=FFFFFFFF800E9FC0 IDTL=0000000000000FFF GPSEL=0008 GPIST=0000000000000000 GPTA=000000000000008F GPOFF=FFFFFFFF80016EF0 PFSEL=0008 PFIST=0000000000000000 PFTA=000000000000008F PFOFF=FFFFFFFF80016FA0
P10_RING3_COMMIT
P10_CR3_SWITCH
P10_RING3_ENTER
TrY[IRQ][SCH]
P12[[AYKEN_PERF_MB_EXTRACT_RAW]] epoch=3 candidate_pid=2 owner_last_epoch=3 ticks=28062634048 tick_valid=2
[[AYKEN_PERF_MB_EXTRACT_REASON]] name=epoch_stale ticks=28062852174 tick_valid=2
[[AYKEN_PERF_MB_PATH]] name=fallback phase=enter ticks=28063020556 tick_valid=2
[[AYKEN_PERF_MB_PATH]] name=fallback phase=exit ticks=28063185382 tick_valid=2
[[AYKEN_PERF_MB_REASON]] name=no_candidate ticks=28063345230 tick_valid=2
N12
MARK:PID=2
MARK:SW=U>U
MARK:IRET
P10_TEXT_ROOT_PROOF AC=000000000C6A3000 KC=000000000DE83000 TC=000000000C6A3000 RC=000000000C6A3000 RIP=0000000000400037 AP=0000000000400103 TP=000000000C69D027
P10_ROOT_FRAME_WITNESS phase=pre_dispatch root=000000000C6A3000 pte=0000000000000000 phys=000000000C6A3000 used=1 lo=000000000C69C027 hi=0000000000000000 hash=AB3F4A62FAEF25FC
P10_TEXT_FRAME_WITNESS phase=pre_dispatch root=000000000C6A3000 pte=000000000C69D027 phys=000000000C69D000 used=1 lo=4800700000C3C748 hi=8948C0FF4808438B hash=3B68EAFA86874C6F
WTX4 R=000000000C6A3000 V=0000000000400037 I=0000000000000000 TP=000000000C6A3000 EP=000000000C6A3000 E=000000000C69C027 CF=000000000C69C000 4P=1 4W=1 4U=1 4N=0 4G=0 4H=0 4A=1 4D=0 4R=0 4X=1 4L=0
WTX3 R=000000000C6A3000 V=0000000000400037 I=0000000000000000 TP=000000000C69C000 EP=000000000C69C000 E=000000000C69B027 CF=000000000C69B000 3P=1 3W=1 3U=1 3N=0 3G=0 3H=0 3A=1 3D=0 3R=0 3X=1 3L=0
WTX2 R=000000000C6A3000 V=0000000000400037 I=0000000000000002 TP=000000000C69B000 EP=000000000C69B000 E=000000000C69A027 CF=000000000C69A000 2P=1 2W=1 2U=1 2N=0 2G=0 2H=0 2A=1 2D=0 2R=0 2X=1 2L=0
WTX1 R=000000000C6A3000 V=0000000000400037 I=0000000000000000 TP=000000000C69A000 EP=000000000C69A000 E=000000000C69D027 CF=000000000C69D000 1P=1 1W=1 1U=1 1N=0 1G=0 1H=0 1A=1 1D=0 1R=0 1X=1 1L=1
WTXP V=0000000000400037 EQ=0 KE=0000000000400103 KF=0000000000400000 KP=1 KW=1 KU=0 KN=0 KG=1 KH=0 KA=0 KD=0 KR=0 KX=1 KL=1 TE=000000000C69D027 TF=000000000C69D000 TP=1 TW=1 TU=1 TN=0 TG=0 TH=0 TA=1 TD=0 TR=0 TX=1 TL=1
P10_RING3_ATTEMPT
P10_RFLAGS_IF_ON
P10_RING3_FRAME_PROOF FRSP=FFFFFFFF82005C38 RIP=0000000000400037 CS=0000000000000023 RF=0000000000000246 RSP=00000000007FFFB8 SS=000000000000001B BYTES=370040000000000023000000000000004602000000000000B8FF7F00000000001B00000000000000
P10_RING3_GATE_PROOF TR=0028 CTX0=FFFFFFFF82005C60 TSS0=FFFFFFFF82005C60 FCS=0000000000000023 FSS=000000000000001B IDTB=FFFFFFFF800E9FC0 IDTL=0000000000000FFF GPSEL=0008 GPIST=0000000000000000 GPTA=000000000000008F GPOFF=FFFFFFFF80016EF0 PFSEL=0008 PFIST=0000000000000000 PFTA=000000000000008F PFOFF=FFFFFFFF80016FA0
P10_RING3_COMMIT
P10_CR3_SWITCH
P10_RING3_ENTER
rY[IRQ][SCH]
P12[[AYKEN_PERF_MB_EXTRACT_RAW]] epoch=3 candidate_pid=2 owner_last_epoch=3 ticks=28069152600 tick_valid=2
[[AYKEN_PERF_MB_EXTRACT_REASON]] name=epoch_stale ticks=28069478502 tick_valid=2
[[AYKEN_PERF_MB_PATH]] name=fallback phase=enter ticks=28069647150 tick_valid=2
[[AYKEN_PERF_MB_PATH]] name=fallback phase=exit ticks=28069836142 tick_valid=2
[[AYKEN_PERF_MB_REASON]] name=no_candidate ticks=28069996404 tick_valid=2
N12
MARK:PID=2
MARK:SW=U>U
MARK:IRET
P10_TEXT_ROOT_PROOF AC=000000000C6A3000 KC=000000000DE83000 TC=000000000C6A3000 RC=000000000C6A3000 RIP=0000000000400037 AP=0000000000400103 TP=000000000C69D027
P10_ROOT_FRAME_WITNESS phase=pre_dispatch root=000000000C6A3000 pte=0000000000000000 phys=000000000C6A3000 used=1 lo=000000000C69C027 hi=0000000000000000 hash=AB3F4A62FAEF25FC
P10_TEXT_FRAME_WITNESS phase=pre_dispatch root=000000000C6A3000 pte=000000000C69D027 phys=000000000C69D000 used=1 lo=4800700000C3C748 hi=8948C0FF4808438B hash=3B68EAFA86874C6F
WTX4 R=000000000C6A3000 V=0000000000400037 I=0000000000000000 TP=000000000C6A3000 EP=000000000C6A3000 E=000000000C69C027 CF=000000000C69C000 4P=1 4W=1 4U=1 4N=0 4G=0 4H=0 4A=1 4D=0 4R=0 4X=1 4L=0
WTX3 R=000000000C6A3000 V=0000000000400037 I=0000000000000000 TP=000000000C69C000 EP=000000000C69C000 E=000000000C69B027 CF=000000000C69B000 3P=1 3W=1 3U=1 3N=0 3G=0 3H=0 3A=1 3D=0 3R=0 3X=1 3L=0
WTX2 R=000000000C6A3000 V=0000000000400037 I=0000000000000002 TP=000000000C69B000 EP=000000000C69B000 E=000000000C69A027 CF=000000000C69A000 2P=1 2W=1 2U=1 2N=0 2G=0 2H=0 2A=1 2D=0 2R=0 2X=1 2L=0
WTX1 R=000000000C6A3000 V=0000000000400037 I=0000000000000000 TP=000000000C69A000 EP=000000000C69A000 E=000000000C69D027 CF=000000000C69D000 1P=1 1W=1 1U=1 1N=0 1G=0 1H=0 1A=1 1D=0 1R=0 1X=1 1L=1
WTXP V=0000000000400037 EQ=0 KE=0000000000400103 KF=0000000000400000 KP=1 KW=1 KU=0 KN=0 KG=1 KH=0 KA=0 KD=0 KR=0 KX=1 KL=1 TE=000000000C69D027 TF=000000000C69D000 TP=1 TW=1 TU=1 TN=0 TG=0 TH=0 TA=1 TD=0 TR=0 TX=1 TL=1
P10_RING3_ATTEMPT
P10_RFLAGS_IF_ON
P10_RING3_FRAME_PROOF FRSP=FFFFFFFF82005C38 RIP=0000000000400037 CS=0000000000000023 RF=0000000000000246 RSP=00000000007FFFB8 SS=000000000000001B BYTES=370040000000000023000000000000004602000000000000B8FF7F00000000001B00000000000000
P10_RING3_GATE_PROOF TR=0028 CTX0=FFFFFFFF82005C60 TSS0=FFFFFFFF82005C60 FCS=0000000000000023 FSS=000000000000001B IDTB=FFFFFFFF800E9FC0 IDTL=0000000000000FFF GPSEL=0008 GPIST=0000000000000000 GPTA=000000000000008F GPOFF=FFFFFFFF80016EF0 PFSEL=0008 PFIST=0000000000000000 PFTA=000000000000008F PFOFF=FFFFFFFF80016FA0
P10_RING3_COMMIT
P10_CR3_SWITCH
P10_RING3_ENTER
TrY[IRQ][SCH]
P12[[AYKEN_PERF_MB_EXTRACT_RAW]] epoch=3 candidate_pid=2 owner_last_epoch=3 ticks=28075759380 tick_valid=2
[[AYKEN_PERF_MB_EXTRACT_REASON]] name=epoch_stale ticks=28075977780 tick_valid=2
[[AYKEN_PERF_MB_PATH]] name=fallback phase=enter ticks=28076146504 tick_valid=2
[[AYKEN_PERF_MB_PATH]] name=fallback phase=exit ticks=28076363232 tick_valid=2
[[AYKEN_PERF_MB_REASON]] name=no_candidate ticks=28076523940 tick_valid=2
N12
MARK:PID=2
MARK:SW=U>U
MARK:IRET
P10_TEXT_ROOT_PROOF AC=000000000C6A3000 KC=000000000DE83000 TC=000000000C6A3000 RC=000000000C6A3000 RIP=0000000000400037 AP=0000000000400103 TP=000000000C69D027
P10_ROOT_FRAME_WITNESS phase=pre_dispatch root=000000000C6A3000 pte=0000000000000000 phys=000000000C6A3000 used=1 lo=000000000C69C027 hi=0000000000000000 hash=AB3F4A62FAEF25FC
P10_TEXT_FRAME_WITNESS phase=pre_dispatch root=000000000C6A3000 pte=000000000C69D027 phys=000000000C69D000 used=1 lo=4800700000C3C748 hi=8948C0FF4808438B hash=3B68EAFA86874C6F
WTX4 R=000000000C6A3000 V=0000000000400037 I=0000000000000000 TP=000000000C6A3000 EP=000000000C6A3000 E=000000000C69C027 CF=000000000C69C000 4P=1 4W=1 4U=1 4N=0 4G=0 4H=0 4A=1 4D=0 4R=0 4X=1 4L=0
WTX3 R=000000000C6A3000 V=0000000000400037 I=0000000000000000 TP=000000000C69C000 EP=000000000C69C000 E=000000000C69B027 CF=000000000C69B000 3P=1 3W=1 3U=1 3N=0 3G=0 3H=0 3A=1 3D=0 3R=0 3X=1 3L=0
WTX2 R=000000000C6A3000 V=0000000000400037 I=0000000000000002 TP=000000000C69B000 EP=000000000C69B000 E=000000000C69A027 CF=000000000C69A000 2P=1 2W=1 2U=1 2N=0 2G=0 2H=0 2A=1 2D=0 2R=0 2X=1 2L=0
WTX1 R=000000000C6A3000 V=0000000000400037 I=0000000000000000 TP=000000000C69A000 EP=000000000C69A000 E=000000000C69D027 CF=000000000C69D000 1P=1 1W=1 1U=1 1N=0 1G=0 1H=0 1A=1 1D=0 1R=0 1X=1 1L=1
WTXP V=0000000000400037 EQ=0 KE=0000000000400103 KF=0000000000400000 KP=1 KW=1 KU=0 KN=0 KG=1 KH=0 KA=0 KD=0 KR=0 KX=1 KL=1 TE=000000000C69D027 TF=000000000C69D000 TP=1 TW=1 TU=1 TN=0 TG=0 TH=0 TA=1 TD=0 TR=0 TX=1 TL=1
P10_RING3_ATTEMPT
P10_RFLAGS_IF_ON
P10_RING3_FRAME_PROOF FRSP=FFFFFFFF82005C38 RIP=0000000000400037 CS=0000000000000023 RF=0000000000000246 RSP=00000000007FFFB8 SS=000000000000001B BYTES=370040000000000023000000000000004602000000000000B8FF7F00000000001B00000000000000
P10_RING3_GATE_PROOF TR=0028 CTX0=FFFFFFFF82005C60 TSS0=FFFFFFFF82005C60 FCS=0000000000000023 FSS=000000000000001B IDTB=FFFFFFFF800E9FC0 IDTL=0000000000000FFF GPSEL=0008 GPIST=0000000000000000 GPTA=000000000000008F GPOFF=FFFFFFFF80016EF0 PFSEL=0008 PFIST=0000000000000000 PFTA=000000000000008F PFOFF=FFFFFFFF80016FA0
P10_RING3_COMMIT
P10_CR3_SWITCH
P10_RING3_ENTER
rY[IRQ][SCH]
P12[[AYKEN_PERF_MB_EXTRACT_RAW]] epoch=3 candidate_pid=2 owner_last_epoch=3 ticks=28081954792 tick_valid=2
[[AYKEN_PERF_MB_EXTRACT_REASON]] name=epoch_stale ticks=28082181616 tick_valid=2
[[AYKEN_PERF_MB_PATH]] name=fallback phase=enter ticks=28082350416 tick_valid=2
[[AYKEN_PERF_MB_PATH]] name=fallback phase=exit ticks=28082516102 tick_valid=2
[[AYKEN_PERF_MB_REASON]] name=no_candidate ticks=28082677244 tick_valid=2
N12
MARK:PID=2
MARK:SW=U>U
MARK:IRET
P10_TEXT_ROOT_PROOF AC=000000000C6A3000 KC=000000000DE83000 TC=000000000C6A3000 RC=000000000C6A3000 RIP=0000000000400037 AP=0000000000400103 TP=000000000C69D027
P10_ROOT_FRAME_WITNESS phase=pre_dispatch root=000000000C6A3000 pte=0000000000000000 phys=000000000C6A3000 used=1 lo=000000000C69C027 hi=0000000000000000 hash=AB3F4A62FAEF25FC
P10_TEXT_FRAME_WITNESS phase=pre_dispatch root=000000000C6A3000 pte=000000000C69D027 phys=000000000C69D000 used=1 lo=4800700000C3C748 hi=8948C0FF4808438B hash=3B68EAFA86874C6F
WTX4 R=000000000C6A3000 V=0000000000400037 I=0000000000000000 TP=000000000C6A3000 EP=000000000C6A3000 E=000000000C69C027 CF=000000000C69C000 4P=1 4W=1 4U=1 4N=0 4G=0 4H=0 4A=1 4D=0 4R=0 4X=1 4L=0
WTX3 R=000000000C6A3000 V=0000000000400037 I=0000000000000000 TP=000000000C69C000 EP=000000000C69C000 E=000000000C69B027 CF=000000000C69B000 3P=1 3W=1 3U=1 3N=0 3G=0 3H=0 3A=1 3D=0 3R=0 3X=1 3L=0
WTX2 R=000000000C6A3000 V=0000000000400037 I=0000000000000002 TP=000000000C69B000 EP=000000000C69B000 E=000000000C69A027 CF=000000000C69A000 2P=1 2W=1 2U=1 2N=0 2G=0 2H=0 2A=1 2D=0 2R=0 2X=1 2L=0
WTX1 R=000000000C6A3000 V=0000000000400037 I=0000000000000000 TP=000000000C69A000 EP=000000000C69A000 E=000000000C69D027 CF=000000000C69D000 1P=1 1W=1 1U=1 1N=0 1G=0 1H=0 1A=1 1D=0 1R=0 1X=1 1L=1
WTXP V=0000000000400037 EQ=0 KE=0000000000400103 KF=0000000000400000 KP=1 KW=1 KU=0 KN=0 KG=1 KH=0 KA=0 KD=0 KR=0 KX=1 KL=1 TE=000000000C69D027 TF=000000000C69D000 TP=1 TW=1 TU=1 TN=0 TG=0 TH=0 TA=1 TD=0 TR=0 TX=1 TL=1
P10_RING3_ATTEMPT
P10_RFLAGS_IF_ON
P10_RING3_FRAME_PROOF FRSP=FFFFFFFF82005C38 RIP=0000000000400037 CS=0000000000000023 RF=0000000000000246 RSP=00000000007FFFB8 SS=000000000000001B BYTES=370040000000000023000000000000004602000000000000B8FF7F00000000001B00000000000000
P10_RING3_GATE_PROOF TR=0028 CTX0=FFFFFFFF82005C60 TSS0=FFFFFFFF82005C60 FCS=0000000000000023 FSS=000000000000001B IDTB=FFFFFFFF800E9FC0 IDTL=0000000000000FFF GPSEL=0008 GPIST=0000000000000000 GPTA=000000000000008F GPOFF=FFFFFFFF80016EF0 PFSEL=0008 PFIST=0000000000000000 PFTA=000000000000008F PFOFF=FFFFFFFF80016FA0
P10_RING3_COMMIT
P10_CR3_SWITCH
P10_RING3_ENTER
TrY[IRQ][SCH]
P12[[AYKEN_PERF_MB_EXTRACT_RAW]] epoch=3 candidate_pid=2 owner_last_epoch=3 ticks=28088121254 tick_valid=2
[[AYKEN_PERF_MB_EXTRACT_REASON]] name=epoch_stale ticks=28088339022 tick_valid=2
[[AYKEN_PERF_MB_PATH]] name=fallback phase=enter ticks=28088507818 tick_valid=2
[[AYKEN_PERF_MB_PATH]] name=fallback phase=exit ticks=28088673208 tick_valid=2
[[AYKEN_PERF_MB_REASON]] name=no_candidate ticks=28088908616 tick_valid=2
N12
MARK:PID=2
MARK:SW=U>U
MARK:IRET
P10_TEXT_ROOT_PROOF AC=000000000C6A3000 KC=000000000DE83000 TC=000000000C6A3000 RC=000000000C6A3000 RIP=0000000000400037 AP=0000000000400103 TP=000000000C69D027
P10_ROOT_FRAME_WITNESS phase=pre_dispatch root=000000000C6A3000 pte=0000000000000000 phys=000000000C6A3000 used=1 lo=000000000C69C027 hi=0000000000000000 hash=AB3F4A62FAEF25FC
P10_TEXT_FRAME_WITNESS phase=pre_dispatch root=000000000C6A3000 pte=000000000C69D027 phys=000000000C69D000 used=1 lo=4800700000C3C748 hi=8948C0FF4808438B hash=3B68EAFA86874C6F
WTX4 R=000000000C6A3000 V=0000000000400037 I=0000000000000000 TP=000000000C6A3000 EP=000000000C6A3000 E=000000000C69C027 CF=000000000C69C000 4P=1 4W=1 4U=1 4N=0 4G=0 4H=0 4A=1 4D=0 4R=0 4X=1 4L=0
WTX3 R=000000000C6A3000 V=0000000000400037 I=0000000000000000 TP=000000000C69C000 EP=000000000C69C000 E=000000000C69B027 CF=000000000C69B000 3P=1 3W=1 3U=1 3N=0 3G=0 3H=0 3A=1 3D=0 3R=0 3X=1 3L=0
WTX2 R=000000000C6A3000 V=0000000000400037 I=0000000000000002 TP=000000000C69B000 EP=000000000C69B000 E=000000000C69A027 CF=000000000C69A000 2P=1 2W=1 2U=1 2N=0 2G=0 2H=0 2A=1 2D=0 2R=0 2X=1 2L=0
WTX1 R=000000000C6A3000 V=0000000000400037 I=0000000000000000 TP=000000000C69A000 EP=000000000C69A000 E=000000000C69D027 CF=000000000C69D000 1P=1 1W=1 1U=1 1N=0 1G=0 1H=0 1A=1 1D=0 1R=0 1X=1 1L=1
WTXP V=0000000000400037 EQ=0 KE=0000000000400103 KF=0000000000400000 KP=1 KW=1 KU=0 KN=0 KG=1 KH=0 KA=0 KD=0 KR=0 KX=1 KL=1 TE=000000000C69D027 TF=000000000C69D000 TP=1 TW=1 TU=1 TN=0 TG=0 TH=0 TA=1 TD=0 TR=0 TX=1 TL=1
P10_RING3_ATTEMPT
P10_RFLAGS_IF_ON
P10_RING3_FRAME_PROOF FRSP=FFFFFFFF82005C38 RIP=0000000000400037 CS=0000000000000023 RF=0000000000000246 RSP=00000000007FFFB8 SS=000000000000001B BYTES=370040000000000023000000000000004602000000000000B8FF7F00000000001B00000000000000
P10_RING3_GATE_PROOF TR=0028 CTX0=FFFFFFFF82005C60 TSS0=FFFFFFFF82005C60 FCS=0000000000000023 FSS=000000000000001B IDTB=FFFFFFFF800E9FC0 IDTL=0000000000000FFF GPSEL=0008 GPIST=0000000000000000 GPTA=000000000000008F GPOFF=FFFFFFFF80016EF0 PFSEL=0008 PFIST=0000000000000000 PFTA=000000000000008F PFOFF=FFFFFFFF80016FA0
P10_RING3_COMMIT
P10_CR3_SWITCH
P10_RING3_ENTER
rY[IRQ][SCH]
P12[[AYKEN_PERF_MB_EXTRACT_RAW]] epoch=3 candidate_pid=2 owner_last_epoch=3 ticks=28094539442 tick_valid=2
[[AYKEN_PERF_MB_EXTRACT_REASON]] name=epoch_stale ticks=28094756822 tick_valid=2
[[AYKEN_PERF_MB_PATH]] name=fallback phase=enter ticks=28094951106 tick_valid=2
[[AYKEN_PERF_MB_PATH]] name=fallback phase=exit ticks=28095116242 tick_valid=2
[[AYKEN_PERF_MB_REASON]] name=no_candidate ticks=28095275794 tick_valid=2
N12
MARK:PID=2
MARK:SW=U>U
MARK:IRET
P10_TEXT_ROOT_PROOF AC=000000000C6A3000 KC=000000000DE83000 TC=000000000C6A3000 RC=000000000C6A3000 RIP=0000000000400037 AP=0000000000400103 TP=000000000C69D027
P10_ROOT_FRAME_WITNESS phase=pre_dispatch root=000000000C6A3000 pte=0000000000000000 phys=000000000C6A3000 used=1 lo=000000000C69C027 hi=0000000000000000 hash=AB3F4A62FAEF25FC
P10_TEXT_FRAME_WITNESS phase=pre_dispatch root=000000000C6A3000 pte=000000000C69D027 phys=000000000C69D000 used=1 lo=4800700000C3C748 hi=8948C0FF4808438B hash=3B68EAFA86874C6F
WTX4 R=000000000C6A3000 V=0000000000400037 I=0000000000000000 TP=000000000C6A3000 EP=000000000C6A3000 E=000000000C69C027 CF=000000000C69C000 4P=1 4W=1 4U=1 4N=0 4G=0 4H=0 4A=1 4D=0 4R=0 4X=1 4L=0
WTX3 R=000000000C6A3000 V=0000000000400037 I=0000000000000000 TP=000000000C69C000 EP=000000000C69C000 E=000000000C69B027 CF=000000000C69B000 3P=1 3W=1 3U=1 3N=0 3G=0 3H=0 3A=1 3D=0 3R=0 3X=1 3L=0
WTX2 R=000000000C6A3000 V=0000000000400037 I=0000000000000002 TP=000000000C69B000 EP=000000000C69B000 E=000000000C69A027 CF=000000000C69A000 2P=1 2W=1 2U=1 2N=0 2G=0 2H=0 2A=1 2D=0 2R=0 2X=1 2L=0
WTX1 R=000000000C6A3000 V=0000000000400037 I=0000000000000000 TP=000000000C69A000 EP=000000000C69A000 E=000000000C69D027 CF=000000000C69D000 1P=1 1W=1 1U=1 1N=0 1G=0 1H=0 1A=1 1D=0 1R=0 1X=1 1L=1
WTXP V=0000000000400037 EQ=0 KE=0000000000400103 KF=0000000000400000 KP=1 KW=1 KU=0 KN=0 KG=1 KH=0 KA=0 KD=0 KR=0 KX=1 KL=1 TE=000000000C69D027 TF=000000000C69D000 TP=1 TW=1 TU=1 TN=0 TG=0 TH=0 TA=1 TD=0 TR=0 TX=1 TL=1
P10_RING3_ATTEMPT
P10_RFLAGS_IF_ON
P10_RING3_FRAME_PROOF FRSP=FFFFFFFF82005C38 RIP=0000000000400037 CS=0000000000000023 RF=0000000000000246 RSP=00000000007FFFB8 SS=000000000000001B BYTES=370040000000000023000000000000004602000000000000B8FF7F00000000001B00000000000000
P10_RING3_GATE_PROOF TR=0028 CTX0=FFFFFFFF82005C60 TSS0=FFFFFFFF82005C60 FCS=0000000000000023 FSS=000000000000001B IDTB=FFFFFFFF800E9FC0 IDTL=0000000000000FFF GPSEL=0008 GPIST=0000000000000000 GPTA=000000000000008F GPOFF=FFFFFFFF80016EF0 PFSEL=0008 PFIST=0000000000000000 PFTA=000000000000008F PFOFF=FFFFFFFF80016FA0
P10_RING3_COMMIT
P10_CR3_SWITCH
P10_RING3_ENTER
TrY[IRQ][SCH]
P12[[AYKEN_PERF_MB_EXTRACT_RAW]] epoch=3 candidate_pid=2 owner_last_epoch=3 ticks=28101034472 tick_valid=2
[[AYKEN_PERF_MB_EXTRACT_REASON]] name=epoch_stale ticks=28101252270 tick_valid=2
[[AYKEN_PERF_MB_PATH]] name=fallback phase=enter ticks=28101505938 tick_valid=2
[[AYKEN_PERF_MB_PATH]] name=fallback phase=exit ticks=28101673196 tick_valid=2
[[AYKEN_PERF_MB_REASON]] name=no_candidate ticks=28101835954 tick_valid=2
N12
MARK:PID=2
MARK:SW=U>U
MARK:IRET
P10_TEXT_ROOT_PROOF AC=000000000C6A3000 KC=000000000DE83000 TC=000000000C6A3000 RC=000000000C6A3000 RIP=0000000000400037 AP=0000000000400103 TP=000000000C69D027
P10_ROOT_FRAME_WITNESS phase=pre_dispatch root=000000000C6A3000 pte=0000000000000000 phys=000000000C6A3000 used=1 lo=000000000C69C027 hi=0000000000000000 hash=AB3F4A62FAEF25FC
P10_TEXT_FRAME_WITNESS phase=pre_dispatch root=000000000C6A3000 pte=000000000C69D027 phys=000000000C69D000 used=1 lo=4800700000C3C748 hi=8948C0FF4808438B hash=3B68EAFA86874C6F
WTX4 R=000000000C6A3000 V=0000000000400037 I=0000000000000000 TP=000000000C6A3000 EP=000000000C6A3000 E=000000000C69C027 CF=000000000C69C000 4P=1 4W=1 4U=1 4N=0 4G=0 4H=0 4A=1 4D=0 4R=0 4X=1 4L=0
WTX3 R=000000000C6A3000 V=0000000000400037 I=0000000000000000 TP=000000000C69C000 EP=000000000C69C000 E=000000000C69B027 CF=000000000C69B000 3P=1 3W=1 3U=1 3N=0 3G=0 3H=0 3A=1 3D=0 3R=0 3X=1 3L=0
WTX2 R=000000000C6A3000 V=0000000000400037 I=0000000000000002 TP=000000000C69B000 EP=000000000C69B000 E=000000000C69A027 CF=000000000C69A000 2P=1 2W=1 2U=1 2N=0 2G=0 2H=0 2A=1 2D=0 2R=0 2X=1 2L=0
WTX1 R=000000000C6A3000 V=0000000000400037 I=0000000000000000 TP=000000000C69A000 EP=000000000C69A000 E=000000000C69D027 CF=000000000C69D000 1P=1 1W=1 1U=1 1N=0 1G=0 1H=0 1A=1 1D=0 1R=0 1X=1 1L=1
WTXP V=0000000000400037 EQ=0 KE=0000000000400103 KF=0000000000400000 KP=1 KW=1 KU=0 KN=0 KG=1 KH=0 KA=0 KD=0 KR=0 KX=1 KL=1 TE=000000000C69D027 TF=000000000C69D000 TP=1 TW=1 TU=1 TN=0 TG=0 TH=0 TA=1 TD=0 TR=0 TX=1 TL=1
P10_RING3_ATTEMPT
P10_RFLAGS_IF_ON
P10_RING3_FRAME_PROOF FRSP=FFFFFFFF82005C38 RIP=0000000000400037 CS=0000000000000023 RF=0000000000000246 RSP=00000000007FFFB8 SS=000000000000001B BYTES=370040000000000023000000000000004602000000000000B8FF7F00000000001B00000000000000
P10_RING3_GATE_PROOF TR=0028 CTX0=FFFFFFFF82005C60 TSS0=FFFFFFFF82005C60 FCS=0000000000000023 FSS=000000000000001B IDTB=FFFFFFFF800E9FC0 IDTL=0000000000000FFF GPSEL=0008 GPIST=0000000000000000 GPTA=000000000000008F GPOFF=FFFFFFFF80016EF0 PFSEL=0008 PFIST=0000000000000000 PFTA=000000000000008F PFOFF=FFFFFFFF80016FA0
P10_RING3_COMMIT
P10_CR3_SWITCH
P10_RING3_ENTER
rY[IRQ][SCH]
P12[[AYKEN_PERF_MB_EXTRACT_RAW]] epoch=3 candidate_pid=2 owner_last_epoch=3 ticks=28107437664 tick_valid=2
[[AYKEN_PERF_MB_EXTRACT_REASON]] name=epoch_stale ticks=28107655200 tick_valid=2
[[AYKEN_PERF_MB_PATH]] name=fallback phase=enter ticks=28107824706 tick_valid=2
[[AYKEN_PERF_MB_PATH]] name=fallback phase=exit ticks=28107990718 tick_valid=2
[[AYKEN_PERF_MB_REASON]] name=no_candidate ticks=28108151388 tick_valid=2
N12
MARK:PID=2
MARK:SW=U>U
MARK:IRET
P10_TEXT_ROOT_PROOF AC=000000000C6A3000 KC=000000000DE83000 TC=000000000C6A3000 RC=000000000C6A3000 RIP=0000000000400037 AP=0000000000400103 TP=000000000C69D027
P10_ROOT_FRAME_WITNESS phase=pre_dispatch root=000000000C6A3000 pte=0000000000000000 phys=000000000C6A3000 used=1 lo=000000000C69C027 hi=0000000000000000 hash=AB3F4A62FAEF25FC
P10_TEXT_FRAME_WITNESS phase=pre_dispatch root=000000000C6A3000 pte=000000000C69D027 phys=000000000C69D000 used=1 lo=4800700000C3C748 hi=8948C0FF4808438B hash=3B68EAFA86874C6F
WTX4 R=000000000C6A3000 V=0000000000400037 I=0000000000000000 TP=000000000C6A3000 EP=000000000C6A3000 E=000000000C69C027 CF=000000000C69C000 4P=1 4W=1 4U=1 4N=0 4G=0 4H=0 4A=1 4D=0 4R=0 4X=1 4L=0
WTX3 R=000000000C6A3000 V=0000000000400037 I=0000000000000000 TP=000000000C69C000 EP=000000000C69C000 E=000000000C69B027 CF=000000000C69B000 3P=1 3W=1 3U=1 3N=0 3G=0 3H=0 3A=1 3D=0 3R=0 3X=1 3L=0
WTX2 R=000000000C6A3000 V=0000000000400037 I=0000000000000002 TP=000000000C69B000 EP=000000000C69B000 E=000000000C69A027 CF=000000000C69A000 2P=1 2W=1 2U=1 2N=0 2G=0 2H=0 2A=1 2D=0 2R=0 2X=1 2L=0
WTX1 R=000000000C6A3000 V=0000000000400037 I=0000000000000000 TP=000000000C69A000 EP=000000000C69A000 E=000000000C69D027 CF=000000000C69D000 1P=1 1W=1 1U=1 1N=0 1G=0 1H=0 1A=1 1D=0 1R=0 1X=1 1L=1
WTXP V=0000000000400037 EQ=0 KE=0000000000400103 KF=0000000000400000 KP=1 KW=1 KU=0 KN=0 KG=1 KH=0 KA=0 KD=0 KR=0 KX=1 KL=1 TE=000000000C69D027 TF=000000000C69D000 TP=1 TW=1 TU=1 TN=0 TG=0 TH=0 TA=1 TD=0 TR=0 TX=1 TL=1
P10_RING3_ATTEMPT
P10_RFLAGS_IF_ON
P10_RING3_FRAME_PROOF FRSP=FFFFFFFF82005C38 RIP=0000000000400037 CS=0000000000000023 RF=0000000000000246 RSP=00000000007FFFB8 SS=000000000000001B BYTES=370040000000000023000000000000004602000000000000B8FF7F00000000001B00000000000000
P10_RING3_GATE_PROOF TR=0028 CTX0=FFFFFFFF82005C60 TSS0=FFFFFFFF82005C60 FCS=0000000000000023 FSS=000000000000001B IDTB=FFFFFFFF800E9FC0 IDTL=0000000000000FFF GPSEL=0008 GPIST=0000000000000000 GPTA=000000000000008F GPOFF=FFFFFFFF80016EF0 PFSEL=0008 PFIST=0000000000000000 PFTA=000000000000008F PFOFF=FFFFFFFF80016FA0
P10_RING3_COMMIT
P10_CR3_SWITCH
P10_RING3_ENTER
TrY[IRQ][SCH]
P12[[AYKEN_PERF_MB_EXTRACT_RAW]] epoch=3 candidate_pid=2 owner_last_epoch=3 ticks=28114010998 tick_valid=2
[[AYKEN_PERF_MB_EXTRACT_REASON]] name=epoch_stale ticks=28114229030 tick_valid=2
[[AYKEN_PERF_MB_PATH]] name=fallback phase=enter ticks=28114397510 tick_valid=2
[[AYKEN_PERF_MB_PATH]] name=fallback phase=exit ticks=28114588334 tick_valid=2
[[AYKEN_PERF_MB_REASON]] name=no_candidate ticks=28114748460 tick_valid=2
N12
MARK:PID=2
MARK:SW=U>U
MARK:IRET
P10_TEXT_ROOT_PROOF AC=000000000C6A3000 KC=000000000DE83000 TC=000000000C6A3000 RC=000000000C6A3000 RIP=0000000000400037 AP=0000000000400103 TP=000000000C69D027
P10_ROOT_FRAME_WITNESS phase=pre_dispatch root=000000000C6A3000 pte=0000000000000000 phys=000000000C6A3000 used=1 lo=000000000C69C027 hi=0000000000000000 hash=AB3F4A62FAEF25FC
P10_TEXT_FRAME_WITNESS phase=pre_dispatch root=000000000C6A3000 pte=000000000C69D027 phys=000000000C69D000 used=1 lo=4800700000C3C748 hi=8948C0FF4808438B hash=3B68EAFA86874C6F
WTX4 R=000000000C6A3000 V=0000000000400037 I=0000000000000000 TP=000000000C6A3000 EP=000000000C6A3000 E=000000000C69C027 CF=000000000C69C000 4P=1 4W=1 4U=1 4N=0 4G=0 4H=0 4A=1 4D=0 4R=0 4X=1 4L=0
WTX3 R=000000000C6A3000 V=0000000000400037 I=0000000000000000 TP=000000000C69C000 EP=000000000C69C000 E=000000000C69B027 CF=000000000C69B000 3P=1 3W=1 3U=1 3N=0 3G=0 3H=0 3A=1 3D=0 3R=0 3X=1 3L=0
WTX2 R=000000000C6A3000 V=0000000000400037 I=0000000000000002 TP=000000000C69B000 EP=000000000C69B000 E=000000000C69A027 CF=000000000C69A000 2P=1 2W=1 2U=1 2N=0 2G=0 2H=0 2A=1 2D=0 2R=0 2X=1 2L=0
WTX1 R=000000000C6A3000 V=0000000000400037 I=0000000000000000 TP=000000000C69A000 EP=000000000C69A000 E=000000000C69D027 CF=000000000C69D000 1P=1 1W=1 1U=1 1N=0 1G=0 1H=0 1A=1 1D=0 1R=0 1X=1 1L=1
WTXP V=0000000000400037 EQ=0 KE=0000000000400103 KF=0000000000400000 KP=1 KW=1 KU=0 KN=0 KG=1 KH=0 KA=0 KD=0 KR=0 KX=1 KL=1 TE=000000000C69D027 TF=000000000C69D000 TP=1 TW=1 TU=1 TN=0 TG=0 TH=0 TA=1 TD=0 TR=0 TX=1 TL=1
P10_RING3_ATTEMPT
P10_RFLAGS_IF_ON
P10_RING3_FRAME_PROOF FRSP=FFFFFFFF82005C38 RIP=0000000000400037 CS=0000000000000023 RF=0000000000000246 RSP=00000000007FFFB8 SS=000000000000001B BYTES=370040000000000023000000000000004602000000000000B8FF7F00000000001B00000000000000
P10_RING3_GATE_PROOF TR=0028 CTX0=FFFFFFFF82005C60 TSS0=FFFFFFFF82005C60 FCS=0000000000000023 FSS=000000000000001B IDTB=FFFFFFFF800E9FC0 IDTL=0000000000000FFF GPSEL=0008 GPIST=0000000000000000 GPTA=000000000000008F GPOFF=FFFFFFFF80016EF0 PFSEL=0008 PFIST=0000000000000000 PFTA=000000000000008F PFOFF=FFFFFFFF80016FA0
P10_RING3_COMMIT
P10_CR3_SWITCH
P10_RING3_ENTER
rY[IRQ][SCH]
P12[[AYKEN_PERF_MB_EXTRACT_RAW]] epoch=3 candidate_pid=2 owner_last_epoch=3 ticks=28120249164 tick_valid=2
[[AYKEN_PERF_MB_EXTRACT_REASON]] name=epoch_stale ticks=28120466818 tick_valid=2
[[AYKEN_PERF_MB_PATH]] name=fallback phase=enter ticks=28120635374 tick_valid=2
[[AYKEN_PERF_MB_PATH]] name=fallback phase=exit ticks=28120800602 tick_valid=2
[[AYKEN_PERF_MB_REASON]] name=no_candidate ticks=28121042676 tick_valid=2
N12
MARK:PID=2
MARK:SW=U>U
MARK:IRET
P10_TEXT_ROOT_PROOF AC=000000000C6A3000 KC=000000000DE83000 TC=000000000C6A3000 RC=000000000C6A3000 RIP=0000000000400037 AP=0000000000400103 TP=000000000C69D027
P10_ROOT_FRAME_WITNESS phase=pre_dispatch root=000000000C6A3000 pte=0000000000000000 phys=000000000C6A3000 used=1 lo=000000000C69C027 hi=0000000000000000 hash=AB3F4A62FAEF25FC
P10_TEXT_FRAME_WITNESS phase=pre_dispatch root=000000000C6A3000 pte=000000000C69D027 phys=000000000C69D000 used=1 lo=4800700000C3C748 hi=8948C0FF4808438B hash=3B68EAFA86874C6F
WTX4 R=000000000C6A3000 V=0000000000400037 I=0000000000000000 TP=000000000C6A3000 EP=000000000C6A3000 E=000000000C69C027 CF=000000000C69C000 4P=1 4W=1 4U=1 4N=0 4G=0 4H=0 4A=1 4D=0 4R=0 4X=1 4L=0
WTX3 R=000000000C6A3000 V=0000000000400037 I=0000000000000000 TP=000000000C69C000 EP=000000000C69C000 E=000000000C69B027 CF=000000000C69B000 3P=1 3W=1 3U=1 3N=0 3G=0 3H=0 3A=1 3D=0 3R=0 3X=1 3L=0
WTX2 R=000000000C6A3000 V=0000000000400037 I=0000000000000002 TP=000000000C69B000 EP=000000000C69B000 E=000000000C69A027 CF=000000000C69A000 2P=1 2W=1 2U=1 2N=0 2G=0 2H=0 2A=1 2D=0 2R=0 2X=1 2L=0
WTX1 R=000000000C6A3000 V=0000000000400037 I=0000000000000000 TP=000000000C69A000 EP=000000000C69A000 E=000000000C69D027 CF=000000000C69D000 1P=1 1W=1 1U=1 1N=0 1G=0 1H=0 1A=1 1D=0 1R=0 1X=1 1L=1
WTXP V=0000000000400037 EQ=0 KE=0000000000400103 KF=0000000000400000 KP=1 KW=1 KU=0 KN=0 KG=1 KH=0 KA=0 KD=0 KR=0 KX=1 KL=1 TE=000000000C69D027 TF=000000000C69D000 TP=1 TW=1 TU=1 TN=0 TG=0 TH=0 TA=1 TD=0 TR=0 TX=1 TL=1
P10_RING3_ATTEMPT
P10_RFLAGS_IF_ON
P10_RING3_FRAME_PROOF FRSP=FFFFFFFF82005C38 RIP=0000000000400037 CS=0000000000000023 RF=0000000000000246 RSP=00000000007FFFB8 SS=000000000000001B BYTES=370040000000000023000000000000004602000000000000B8FF7F00000000001B00000000000000
P10_RING3_GATE_PROOF TR=0028 CTX0=FFFFFFFF82005C60 TSS0=FFFFFFFF82005C60 FCS=0000000000000023 FSS=000000000000001B IDTB=FFFFFFFF800E9FC0 IDTL=0000000000000FFF GPSEL=0008 GPIST=0000000000000000 GPTA=000000000000008F GPOFF=FFFFFFFF80016EF0 PFSEL=0008 PFIST=0000000000000000 PFTA=000000000000008F PFOFF=FFFFFFFF80016FA0
P10_RING3_COMMIT
P10_CR3_SWITCH
P10_RING3_ENTER
TrY[IRQ][SCH]
P12[[AYKEN_PERF_MB_EXTRACT_RAW]] epoch=3 candidate_pid=2 owner_last_epoch=3 ticks=28126462156 tick_valid=2
[[AYKEN_PERF_MB_EXTRACT_REASON]] name=epoch_stale ticks=28126760426 tick_valid=2
[[AYKEN_PERF_MB_PATH]] name=fallback phase=enter ticks=28126930254 tick_valid=2
[[AYKEN_PERF_MB_PATH]] name=fallback phase=exit ticks=28127096332 tick_valid=2
[[AYKEN_PERF_MB_REASON]] name=no_candidate ticks=28127256626 tick_valid=2
N12
MARK:PID=2
MARK:SW=U>U
MARK:IRET
P10_TEXT_ROOT_PROOF AC=000000000C6A3000 KC=000000000DE83000 TC=000000000C6A3000 RC=000000000C6A3000 RIP=0000000000400037 AP=0000000000400103 TP=000000000C69D027
P10_ROOT_FRAME_WITNESS phase=pre_dispatch root=000000000C6A3000 pte=0000000000000000 phys=000000000C6A3000 used=1 lo=000000000C69C027 hi=0000000000000000 hash=AB3F4A62FAEF25FC
P10_TEXT_FRAME_WITNESS phase=pre_dispatch root=000000000C6A3000 pte=000000000C69D027 phys=000000000C69D000 used=1 lo=4800700000C3C748 hi=8948C0FF4808438B hash=3B68EAFA86874C6F
WTX4 R=000000000C6A3000 V=0000000000400037 I=0000000000000000 TP=000000000C6A3000 EP=000000000C6A3000 E=000000000C69C027 CF=000000000C69C000 4P=1 4W=1 4U=1 4N=0 4G=0 4H=0 4A=1 4D=0 4R=0 4X=1 4L=0
WTX3 R=000000000C6A3000 V=0000000000400037 I=0000000000000000 TP=000000000C69C000 EP=000000000C69C000 E=000000000C69B027 CF=000000000C69B000 3P=1 3W=1 3U=1 3N=0 3G=0 3H=0 3A=1 3D=0 3R=0 3X=1 3L=0
WTX2 R=000000000C6A3000 V=0000000000400037 I=0000000000000002 TP=000000000C69B000 EP=000000000C69B000 E=000000000C69A027 CF=000000000C69A000 2P=1 2W=1 2U=1 2N=0 2G=0 2H=0 2A=1 2D=0 2R=0 2X=1 2L=0
WTX1 R=000000000C6A3000 V=0000000000400037 I=0000000000000000 TP=000000000C69A000 EP=000000000C69A000 E=000000000C69D027 CF=000000000C69D000 1P=1 1W=1 1U=1 1N=0 1G=0 1H=0 1A=1 1D=0 1R=0 1X=1 1L=1
WTXP V=0000000000400037 EQ=0 KE=0000000000400103 KF=0000000000400000 KP=1 KW=1 KU=0 KN=0 KG=1 KH=0 KA=0 KD=0 KR=0 KX=1 KL=1 TE=000000000C69D027 TF=000000000C69D000 TP=1 TW=1 TU=1 TN=0 TG=0 TH=0 TA=1 TD=0 TR=0 TX=1 TL=1
P10_RING3_ATTEMPT
P10_RFLAGS_IF_ON
P10_RING3_FRAME_PROOF FRSP=FFFFFFFF82005C38 RIP=0000000000400037 CS=0000000000000023 RF=0000000000000246 RSP=00000000007FFFB8 SS=000000000000001B BYTES=370040000000000023000000000000004602000000000000B8FF7F00000000001B00000000000000
P10_RING3_GATE_PROOF TR=0028 CTX0=FFFFFFFF82005C60 TSS0=FFFFFFFF82005C60 FCS=0000000000000023 FSS=000000000000001B IDTB=FFFFFFFF800E9FC0 IDTL=0000000000000FFF GPSEL=0008 GPIST=0000000000000000 GPTA=000000000000008F GPOFF=FFFFFFFF80016EF0 PFSEL=0008 PFIST=0000000000000000 PFTA=000000000000008F PFOFF=FFFFFFFF80016FA0
P10_RING3_COMMIT
P10_CR3_SWITCH
P10_RING3_ENTER
rY[IRQ][SCH]
P12[[AYKEN_PERF_MB_EXTRACT_RAW]] epoch=3 candidate_pid=2 owner_last_epoch=3 ticks=28132844728 tick_valid=2
[[AYKEN_PERF_MB_EXTRACT_REASON]] name=epoch_stale ticks=28133062146 tick_valid=2
[[AYKEN_PERF_MB_PATH]] name=fallback phase=enter ticks=28133231546 tick_valid=2
[[AYKEN_PERF_MB_PATH]] name=fallback phase=exit ticks=28133397354 tick_valid=2
[[AYKEN_PERF_MB_REASON]] name=no_candidate ticks=28133642246 tick_valid=2
N12
MARK:PID=2
MARK:SW=U>U
MARK:IRET
P10_TEXT_ROOT_PROOF AC=000000000C6A3000 KC=000000000DE83000 TC=000000000C6A3000 RC=000000000C6A3000 RIP=0000000000400037 AP=0000000000400103 TP=000000000C69D027
P10_ROOT_FRAME_WITNESS phase=pre_dispatch root=000000000C6A3000 pte=0000000000000000 phys=000000000C6A3000 used=1 lo=000000000C69C027 hi=0000000000000000 hash=AB3F4A62FAEF25FC
P10_TEXT_FRAME_WITNESS phase=pre_dispatch root=000000000C6A3000 pte=000000000C69D027 phys=000000000C69D000 used=1 lo=4800700000C3C748 hi=8948C0FF4808438B hash=3B68EAFA86874C6F
WTX4 R=000000000C6A3000 V=0000000000400037 I=0000000000000000 TP=000000000C6A3000 EP=000000000C6A3000 E=000000000C69C027 CF=000000000C69C000 4P=1 4W=1 4U=1 4N=0 4G=0 4H=0 4A=1 4D=0 4R=0 4X=1 4L=0
WTX3 R=000000000C6A3000 V=0000000000400037 I=0000000000000000 TP=000000000C69C000 EP=000000000C69C000 E=000000000C69B027 CF=000000000C69B000 3P=1 3W=1 3U=1 3N=0 3G=0 3H=0 3A=1 3D=0 3R=0 3X=1 3L=0
WTX2 R=000000000C6A3000 V=0000000000400037 I=0000000000000002 TP=000000000C69B000 EP=000000000C69B000 E=000000000C69A027 CF=000000000C69A000 2P=1 2W=1 2U=1 2N=0 2G=0 2H=0 2A=1 2D=0 2R=0 2X=1 2L=0
WTX1 R=000000000C6A3000 V=0000000000400037 I=0000000000000000 TP=000000000C69A000 EP=000000000C69A000 E=000000000C69D027 CF=000000000C69D000 1P=1 1W=1 1U=1 1N=0 1G=0 1H=0 1A=1 1D=0 1R=0 1X=1 1L=1
WTXP V=0000000000400037 EQ=0 KE=0000000000400103 KF=0000000000400000 KP=1 KW=1 KU=0 KN=0 KG=1 KH=0 KA=0 KD=0 KR=0 KX=1 KL=1 TE=000000000C69D027 TF=000000000C69D000 TP=1 TW=1 TU=1 TN=0 TG=0 TH=0 TA=1 TD=0 TR=0 TX=1 TL=1
P10_RING3_ATTEMPT
P10_RFLAGS_IF_ON
P10_RING3_FRAME_PROOF FRSP=FFFFFFFF82005C38 RIP=0000000000400037 CS=0000000000000023 RF=0000000000000246 RSP=00000000007FFFB8 SS=000000000000001B BYTES=370040000000000023000000000000004602000000000000B8FF7F00000000001B00000000000000
P10_RING3_GATE_PROOF TR=0028 CTX0=FFFFFFFF82005C60 TSS0=FFFFFFFF82005C60 FCS=0000000000000023 FSS=000000000000001B IDTB=FFFFFFFF800E9FC0 IDTL=0000000000000FFF GPSEL=0008 GPIST=0000000000000000 GPTA=000000000000008F GPOFF=FFFFFFFF80016EF0 PFSEL=0008 PFIST=0000000000000000 PFTA=000000000000008F PFOFF=FFFFFFFF80016FA0
P10_RING3_COMMIT
P10_CR3_SWITCH
P10_RING3_ENTER
TrY[IRQ][SCH]
P12[[AYKEN_PERF_MB_EXTRACT_RAW]] epoch=3 candidate_pid=2 owner_last_epoch=3 ticks=28139153186 tick_valid=2
[[AYKEN_PERF_MB_EXTRACT_REASON]] name=epoch_stale ticks=28139372256 tick_valid=2
[[AYKEN_PERF_MB_PATH]] name=fallback phase=enter ticks=28139541864 tick_valid=2
[[AYKEN_PERF_MB_PATH]] name=fallback phase=exit ticks=28139733470 tick_valid=2
[[AYKEN_PERF_MB_REASON]] name=no_candidate ticks=28139894632 tick_valid=2
N12
MARK:PID=2
MARK:SW=U>U
MARK:IRET
P10_TEXT_ROOT_PROOF AC=000000000C6A3000 KC=000000000DE83000 TC=000000000C6A3000 RC=000000000C6A3000 RIP=0000000000400037 AP=0000000000400103 TP=000000000C69D027
P10_ROOT_FRAME_WITNESS phase=pre_dispatch root=000000000C6A3000 pte=0000000000000000 phys=000000000C6A3000 used=1 lo=000000000C69C027 hi=0000000000000000 hash=AB3F4A62FAEF25FC
P10_TEXT_FRAME_WITNESS phase=pre_dispatch root=000000000C6A3000 pte=000000000C69D027 phys=000000000C69D000 used=1 lo=4800700000C3C748 hi=8948C0FF4808438B hash=3B68EAFA86874C6F
WTX4 R=000000000C6A3000 V=0000000000400037 I=0000000000000000 TP=000000000C6A3000 EP=000000000C6A3000 E=000000000C69C027 CF=000000000C69C000 4P=1 4W=1 4U=1 4N=0 4G=0 4H=0 4A=1 4D=0 4R=0 4X=1 4L=0
WTX3 R=000000000C6A3000 V=0000000000400037 I=0000000000000000 TP=000000000C69C000 EP=000000000C69C000 E=000000000C69B027 CF=000000000C69B000 3P=1 3W=1 3U=1 3N=0 3G=0 3H=0 3A=1 3D=0 3R=0 3X=1 3L=0
WTX2 R=000000000C6A3000 V=0000000000400037 I=0000000000000002 TP=000000000C69B000 EP=000000000C69B000 E=000000000C69A027 CF=000000000C69A000 2P=1 2W=1 2U=1 2N=0 2G=0 2H=0 2A=1 2D=0 2R=0 2X=1 2L=0
WTX1 R=000000000C6A3000 V=0000000000400037 I=0000000000000000 TP=000000000C69A000 EP=000000000C69A000 E=000000000C69D027 CF=000000000C69D000 1P=1 1W=1 1U=1 1N=0 1G=0 1H=0 1A=1 1D=0 1R=0 1X=1 1L=1
WTXP V=0000000000400037 EQ=0 KE=0000000000400103 KF=0000000000400000 KP=1 KW=1 KU=0 KN=0 KG=1 KH=0 KA=0 KD=0 KR=0 KX=1 KL=1 TE=000000000C69D027 TF=000000000C69D000 TP=1 TW=1 TU=1 TN=0 TG=0 TH=0 TA=1 TD=0 TR=0 TX=1 TL=1
P10_RING3_ATTEMPT
P10_RFLAGS_IF_ON
P10_RING3_FRAME_PROOF FRSP=FFFFFFFF82005C38 RIP=0000000000400037 CS=0000000000000023 RF=0000000000000246 RSP=00000000007FFFB8 SS=000000000000001B BYTES=370040000000000023000000000000004602000000000000B8FF7F00000000001B00000000000000
P10_RING3_GATE_PROOF TR=0028 CTX0=FFFFFFFF82005C60 TSS0=FFFFFFFF82005C60 FCS=0000000000000023 FSS=000000000000001B IDTB=FFFFFFFF800E9FC0 IDTL=0000000000000FFF GPSEL=0008 GPIST=0000000000000000 GPTA=000000000000008F GPOFF=FFFFFFFF80016EF0 PFSEL=0008 PFIST=0000000000000000 PFTA=000000000000008F PFOFF=FFFFFFFF80016FA0
P10_RING3_COMMIT
P10_CR3_SWITCH
P10_RING3_ENTER
rY[IRQ][SCH]
P12[[AYKEN_PERF_MB_EXTRACT_RAW]] epoch=3 candidate_pid=2 owner_last_epoch=3 ticks=28145410318 tick_valid=2
[[AYKEN_PERF_MB_EXTRACT_REASON]] name=epoch_stale ticks=28145628494 tick_valid=2
[[AYKEN_PERF_MB_PATH]] name=fallback phase=enter ticks=28145796808 tick_valid=2
[[AYKEN_PERF_MB_PATH]] name=fallback phase=exit ticks=28145962590 tick_valid=2
[[AYKEN_PERF_MB_REASON]] name=no_candidate ticks=28146200140 tick_valid=2
N12
MARK:PID=2
MARK:SW=U>U
MARK:IRET
P10_TEXT_ROOT_PROOF AC=000000000C6A3000 KC=000000000DE83000 TC=000000000C6A3000 RC=000000000C6A3000 RIP=0000000000400037 AP=0000000000400103 TP=000000000C69D027
P10_ROOT_FRAME_WITNESS phase=pre_dispatch root=000000000C6A3000 pte=0000000000000000 phys=000000000C6A3000 used=1 lo=000000000C69C027 hi=0000000000000000 hash=AB3F4A62FAEF25FC
P10_TEXT_FRAME_WITNESS phase=pre_dispatch root=000000000C6A3000 pte=000000000C69D027 phys=000000000C69D000 used=1 lo=4800700000C3C748 hi=8948C0FF4808438B hash=3B68EAFA86874C6F
WTX4 R=000000000C6A3000 V=0000000000400037 I=0000000000000000 TP=000000000C6A3000 EP=000000000C6A3000 E=000000000C69C027 CF=000000000C69C000 4P=1 4W=1 4U=1 4N=0 4G=0 4H=0 4A=1 4D=0 4R=0 4X=1 4L=0
WTX3 R=000000000C6A3000 V=0000000000400037 I=0000000000000000 TP=000000000C69C000 EP=000000000C69C000 E=000000000C69B027 CF=000000000C69B000 3P=1 3W=1 3U=1 3N=0 3G=0 3H=0 3A=1 3D=0 3R=0 3X=1 3L=0
WTX2 R=000000000C6A3000 V=0000000000400037 I=0000000000000002 TP=000000000C69B000 EP=000000000C69B000 E=000000000C69A027 CF=000000000C69A000 2P=1 2W=1 2U=1 2N=0 2G=0 2H=0 2A=1 2D=0 2R=0 2X=1 2L=0
WTX1 R=000000000C6A3000 V=0000000000400037 I=0000000000000000 TP=000000000C69A000 EP=000000000C69A000 E=000000000C69D027 CF=000000000C69D000 1P=1 1W=1 1U=1 1N=0 1G=0 1H=0 1A=1 1D=0 1R=0 1X=1 1L=1
WTXP V=0000000000400037 EQ=0 KE=0000000000400103 KF=0000000000400000 KP=1 KW=1 KU=0 KN=0 KG=1 KH=0 KA=0 KD=0 KR=0 KX=1 KL=1 TE=000000000C69D027 TF=000000000C69D000 TP=1 TW=1 TU=1 TN=0 TG=0 TH=0 TA=1 TD=0 TR=0 TX=1 TL=1
P10_RING3_ATTEMPT
P10_RFLAGS_IF_ON
P10_RING3_FRAME_PROOF FRSP=FFFFFFFF82005C38 RIP=0000000000400037 CS=0000000000000023 RF=0000000000000246 RSP=00000000007FFFB8 SS=000000000000001B BYTES=370040000000000023000000000000004602000000000000B8FF7F00000000001B00000000000000
P10_RING3_GATE_PROOF TR=0028 CTX0=FFFFFFFF82005C60 TSS0=FFFFFFFF82005C60 FCS=0000000000000023 FSS=000000000000001B IDTB=FFFFFFFF800E9FC0 IDTL=0000000000000FFF GPSEL=0008 GPIST=0000000000000000 GPTA=000000000000008F GPOFF=FFFFFFFF80016EF0 PFSEL=0008 PFIST=0000000000000000 PFTA=000000000000008F PFOFF=FFFFFFFF80016FA0
P10_RING3_COMMIT
P10_CR3_SWITCH
P10_RING3_ENTER
TrY[IRQ][SCH]
P12[[AYKEN_PERF_MB_EXTRACT_RAW]] epoch=3 candidate_pid=2 owner_last_epoch=3 ticks=28151595062 tick_valid=2
[[AYKEN_PERF_MB_EXTRACT_REASON]] name=epoch_stale ticks=28152010358 tick_valid=2
[[AYKEN_PERF_MB_PATH]] name=fallback phase=enter ticks=28152179030 tick_valid=2
[[AYKEN_PERF_MB_PATH]] name=fallback phase=exit ticks=28152344754 tick_valid=2
[[AYKEN_PERF_MB_REASON]] name=no_candidate ticks=28152505340 tick_valid=2
N12
MARK:PID=2
MARK:SW=U>U
MARK:IRET
P10_TEXT_ROOT_PROOF AC=000000000C6A3000 KC=000000000DE83000 TC=000000000C6A3000 RC=000000000C6A3000 RIP=0000000000400037 AP=0000000000400103 TP=000000000C69D027
P10_ROOT_FRAME_WITNESS phase=pre_dispatch root=000000000C6A3000 pte=0000000000000000 phys=000000000C6A3000 used=1 lo=000000000C69C027 hi=0000000000000000 hash=AB3F4A62FAEF25FC
P10_TEXT_FRAME_WITNESS phase=pre_dispatch root=000000000C6A3000 pte=000000000C69D027 phys=000000000C69D000 used=1 lo=4800700000C3C748 hi=8948C0FF4808438B hash=3B68EAFA86874C6F
WTX4 R=000000000C6A3000 V=0000000000400037 I=0000000000000000 TP=000000000C6A3000 EP=000000000C6A3000 E=000000000C69C027 CF=000000000C69C000 4P=1 4W=1 4U=1 4N=0 4G=0 4H=0 4A=1 4D=0 4R=0 4X=1 4L=0
WTX3 R=000000000C6A3000 V=0000000000400037 I=0000000000000000 TP=000000000C69C000 EP=000000000C69C000 E=000000000C69B027 CF=000000000C69B000 3P=1 3W=1 3U=1 3N=0 3G=0 3H=0 3A=1 3D=0 3R=0 3X=1 3L=0
WTX2 R=000000000C6A3000 V=0000000000400037 I=0000000000000002 TP=000000000C69B000 EP=000000000C69B000 E=000000000C69A027 CF=000000000C69A000 2P=1 2W=1 2U=1 2N=0 2G=0 2H=0 2A=1 2D=0 2R=0 2X=1 2L=0
WTX1 R=000000000C6A3000 V=0000000000400037 I=0000000000000000 TP=000000000C69A000 EP=000000000C69A000 E=000000000C69D027 CF=000000000C69D000 1P=1 1W=1 1U=1 1N=0 1G=0 1H=0 1A=1 1D=0 1R=0 1X=1 1L=1
WTXP V=0000000000400037 EQ=0 KE=0000000000400103 KF=0000000000400000 KP=1 KW=1 KU=0 KN=0 KG=1 KH=0 KA=0 KD=0 KR=0 KX=1 KL=1 TE=000000000C69D027 TF=000000000C69D000 TP=1 TW=1 TU=1 TN=0 TG=0 TH=0 TA=1 TD=0 TR=0 TX=1 TL=1
P10_RING3_ATTEMPT
P10_RFLAGS_IF_ON
P10_RING3_FRAME_PROOF FRSP=FFFFFFFF82005C38 RIP=0000000000400037 CS=0000000000000023 RF=0000000000000246 RSP=00000000007FFFB8 SS=000000000000001B BYTES=370040000000000023000000000000004602000000000000B8FF7F00000000001B00000000000000
P10_RING3_GATE_PROOF TR=0028 CTX0=FFFFFFFF82005C60 TSS0=FFFFFFFF82005C60 FCS=0000000000000023 FSS=000000000000001B IDTB=FFFFFFFF800E9FC0 IDTL=0000000000000FFF GPSEL=0008 GPIST=0000000000000000 GPTA=000000000000008F GPOFF=FFFFFFFF80016EF0 PFSEL=0008 PFIST=0000000000000000 PFTA=000000000000008F PFOFF=FFFFFFFF80016FA0
P10_RING3_COMMIT
P10_CR3_SWITCH
P10_RING3_ENTER
rY[IRQ][SCH]
P12[[AYKEN_PERF_MB_EXTRACT_RAW]] epoch=3 candidate_pid=2 owner_last_epoch=3 ticks=28158206864 tick_valid=2
[[AYKEN_PERF_MB_EXTRACT_REASON]] name=epoch_stale ticks=28158424246 tick_valid=2
[[AYKEN_PERF_MB_PATH]] name=fallback phase=enter ticks=28158643014 tick_valid=2
[[AYKEN_PERF_MB_PATH]] name=fallback phase=exit ticks=28158809190 tick_valid=2
[[AYKEN_PERF_MB_REASON]] name=no_candidate ticks=28158969158 tick_valid=2
N12
MARK:PID=2
MARK:SW=U>U
MARK:IRET
P10_TEXT_ROOT_PROOF AC=000000000C6A3000 KC=000000000DE83000 TC=000000000C6A3000 RC=000000000C6A3000 RIP=0000000000400037 AP=0000000000400103 TP=000000000C69D027
P10_ROOT_FRAME_WITNESS phase=pre_dispatch root=000000000C6A3000 pte=0000000000000000 phys=000000000C6A3000 used=1 lo=000000000C69C027 hi=0000000000000000 hash=AB3F4A62FAEF25FC
P10_TEXT_FRAME_WITNESS phase=pre_dispatch root=000000000C6A3000 pte=000000000C69D027 phys=000000000C69D000 used=1 lo=4800700000C3C748 hi=8948C0FF4808438B hash=3B68EAFA86874C6F
WTX4 R=000000000C6A3000 V=0000000000400037 I=0000000000000000 TP=000000000C6A3000 EP=000000000C6A3000 E=000000000C69C027 CF=000000000C69C000 4P=1 4W=1 4U=1 4N=0 4G=0 4H=0 4A=1 4D=0 4R=0 4X=1 4L=0
WTX3 R=000000000C6A3000 V=0000000000400037 I=0000000000000000 TP=000000000C69C000 EP=000000000C69C000 E=000000000C69B027 CF=000000000C69B000 3P=1 3W=1 3U=1 3N=0 3G=0 3H=0 3A=1 3D=0 3R=0 3X=1 3L=0
WTX2 R=000000000C6A3000 V=0000000000400037 I=0000000000000002 TP=000000000C69B000 EP=000000000C69B000 E=000000000C69A027 CF=000000000C69A000 2P=1 2W=1 2U=1 2N=0 2G=0 2H=0 2A=1 2D=0 2R=0 2X=1 2L=0
WTX1 R=000000000C6A3000 V=0000000000400037 I=0000000000000000 TP=000000000C69A000 EP=000000000C69A000 E=000000000C69D027 CF=000000000C69D000 1P=1 1W=1 1U=1 1N=0 1G=0 1H=0 1A=1 1D=0 1R=0 1X=1 1L=1
WTXP V=0000000000400037 EQ=0 KE=0000000000400103 KF=0000000000400000 KP=1 KW=1 KU=0 KN=0 KG=1 KH=0 KA=0 KD=0 KR=0 KX=1 KL=1 TE=000000000C69D027 TF=000000000C69D000 TP=1 TW=1 TU=1 TN=0 TG=0 TH=0 TA=1 TD=0 TR=0 TX=1 TL=1
P10_RING3_ATTEMPT
P10_RFLAGS_IF_ON
P10_RING3_FRAME_PROOF FRSP=FFFFFFFF82005C38 RIP=0000000000400037 CS=0000000000000023 RF=0000000000000246 RSP=00000000007FFFB8 SS=000000000000001B BYTES=370040000000000023000000000000004602000000000000B8FF7F00000000001B00000000000000
P10_RING3_GATE_PROOF TR=0028 CTX0=FFFFFFFF82005C60 TSS0=FFFFFFFF82005C60 FCS=0000000000000023 FSS=000000000000001B IDTB=FFFFFFFF800E9FC0 IDTL=0000000000000FFF GPSEL=0008 GPIST=0000000000000000 GPTA=000000000000008F GPOFF=FFFFFFFF80016EF0 PFSEL=0008 PFIST=0000000000000000 PFTA=000000000000008F PFOFF=FFFFFFFF80016FA0
P10_RING3_COMMIT
P10_CR3_SWITCH
P10_RING3_ENTER
TrY[IRQ][SCH]
P12[[AYKEN_PERF_MB_EXTRACT_RAW]] epoch=3 candidate_pid=2 owner_last_epoch=3 ticks=28164417126 tick_valid=2
[[AYKEN_PERF_MB_EXTRACT_REASON]] name=epoch_stale ticks=28164634234 tick_valid=2
[[AYKEN_PERF_MB_PATH]] name=fallback phase=enter ticks=28164827746 tick_valid=2
[[AYKEN_PERF_MB_PATH]] name=fallback phase=exit ticks=28164994166 tick_valid=2
[[AYKEN_PERF_MB_REASON]] name=no_candidate ticks=28165154512 tick_valid=2
N12
MARK:PID=2
MARK:SW=U>U
MARK:IRET
P10_TEXT_ROOT_PROOF AC=000000000C6A3000 KC=000000000DE83000 TC=000000000C6A3000 RC=000000000C6A3000 RIP=0000000000400037 AP=0000000000400103 TP=000000000C69D027
P10_ROOT_FRAME_WITNESS phase=pre_dispatch root=000000000C6A3000 pte=0000000000000000 phys=000000000C6A3000 used=1 lo=000000000C69C027 hi=0000000000000000 hash=AB3F4A62FAEF25FC
P10_TEXT_FRAME_WITNESS phase=pre_dispatch root=000000000C6A3000 pte=000000000C69D027 phys=000000000C69D000 used=1 lo=4800700000C3C748 hi=8948C0FF4808438B hash=3B68EAFA86874C6F
WTX4 R=000000000C6A3000 V=0000000000400037 I=0000000000000000 TP=000000000C6A3000 EP=000000000C6A3000 E=000000000C69C027 CF=000000000C69C000 4P=1 4W=1 4U=1 4N=0 4G=0 4H=0 4A=1 4D=0 4R=0 4X=1 4L=0
WTX3 R=000000000C6A3000 V=0000000000400037 I=0000000000000000 TP=000000000C69C000 EP=000000000C69C000 E=000000000C69B027 CF=000000000C69B000 3P=1 3W=1 3U=1 3N=0 3G=0 3H=0 3A=1 3D=0 3R=0 3X=1 3L=0
WTX2 R=000000000C6A3000 V=0000000000400037 I=0000000000000002 TP=000000000C69B000 EP=000000000C69B000 E=000000000C69A027 CF=000000000C69A000 2P=1 2W=1 2U=1 2N=0 2G=0 2H=0 2A=1 2D=0 2R=0 2X=1 2L=0
WTX1 R=000000000C6A3000 V=0000000000400037 I=0000000000000000 TP=000000000C69A000 EP=000000000C69A000 E=000000000C69D027 CF=000000000C69D000 1P=1 1W=1 1U=1 1N=0 1G=0 1H=0 1A=1 1D=0 1R=0 1X=1 1L=1
WTXP V=0000000000400037 EQ=0 KE=0000000000400103 KF=0000000000400000 KP=1 KW=1 KU=0 KN=0 KG=1 KH=0 KA=0 KD=0 KR=0 KX=1 KL=1 TE=000000000C69D027 TF=000000000C69D000 TP=1 TW=1 TU=1 TN=0 TG=0 TH=0 TA=1 TD=0 TR=0 TX=1 TL=1
P10_RING3_ATTEMPT
P10_RFLAGS_IF_ON
P10_RING3_FRAME_PROOF FRSP=FFFFFFFF82005C38 RIP=0000000000400037 CS=0000000000000023 RF=0000000000000246 RSP=00000000007FFFB8 SS=000000000000001B BYTES=370040000000000023000000000000004602000000000000B8FF7F00000000001B00000000000000
P10_RING3_GATE_PROOF TR=0028 CTX0=FFFFFFFF82005C60 TSS0=FFFFFFFF82005C60 FCS=0000000000000023 FSS=000000000000001B IDTB=FFFFFFFF800E9FC0 IDTL=0000000000000FFF GPSEL=0008 GPIST=0000000000000000 GPTA=000000000000008F GPOFF=FFFFFFFF80016EF0 PFSEL=0008 PFIST=0000000000000000 PFTA=000000000000008F PFOFF=FFFFFFFF80016FA0
P10_RING3_COMMIT
P10_CR3_SWITCH
P10_RING3_ENTER
rY[IRQ][SCH]
P12[[AYKEN_PERF_MB_EXTRACT_RAW]] epoch=3 candidate_pid=2 owner_last_epoch=3 ticks=28171264402 tick_valid=2
[[AYKEN_PERF_MB_EXTRACT_REASON]] name=epoch_stale ticks=28171482744 tick_valid=2
[[AYKEN_PERF_MB_PATH]] name=fallback phase=enter ticks=28171652758 tick_valid=2
[[AYKEN_PERF_MB_PATH]] name=fallback phase=exit ticks=28171826630 tick_valid=2
[[AYKEN_PERF_MB_REASON]] name=no_candidate ticks=28171986734 tick_valid=2
N12
MARK:PID=2
MARK:SW=U>U
MARK:IRET
P10_TEXT_ROOT_PROOF AC=000000000C6A3000 KC=000000000DE83000 TC=000000000C6A3000 RC=000000000C6A3000 RIP=0000000000400037 AP=0000000000400103 TP=000000000C69D027
P10_ROOT_FRAME_WITNESS phase=pre_dispatch root=000000000C6A3000 pte=0000000000000000 phys=000000000C6A3000 used=1 lo=000000000C69C027 hi=0000000000000000 hash=AB3F4A62FAEF25FC
P10_TEXT_FRAME_WITNESS phase=pre_dispatch root=000000000C6A3000 pte=000000000C69D027 phys=000000000C69D000 used=1 lo=4800700000C3C748 hi=8948C0FF4808438B hash=3B68EAFA86874C6F
WTX4 R=000000000C6A3000 V=0000000000400037 I=0000000000000000 TP=000000000C6A3000 EP=000000000C6A3000 E=000000000C69C027 CF=000000000C69C000 4P=1 4W=1 4U=1 4N=0 4G=0 4H=0 4A=1 4D=0 4R=0 4X=1 4L=0
WTX3 R=000000000C6A3000 V=0000000000400037 I=0000000000000000 TP=000000000C69C000 EP=000000000C69C000 E=000000000C69B027 CF=000000000C69B000 3P=1 3W=1 3U=1 3N=0 3G=0 3H=0 3A=1 3D=0 3R=0 3X=1 3L=0
WTX2 R=000000000C6A3000 V=0000000000400037 I=0000000000000002 TP=000000000C69B000 EP=000000000C69B000 E=000000000C69A027 CF=000000000C69A000 2P=1 2W=1 2U=1 2N=0 2G=0 2H=0 2A=1 2D=0 2R=0 2X=1 2L=0
WTX1 R=000000000C6A3000 V=0000000000400037 I=0000000000000000 TP=000000000C69A000 EP=000000000C69A000 E=000000000C69D027 CF=000000000C69D000 1P=1 1W=1 1U=1 1N=0 1G=0 1H=0 1A=1 1D=0 1R=0 1X=1 1L=1
WTXP V=0000000000400037 EQ=0 KE=0000000000400103 KF=0000000000400000 KP=1 KW=1 KU=0 KN=0 KG=1 KH=0 KA=0 KD=0 KR=0 KX=1 KL=1 TE=000000000C69D027 TF=000000000C69D000 TP=1 TW=1 TU=1 TN=0 TG=0 TH=0 TA=1 TD=0 TR=0 TX=1 TL=1
P10_RING3_ATTEMPT
P10_RFLAGS_IF_ON
P10_RING3_FRAME_PROOF FRSP=FFFFFFFF82005C38 RIP=0000000000400037 CS=0000000000000023 RF=0000000000000246 RSP=00000000007FFFB8 SS=000000000000001B BYTES=370040000000000023000000000000004602000000000000B8FF7F00000000001B00000000000000
P10_RING3_GATE_PROOF TR=0028 CTX0=FFFFFFFF82005C60 TSS0=FFFFFFFF82005C60 FCS=0000000000000023 FSS=000000000000001B IDTB=FFFFFFFF800E9FC0 IDTL=0000000000000FFF GPSEL=0008 GPIST=0000000000000000 GPTA=000000000000008F GPOFF=FFFFFFFF80016EF0 PFSEL=0008 PFIST=0000000000000000 PFTA=000000000000008F PFOFF=FFFFFFFF80016FA0
P10_RING3_COMMIT
P10_CR3_SWITCH
P10_RING3_ENTER
TrY[IRQ][SCH]
P12[[AYKEN_PERF_MB_EXTRACT_RAW]] epoch=3 candidate_pid=2 owner_last_epoch=3 ticks=28177456094 tick_valid=2
[[AYKEN_PERF_MB_EXTRACT_REASON]] name=epoch_stale ticks=28177673718 tick_valid=2
[[AYKEN_PERF_MB_PATH]] name=fallback phase=enter ticks=28177843068 tick_valid=2
[[AYKEN_PERF_MB_PATH]] name=fallback phase=exit ticks=28178008500 tick_valid=2
[[AYKEN_PERF_MB_REASON]] name=no_candidate ticks=28178242130 tick_valid=2
N12
MARK:PID=2
MARK:SW=U>U
MARK:IRET
P10_TEXT_ROOT_PROOF AC=000000000C6A3000 KC=000000000DE83000 TC=000000000C6A3000 RC=000000000C6A3000 RIP=0000000000400037 AP=0000000000400103 TP=000000000C69D027
P10_ROOT_FRAME_WITNESS phase=pre_dispatch root=000000000C6A3000 pte=0000000000000000 phys=000000000C6A3000 used=1 lo=000000000C69C027 hi=0000000000000000 hash=AB3F4A62FAEF25FC
P10_TEXT_FRAME_WITNESS phase=pre_dispatch root=000000000C6A3000 pte=000000000C69D027 phys=000000000C69D000 used=1 lo=4800700000C3C748 hi=8948C0FF4808438B hash=3B68EAFA86874C6F
WTX4 R=000000000C6A3000 V=0000000000400037 I=0000000000000000 TP=000000000C6A3000 EP=000000000C6A3000 E=000000000C69C027 CF=000000000C69C000 4P=1 4W=1 4U=1 4N=0 4G=0 4H=0 4A=1 4D=0 4R=0 4X=1 4L=0
WTX3 R=000000000C6A3000 V=0000000000400037 I=0000000000000000 TP=000000000C69C000 EP=000000000C69C000 E=000000000C69B027 CF=000000000C69B000 3P=1 3W=1 3U=1 3N=0 3G=0 3H=0 3A=1 3D=0 3R=0 3X=1 3L=0
WTX2 R=000000000C6A3000 V=0000000000400037 I=0000000000000002 TP=000000000C69B000 EP=000000000C69B000 E=000000000C69A027 CF=000000000C69A000 2P=1 2W=1 2U=1 2N=0 2G=0 2H=0 2A=1 2D=0 2R=0 2X=1 2L=0
WTX1 R=000000000C6A3000 V=0000000000400037 I=0000000000000000 TP=000000000C69A000 EP=000000000C69A000 E=000000000C69D027 CF=000000000C69D000 1P=1 1W=1 1U=1 1N=0 1G=0 1H=0 1A=1 1D=0 1R=0 1X=1 1L=1
WTXP V=0000000000400037 EQ=0 KE=0000000000400103 KF=0000000000400000 KP=1 KW=1 KU=0 KN=0 KG=1 KH=0 KA=0 KD=0 KR=0 KX=1 KL=1 TE=000000000C69D027 TF=000000000C69D000 TP=1 TW=1 TU=1 TN=0 TG=0 TH=0 TA=1 TD=0 TR=0 TX=1 TL=1
P10_RING3_ATTEMPT
P10_RFLAGS_IF_ON
P10_RING3_FRAME_PROOF FRSP=FFFFFFFF82005C38 RIP=0000000000400037 CS=0000000000000023 RF=0000000000000246 RSP=00000000007FFFB8 SS=000000000000001B BYTES=370040000000000023000000000000004602000000000000B8FF7F00000000001B00000000000000
P10_RING3_GATE_PROOF TR=0028 CTX0=FFFFFFFF82005C60 TSS0=FFFFFFFF82005C60 FCS=0000000000000023 FSS=000000000000001B IDTB=FFFFFFFF800E9FC0 IDTL=0000000000000FFF GPSEL=0008 GPIST=0000000000000000 GPTA=000000000000008F GPOFF=FFFFFFFF80016EF0 PFSEL=0008 PFIST=0000000000000000 PFTA=000000000000008F PFOFF=FFFFFFFF80016FA0
P10_RING3_COMMIT
P10_CR3_SWITCH
P10_RING3_ENTER
rY[IRQ][SCH]
P12[[AYKEN_PERF_MB_EXTRACT_RAW]] epoch=3 candidate_pid=2 owner_last_epoch=3 ticks=28184152416 tick_valid=2
[[AYKEN_PERF_MB_EXTRACT_REASON]] name=epoch_stale ticks=28184395922 tick_valid=2
[[AYKEN_PERF_MB_PATH]] name=fallback phase=enter ticks=28184564474 tick_valid=2
[[AYKEN_PERF_MB_PATH]] name=fallback phase=exit ticks=28184730526 tick_valid=2
[[AYKEN_PERF_MB_REASON]] name=no_candidate ticks=28184890550 tick_valid=2
N12
MARK:PID=2
MARK:SW=U>U
MARK:IRET
P10_TEXT_ROOT_PROOF AC=000000000C6A3000 KC=000000000DE83000 TC=000000000C6A3000 RC=000000000C6A3000 RIP=0000000000400037 AP=0000000000400103 TP=000000000C69D027
P10_ROOT_FRAME_WITNESS phase=pre_dispatch root=000000000C6A3000 pte=0000000000000000 phys=000000000C6A3000 used=1 lo=000000000C69C027 hi=0000000000000000 hash=AB3F4A62FAEF25FC
P10_TEXT_FRAME_WITNESS phase=pre_dispatch root=000000000C6A3000 pte=000000000C69D027 phys=000000000C69D000 used=1 lo=4800700000C3C748 hi=8948C0FF4808438B hash=3B68EAFA86874C6F
WTX4 R=000000000C6A3000 V=0000000000400037 I=0000000000000000 TP=000000000C6A3000 EP=000000000C6A3000 E=000000000C69C027 CF=000000000C69C000 4P=1 4W=1 4U=1 4N=0 4G=0 4H=0 4A=1 4D=0 4R=0 4X=1 4L=0
WTX3 R=000000000C6A3000 V=0000000000400037 I=0000000000000000 TP=000000000C69C000 EP=000000000C69C000 E=000000000C69B027 CF=000000000C69B000 3P=1 3W=1 3U=1 3N=0 3G=0 3H=0 3A=1 3D=0 3R=0 3X=1 3L=0
WTX2 R=000000000C6A3000 V=0000000000400037 I=0000000000000002 TP=000000000C69B000 EP=000000000C69B000 E=000000000C69A027 CF=000000000C69A000 2P=1 2W=1 2U=1 2N=0 2G=0 2H=0 2A=1 2D=0 2R=0 2X=1 2L=0
WTX1 R=000000000C6A3000 V=0000000000400037 I=0000000000000000 TP=000000000C69A000 EP=000000000C69A000 E=000000000C69D027 CF=000000000C69D000 1P=1 1W=1 1U=1 1N=0 1G=0 1H=0 1A=1 1D=0 1R=0 1X=1 1L=1
WTXP V=0000000000400037 EQ=0 KE=0000000000400103 KF=0000000000400000 KP=1 KW=1 KU=0 KN=0 KG=1 KH=0 KA=0 KD=0 KR=0 KX=1 KL=1 TE=000000000C69D027 TF=000000000C69D000 TP=1 TW=1 TU=1 TN=0 TG=0 TH=0 TA=1 TD=0 TR=0 TX=1 TL=1
P10_RING3_ATTEMPT
P10_RFLAGS_IF_ON
P10_RING3_FRAME_PROOF FRSP=FFFFFFFF82005C38 RIP=0000000000400037 CS=0000000000000023 RF=0000000000000246 RSP=00000000007FFFB8 SS=000000000000001B BYTES=370040000000000023000000000000004602000000000000B8FF7F00000000001B00000000000000
P10_RING3_GATE_PROOF TR=0028 CTX0=FFFFFFFF82005C60 TSS0=FFFFFFFF82005C60 FCS=0000000000000023 FSS=000000000000001B IDTB=FFFFFFFF800E9FC0 IDTL=0000000000000FFF GPSEL=0008 GPIST=0000000000000000 GPTA=000000000000008F GPOFF=FFFFFFFF80016EF0 PFSEL=0008 PFIST=0000000000000000 PFTA=000000000000008F PFOFF=FFFFFFFF80016FA0
P10_RING3_COMMIT
P10_CR3_SWITCH
P10_RING3_ENTER
TrY[IRQ][SCH]
P12[[AYKEN_PERF_MB_EXTRACT_RAW]] epoch=3 candidate_pid=2 owner_last_epoch=3 ticks=28190372190 tick_valid=2
[[AYKEN_PERF_MB_EXTRACT_REASON]] name=epoch_stale ticks=28190589642 tick_valid=2
[[AYKEN_PERF_MB_PATH]] name=fallback phase=enter ticks=28190824078 tick_valid=2
[[AYKEN_PERF_MB_PATH]] name=fallback phase=exit ticks=28190988648 tick_valid=2
[[AYKEN_PERF_MB_REASON]] name=no_candidate ticks=28191149290 tick_valid=2
N12
MARK:PID=2
MARK:SW=U>U
MARK:IRET
P10_TEXT_ROOT_PROOF AC=000000000C6A3000 KC=000000000DE83000 TC=000000000C6A3000 RC=000000000C6A3000 RIP=0000000000400037 AP=0000000000400103 TP=000000000C69D027
P10_ROOT_FRAME_WITNESS phase=pre_dispatch root=000000000C6A3000 pte=0000000000000000 phys=000000000C6A3000 used=1 lo=000000000C69C027 hi=0000000000000000 hash=AB3F4A62FAEF25FC
P10_TEXT_FRAME_WITNESS phase=pre_dispatch root=000000000C6A3000 pte=000000000C69D027 phys=000000000C69D000 used=1 lo=4800700000C3C748 hi=8948C0FF4808438B hash=3B68EAFA86874C6F
WTX4 R=000000000C6A3000 V=0000000000400037 I=0000000000000000 TP=000000000C6A3000 EP=000000000C6A3000 E=000000000C69C027 CF=000000000C69C000 4P=1 4W=1 4U=1 4N=0 4G=0 4H=0 4A=1 4D=0 4R=0 4X=1 4L=0
WTX3 R=000000000C6A3000 V=0000000000400037 I=0000000000000000 TP=000000000C69C000 EP=000000000C69C000 E=000000000C69B027 CF=000000000C69B000 3P=1 3W=1 3U=1 3N=0 3G=0 3H=0 3A=1 3D=0 3R=0 3X=1 3L=0
WTX2 R=000000000C6A3000 V=0000000000400037 I=0000000000000002 TP=000000000C69B000 EP=000000000C69B000 E=000000000C69A027 CF=000000000C69A000 2P=1 2W=1 2U=1 2N=0 2G=0 2H=0 2A=1 2D=0 2R=0 2X=1 2L=0
WTX1 R=000000000C6A3000 V=0000000000400037 I=0000000000000000 TP=000000000C69A000 EP=000000000C69A000 E=000000000C69D027 CF=000000000C69D000 1P=1 1W=1 1U=1 1N=0 1G=0 1H=0 1A=1 1D=0 1R=0 1X=1 1L=1
WTXP V=0000000000400037 EQ=0 KE=0000000000400103 KF=0000000000400000 KP=1 KW=1 KU=0 KN=0 KG=1 KH=0 KA=0 KD=0 KR=0 KX=1 KL=1 TE=000000000C69D027 TF=000000000C69D000 TP=1 TW=1 TU=1 TN=0 TG=0 TH=0 TA=1 TD=0 TR=0 TX=1 TL=1
P10_RING3_ATTEMPT
P10_RFLAGS_IF_ON
P10_RING3_FRAME_PROOF FRSP=FFFFFFFF82005C38 RIP=0000000000400037 CS=0000000000000023 RF=0000000000000246 RSP=00000000007FFFB8 SS=000000000000001B BYTES=370040000000000023000000000000004602000000000000B8FF7F00000000001B00000000000000
P10_RING3_GATE_PROOF TR=0028 CTX0=FFFFFFFF82005C60 TSS0=FFFFFFFF82005C60 FCS=0000000000000023 FSS=000000000000001B IDTB=FFFFFFFF800E9FC0 IDTL=0000000000000FFF GPSEL=0008 GPIST=0000000000000000 GPTA=000000000000008F GPOFF=FFFFFFFF80016EF0 PFSEL=0008 PFIST=0000000000000000 PFTA=000000000000008F PFOFF=FFFFFFFF80016FA0
P10_RING3_COMMIT
P10_CR3_SWITCH
P10_RING3_ENTER
rY[IRQ][SCH]
P12[[AYKEN_PERF_MB_EXTRACT_RAW]] epoch=3 candidate_pid=2 owner_last_epoch=3 ticks=28196669372 tick_valid=2
[[AYKEN_PERF_MB_EXTRACT_REASON]] name=epoch_stale ticks=28196887026 tick_valid=2
[[AYKEN_PERF_MB_PATH]] name=fallback phase=enter ticks=28197055470 tick_valid=2
[[AYKEN_PERF_MB_PATH]] name=fallback phase=exit ticks=28197222126 tick_valid=2
[[AYKEN_PERF_MB_REASON]] name=no_candidate ticks=28197382670 tick_valid=2
N12
MARK:PID=2
MARK:SW=U>U
MARK:IRET
P10_TEXT_ROOT_PROOF AC=000000000C6A3000 KC=000000000DE83000 TC=000000000C6A3000 RC=000000000C6A3000 RIP=0000000000400037 AP=0000000000400103 TP=000000000C69D027
P10_ROOT_FRAME_WITNESS phase=pre_dispatch root=000000000C6A3000 pte=0000000000000000 phys=000000000C6A3000 used=1 lo=000000000C69C027 hi=0000000000000000 hash=AB3F4A62FAEF25FC
P10_TEXT_FRAME_WITNESS phase=pre_dispatch root=000000000C6A3000 pte=000000000C69D027 phys=000000000C69D000 used=1 lo=4800700000C3C748 hi=8948C0FF4808438B hash=3B68EAFA86874C6F
WTX4 R=000000000C6A3000 V=0000000000400037 I=0000000000000000 TP=000000000C6A3000 EP=000000000C6A3000 E=000000000C69C027 CF=000000000C69C000 4P=1 4W=1 4U=1 4N=0 4G=0 4H=0 4A=1 4D=0 4R=0 4X=1 4L=0
WTX3 R=000000000C6A3000 V=0000000000400037 I=0000000000000000 TP=000000000C69C000 EP=000000000C69C000 E=000000000C69B027 CF=000000000C69B000 3P=1 3W=1 3U=1 3N=0 3G=0 3H=0 3A=1 3D=0 3R=0 3X=1 3L=0
WTX2 R=000000000C6A3000 V=0000000000400037 I=0000000000000002 TP=000000000C69B000 EP=000000000C69B000 E=000000000C69A027 CF=000000000C69A000 2P=1 2W=1 2U=1 2N=0 2G=0 2H=0 2A=1 2D=0 2R=0 2X=1 2L=0
WTX1 R=000000000C6A3000 V=0000000000400037 I=0000000000000000 TP=000000000C69A000 EP=000000000C69A000 E=000000000C69D027 CF=000000000C69D000 1P=1 1W=1 1U=1 1N=0 1G=0 1H=0 1A=1 1D=0 1R=0 1X=1 1L=1
WTXP V=0000000000400037 EQ=0 KE=0000000000400103 KF=0000000000400000 KP=1 KW=1 KU=0 KN=0 KG=1 KH=0 KA=0 KD=0 KR=0 KX=1 KL=1 TE=000000000C69D027 TF=000000000C69D000 TP=1 TW=1 TU=1 TN=0 TG=0 TH=0 TA=1 TD=0 TR=0 TX=1 TL=1
P10_RING3_ATTEMPT
P10_RFLAGS_IF_ON
P10_RING3_FRAME_PROOF FRSP=FFFFFFFF82005C38 RIP=0000000000400037 CS=0000000000000023 RF=0000000000000246 RSP=00000000007FFFB8 SS=000000000000001B BYTES=370040000000000023000000000000004602000000000000B8FF7F00000000001B00000000000000
P10_RING3_GATE_PROOF TR=0028 CTX0=FFFFFFFF82005C60 TSS0=FFFFFFFF82005C60 FCS=0000000000000023 FSS=000000000000001B IDTB=FFFFFFFF800E9FC0 IDTL=0000000000000FFF GPSEL=0008 GPIST=0000000000000000 GPTA=000000000000008F GPOFF=FFFFFFFF80016EF0 PFSEL=0008 PFIST=0000000000000000 PFTA=000000000000008F PFOFF=FFFFFFFF80016FA0
P10_RING3_COMMIT
P10_CR3_SWITCH
P10_RING3_ENTER
TrY[IRQ][SCH]
P12[[AYKEN_PERF_MB_EXTRACT_RAW]] epoch=3 candidate_pid=2 owner_last_epoch=3 ticks=28202827108 tick_valid=2
[[AYKEN_PERF_MB_EXTRACT_REASON]] name=epoch_stale ticks=28203045194 tick_valid=2
[[AYKEN_PERF_MB_PATH]] name=fallback phase=enter ticks=28203214142 tick_valid=2
[[AYKEN_PERF_MB_PATH]] name=fallback phase=exit ticks=28203455342 tick_valid=2
[[AYKEN_PERF_MB_REASON]] name=no_candidate ticks=28203615030 tick_valid=2
N12
MARK:PID=2
MARK:SW=U>U
MARK:IRET
P10_TEXT_ROOT_PROOF AC=000000000C6A3000 KC=000000000DE83000 TC=000000000C6A3000 RC=000000000C6A3000 RIP=0000000000400037 AP=0000000000400103 TP=000000000C69D027
P10_ROOT_FRAME_WITNESS phase=pre_dispatch root=000000000C6A3000 pte=0000000000000000 phys=000000000C6A3000 used=1 lo=000000000C69C027 hi=0000000000000000 hash=AB3F4A62FAEF25FC
P10_TEXT_FRAME_WITNESS phase=pre_dispatch root=000000000C6A3000 pte=000000000C69D027 phys=000000000C69D000 used=1 lo=4800700000C3C748 hi=8948C0FF4808438B hash=3B68EAFA86874C6F
WTX4 R=000000000C6A3000 V=0000000000400037 I=0000000000000000 TP=000000000C6A3000 EP=000000000C6A3000 E=000000000C69C027 CF=000000000C69C000 4P=1 4W=1 4U=1 4N=0 4G=0 4H=0 4A=1 4D=0 4R=0 4X=1 4L=0
WTX3 R=000000000C6A3000 V=0000000000400037 I=0000000000000000 TP=000000000C69C000 EP=000000000C69C000 E=000000000C69B027 CF=000000000C69B000 3P=1 3W=1 3U=1 3N=0 3G=0 3H=0 3A=1 3D=0 3R=0 3X=1 3L=0
WTX2 R=000000000C6A3000 V=0000000000400037 I=0000000000000002 TP=000000000C69B000 EP=000000000C69B000 E=000000000C69A027 CF=000000000C69A000 2P=1 2W=1 2U=1 2N=0 2G=0 2H=0 2A=1 2D=0 2R=0 2X=1 2L=0
WTX1 R=000000000C6A3000 V=0000000000400037 I=0000000000000000 TP=000000000C69A000 EP=000000000C69A000 E=000000000C69D027 CF=000000000C69D000 1P=1 1W=1 1U=1 1N=0 1G=0 1H=0 1A=1 1D=0 1R=0 1X=1 1L=1
WTXP V=0000000000400037 EQ=0 KE=0000000000400103 KF=0000000000400000 KP=1 KW=1 KU=0 KN=0 KG=1 KH=0 KA=0 KD=0 KR=0 KX=1 KL=1 TE=000000000C69D027 TF=000000000C69D000 TP=1 TW=1 TU=1 TN=0 TG=0 TH=0 TA=1 TD=0 TR=0 TX=1 TL=1
P10_RING3_ATTEMPT
P10_RFLAGS_IF_ON
P10_RING3_FRAME_PROOF FRSP=FFFFFFFF82005C38 RIP=0000000000400037 CS=0000000000000023 RF=0000000000000246 RSP=00000000007FFFB8 SS=000000000000001B BYTES=370040000000000023000000000000004602000000000000B8FF7F00000000001B00000000000000
P10_RING3_GATE_PROOF TR=0028 CTX0=FFFFFFFF82005C60 TSS0=FFFFFFFF82005C60 FCS=0000000000000023 FSS=000000000000001B IDTB=FFFFFFFF800E9FC0 IDTL=0000000000000FFF GPSEL=0008 GPIST=0000000000000000 GPTA=000000000000008F GPOFF=FFFFFFFF80016EF0 PFSEL=0008 PFIST=0000000000000000 PFTA=000000000000008F PFOFF=FFFFFFFF80016FA0
P10_RING3_COMMIT
P10_CR3_SWITCH
P10_RING3_ENTER
rY[IRQ][SCH]
P12[[AYKEN_PERF_MB_EXTRACT_RAW]] epoch=3 candidate_pid=2 owner_last_epoch=3 ticks=28209359348 tick_valid=2
[[AYKEN_PERF_MB_EXTRACT_REASON]] name=epoch_stale ticks=28209736296 tick_valid=2
[[AYKEN_PERF_MB_PATH]] name=fallback phase=enter ticks=28209999318 tick_valid=2
[[AYKEN_PERF_MB_PATH]] name=fallback phase=exit ticks=28210251700 tick_valid=2
[[AYKEN_PERF_MB_REASON]] name=no_candidate ticks=28210600354 tick_valid=2
N12
MARK:PID=2
MARK:SW=U>U
MARK:IRET
P10_TEXT_ROOT_PROOF AC=000000000C6A3000 KC=000000000DE83000 TC=000000000C6A3000 RC=000000000C6A3000 RIP=0000000000400037 AP=0000000000400103 TP=000000000C69D027
P10_ROOT_FRAME_WITNESS phase=pre_dispatch root=000000000C6A3000 pte=0000000000000000 phys=000000000C6A3000 used=1 lo=000000000C69C027 hi=0000000000000000 hash=AB3F4A62FAEF25FC
P10_TEXT_FRAME_WITNESS phase=pre_dispatch root=000000000C6A3000 pte=000000000C69D027 phys=000000000C69D000 used=1 lo=4800700000C3C748 hi=8948C0FF4808438B hash=3B68EAFA86874C6F
WTX4 R=000000000C6A3000 V=0000000000400037 I=0000000000000000 TP=000000000C6A3000 EP=000000000C6A3000 E=000000000C69C027 CF=000000000C69C000 4P=1 4W=1 4U=1 4N=0 4G=0 4H=0 4A=1 4D=0 4R=0 4X=1 4L=0
WTX3 R=000000000C6A3000 V=0000000000400037 I=0000000000000000 TP=000000000C69C000 EP=000000000C69C000 E=000000000C69B027 CF=000000000C69B000 3P=1 3W=1 3U=1 3N=0 3G=0 3H=0 3A=1 3D=0 3R=0 3X=1 3L=0
WTX2 R=000000000C6A3000 V=0000000000400037 I=0000000000000002 TP=000000000C69B000 EP=000000000C69B000 E=000000000C69A027 CF=000000000C69A000 2P=1 2W=1 2U=1 2N=0 2G=0 2H=0 2A=1 2D=0 2R=0 2X=1 2L=0
WTX1 R=000000000C6A3000 V=0000000000400037 I=0000000000000000 TP=000000000C69A000 EP=000000000C69A000 E=000000000C69D027 CF=000000000C69D000 1P=1 1W=1 1U=1 1N=0 1G=0 1H=0 1A=1 1D=0 1R=0 1X=1 1L=1
WTXP V=0000000000400037 EQ=0 KE=0000000000400103 KF=0000000000400000 KP=1 KW=1 KU=0 KN=0 KG=1 KH=0 KA=0 KD=0 KR=0 KX=1 KL=1 TE=000000000C69D027 TF=000000000C69D000 TP=1 TW=1 TU=1 TN=0 TG=0 TH=0 TA=1 TD=0 TR=0 TX=1 TL=1
P10_RING3_ATTEMPT
P10_RFLAGS_IF_ON
P10_RING3_FRAME_PROOF FRSP=FFFFFFFF82005C38 RIP=0000000000400037 CS=0000000000000023 RF=0000000000000246 RSP=00000000007FFFB8 SS=000000000000001B BYTES=370040000000000023000000000000004602000000000000B8FF7F00000000001B00000000000000
P10_RING3_GATE_PROOF TR=0028 CTX0=FFFFFFFF82005C60 TSS0=FFFFFFFF82005C60 FCS=0000000000000023 FSS=000000000000001B IDTB=FFFFFFFF800E9FC0 IDTL=0000000000000FFF GPSEL=0008 GPIST=0000000000000000 GPTA=000000000000008F GPOFF=FFFFFFFF80016EF0 PFSEL=0008 PFIST=0000000000000000 PFTA=000000000000008F PFOFF=FFFFFFFF80016FA0
P10_RING3_COMMIT
P10_CR3_SWITCH
P10_RING3_ENTER
TrY[IRQ][SCH]
P12[[AYKEN_PERF_MB_EXTRACT_RAW]] epoch=3 candidate_pid=2 owner_last_epoch=3 ticks=28216965666 tick_valid=2
[[AYKEN_PERF_MB_EXTRACT_REASON]] name=epoch_stale ticks=28217186960 tick_valid=2
[[AYKEN_PERF_MB_PATH]] name=fallback phase=enter ticks=28217380872 tick_valid=2
[[AYKEN_PERF_MB_PATH]] name=fallback phase=exit ticks=28217548470 tick_valid=2
[[AYKEN_PERF_MB_REASON]] name=no_candidate ticks=28217709438 tick_valid=2
N12
MARK:PID=2
MARK:SW=U>U
MARK:IRET
P10_TEXT_ROOT_PROOF AC=000000000C6A3000 KC=000000000DE83000 TC=000000000C6A3000 RC=000000000C6A3000 RIP=0000000000400037 AP=0000000000400103 TP=000000000C69D027
P10_ROOT_FRAME_WITNESS phase=pre_dispatch root=000000000C6A3000 pte=0000000000000000 phys=000000000C6A3000 used=1 lo=000000000C69C027 hi=0000000000000000 hash=AB3F4A62FAEF25FC
P10_TEXT_FRAME_WITNESS phase=pre_dispatch root=000000000C6A3000 pte=000000000C69D027 phys=000000000C69D000 used=1 lo=4800700000C3C748 hi=8948C0FF4808438B hash=3B68EAFA86874C6F
WTX4 R=000000000C6A3000 V=0000000000400037 I=0000000000000000 TP=000000000C6A3000 EP=000000000C6A3000 E=000000000C69C027 CF=000000000C69C000 4P=1 4W=1 4U=1 4N=0 4G=0 4H=0 4A=1 4D=0 4R=0 4X=1 4L=0
WTX3 R=000000000C6A3000 V=0000000000400037 I=0000000000000000 TP=000000000C69C000 EP=000000000C69C000 E=000000000C69B027 CF=000000000C69B000 3P=1 3W=1 3U=1 3N=0 3G=0 3H=0 3A=1 3D=0 3R=0 3X=1 3L=0
WTX2 R=000000000C6A3000 V=0000000000400037 I=0000000000000002 TP=000000000C69B000 EP=000000000C69B000 E=000000000C69A027 CF=000000000C69A000 2P=1 2W=1 2U=1 2N=0 2G=0 2H=0 2A=1 2D=0 2R=0 2X=1 2L=0
WTX1 R=000000000C6A3000 V=0000000000400037 I=0000000000000000 TP=000000000C69A000 EP=000000000C69A000 E=000000000C69D027 CF=000000000C69D000 1P=1 1W=1 1U=1 1N=0 1G=0 1H=0 1A=1 1D=0 1R=0 1X=1 1L=1
WTXP V=0000000000400037 EQ=0 KE=0000000000400103 KF=0000000000400000 KP=1 KW=1 KU=0 KN=0 KG=1 KH=0 KA=0 KD=0 KR=0 KX=1 KL=1 TE=000000000C69D027 TF=000000000C69D000 TP=1 TW=1 TU=1 TN=0 TG=0 TH=0 TA=1 TD=0 TR=0 TX=1 TL=1
P10_RING3_ATTEMPT
P10_RFLAGS_IF_ON
P10_RING3_FRAME_PROOF FRSP=FFFFFFFF82005C38 RIP=0000000000400037 CS=0000000000000023 RF=0000000000000246 RSP=00000000007FFFB8 SS=000000000000001B BYTES=370040000000000023000000000000004602000000000000B8FF7F00000000001B00000000000000
P10_RING3_GATE_PROOF TR=0028 CTX0=FFFFFFFF82005C60 TSS0=FFFFFFFF82005C60 FCS=0000000000000023 FSS=000000000000001B IDTB=FFFFFFFF800E9FC0 IDTL=0000000000000FFF GPSEL=0008 GPIST=0000000000000000 GPTA=000000000000008F GPOFF=FFFFFFFF80016EF0 PFSEL=0008 PFIST=0000000000000000 PFTA=000000000000008F PFOFF=FFFFFFFF80016FA0
P10_RING3_COMMIT
P10_CR3_SWITCH
P10_RING3_ENTER
rY[IRQ][SCH]
P12[[AYKEN_PERF_MB_EXTRACT_RAW]] epoch=3 candidate_pid=2 owner_last_epoch=3 ticks=28223033912 tick_valid=2
[[AYKEN_PERF_MB_EXTRACT_REASON]] name=epoch_stale ticks=28223252926 tick_valid=2
[[AYKEN_PERF_MB_PATH]] name=fallback phase=enter ticks=28223447066 tick_valid=2
[[AYKEN_PERF_MB_PATH]] name=fallback phase=exit ticks=28223613240 tick_valid=2
[[AYKEN_PERF_MB_REASON]] name=no_candidate ticks=28223774374 tick_valid=2
N12
MARK:PID=2
MARK:SW=U>U
MARK:IRET
P10_TEXT_ROOT_PROOF AC=000000000C6A3000 KC=000000000DE83000 TC=000000000C6A3000 RC=000000000C6A3000 RIP=0000000000400037 AP=0000000000400103 TP=000000000C69D027
P10_ROOT_FRAME_WITNESS phase=pre_dispatch root=000000000C6A3000 pte=0000000000000000 phys=000000000C6A3000 used=1 lo=000000000C69C027 hi=0000000000000000 hash=AB3F4A62FAEF25FC
P10_TEXT_FRAME_WITNESS phase=pre_dispatch root=000000000C6A3000 pte=000000000C69D027 phys=000000000C69D000 used=1 lo=4800700000C3C748 hi=8948C0FF4808438B hash=3B68EAFA86874C6F
WTX4 R=000000000C6A3000 V=0000000000400037 I=0000000000000000 TP=000000000C6A3000 EP=000000000C6A3000 E=000000000C69C027 CF=000000000C69C000 4P=1 4W=1 4U=1 4N=0 4G=0 4H=0 4A=1 4D=0 4R=0 4X=1 4L=0
WTX3 R=000000000C6A3000 V=0000000000400037 I=0000000000000000 TP=000000000C69C000 EP=000000000C69C000 E=000000000C69B027 CF=000000000C69B000 3P=1 3W=1 3U=1 3N=0 3G=0 3H=0 3A=1 3D=0 3R=0 3X=1 3L=0
WTX2 R=000000000C6A3000 V=0000000000400037 I=0000000000000002 TP=000000000C69B000 EP=000000000C69B000 E=000000000C69A027 CF=000000000C69A000 2P=1 2W=1 2U=1 2N=0 2G=0 2H=0 2A=1 2D=0 2R=0 2X=1 2L=0
WTX1 R=000000000C6A3000 V=0000000000400037 I=0000000000000000 TP=000000000C69A000 EP=000000000C69A000 E=000000000C69D027 CF=000000000C69D000 1P=1 1W=1 1U=1 1N=0 1G=0 1H=0 1A=1 1D=0 1R=0 1X=1 1L=1
WTXP V=0000000000400037 EQ=0 KE=0000000000400103 KF=0000000000400000 KP=1 KW=1 KU=0 KN=0 KG=1 KH=0 KA=0 KD=0 KR=0 KX=1 KL=1 TE=000000000C69D027 TF=000000000C69D000 TP=1 TW=1 TU=1 TN=0 TG=0 TH=0 TA=1 TD=0 TR=0 TX=1 TL=1
P10_RING3_ATTEMPT
P10_RFLAGS_IF_ON
P10_RING3_FRAME_PROOF FRSP=FFFFFFFF82005C38 RIP=0000000000400037 CS=0000000000000023 RF=0000000000000246 RSP=00000000007FFFB8 SS=000000000000001B BYTES=370040000000000023000000000000004602000000000000B8FF7F00000000001B00000000000000
P10_RING3_GATE_PROOF TR=0028 CTX0=FFFFFFFF82005C60 TSS0=FFFFFFFF82005C60 FCS=0000000000000023 FSS=000000000000001B IDTB=FFFFFFFF800E9FC0 IDTL=0000000000000FFF GPSEL=0008 GPIST=0000000000000000 GPTA=000000000000008F GPOFF=FFFFFFFF80016EF0 PFSEL=0008 PFIST=0000000000000000 PFTA=000000000000008F PFOFF=FFFFFFFF80016FA0
P10_RING3_COMMIT
P10_CR3_SWITCH
P10_RING3_ENTER
TrY[IRQ][SCH]
P12[[AYKEN_PERF_MB_EXTRACT_RAW]] epoch=3 candidate_pid=2 owner_last_epoch=3 ticks=28229031046 tick_valid=2
[[AYKEN_PERF_MB_EXTRACT_REASON]] name=epoch_stale ticks=28229248558 tick_valid=2
[[AYKEN_PERF_MB_PATH]] name=fallback phase=enter ticks=28229418026 tick_valid=2
[[AYKEN_PERF_MB_PATH]] name=fallback phase=exit ticks=28229583814 tick_valid=2
[[AYKEN_PERF_MB_REASON]] name=no_candidate ticks=28229744722 tick_valid=2
N12
MARK:PID=2
MARK:SW=U>U
MARK:IRET
P10_TEXT_ROOT_PROOF AC=000000000C6A3000 KC=000000000DE83000 TC=000000000C6A3000 RC=000000000C6A3000 RIP=0000000000400037 AP=0000000000400103 TP=000000000C69D027
P10_ROOT_FRAME_WITNESS phase=pre_dispatch root=000000000C6A3000 pte=0000000000000000 phys=000000000C6A3000 used=1 lo=000000000C69C027 hi=0000000000000000 hash=AB3F4A62FAEF25FC
P10_TEXT_FRAME_WITNESS phase=pre_dispatch root=000000000C6A3000 pte=000000000C69D027 phys=000000000C69D000 used=1 lo=4800700000C3C748 hi=8948C0FF4808438B hash=3B68EAFA86874C6F
WTX4 R=000000000C6A3000 V=0000000000400037 I=0000000000000000 TP=000000000C6A3000 EP=000000000C6A3000 E=000000000C69C027 CF=000000000C69C000 4P=1 4W=1 4U=1 4N=0 4G=0 4H=0 4A=1 4D=0 4R=0 4X=1 4L=0
WTX3 R=000000000C6A3000 V=0000000000400037 I=0000000000000000 TP=000000000C69C000 EP=000000000C69C000 E=000000000C69B027 CF=000000000C69B000 3P=1 3W=1 3U=1 3N=0 3G=0 3H=0 3A=1 3D=0 3R=0 3X=1 3L=0
WTX2 R=000000000C6A3000 V=0000000000400037 I=0000000000000002 TP=000000000C69B000 EP=000000000C69B000 E=000000000C69A027 CF=000000000C69A000 2P=1 2W=1 2U=1 2N=0 2G=0 2H=0 2A=1 2D=0 2R=0 2X=1 2L=0
WTX1 R=000000000C6A3000 V=0000000000400037 I=0000000000000000 TP=000000000C69A000 EP=000000000C69A000 E=000000000C69D027 CF=000000000C69D000 1P=1 1W=1 1U=1 1N=0 1G=0 1H=0 1A=1 1D=0 1R=0 1X=1 1L=1
WTXP V=0000000000400037 EQ=0 KE=0000000000400103 KF=0000000000400000 KP=1 KW=1 KU=0 KN=0 KG=1 KH=0 KA=0 KD=0 KR=0 KX=1 KL=1 TE=000000000C69D027 TF=000000000C69D000 TP=1 TW=1 TU=1 TN=0 TG=0 TH=0 TA=1 TD=0 TR=0 TX=1 TL=1
P10_RING3_ATTEMPT
P10_RFLAGS_IF_ON
P10_RING3_FRAME_PROOF FRSP=FFFFFFFF82005C38 RIP=0000000000400037 CS=0000000000000023 RF=0000000000000246 RSP=00000000007FFFB8 SS=000000000000001B BYTES=370040000000000023000000000000004602000000000000B8FF7F00000000001B00000000000000
P10_RING3_GATE_PROOF TR=0028 CTX0=FFFFFFFF82005C60 TSS0=FFFFFFFF82005C60 FCS=0000000000000023 FSS=000000000000001B IDTB=FFFFFFFF800E9FC0 IDTL=0000000000000FFF GPSEL=0008 GPIST=0000000000000000 GPTA=000000000000008F GPOFF=FFFFFFFF80016EF0 PFSEL=0008 PFIST=0000000000000000 PFTA=000000000000008F PFOFF=FFFFFFFF80016FA0
P10_RING3_COMMIT
P10_CR3_SWITCH
P10_RING3_ENTER
rY[IRQ][SCH]
P12[[AYKEN_PERF_MB_EXTRACT_RAW]] epoch=3 candidate_pid=2 owner_last_epoch=3 ticks=28235168342 tick_valid=2
[[AYKEN_PERF_MB_EXTRACT_REASON]] name=epoch_stale ticks=28235408174 tick_valid=2
[[AYKEN_PERF_MB_PATH]] name=fallback phase=enter ticks=28235578196 tick_valid=2
[[AYKEN_PERF_MB_PATH]] name=fallback phase=exit ticks=28235744214 tick_valid=2
[[AYKEN_PERF_MB_REASON]] name=no_candidate ticks=28235905286 tick_valid=2
N12
MARK:PID=2
MARK:SW=U>U
MARK:IRET
P10_TEXT_ROOT_PROOF AC=000000000C6A3000 KC=000000000DE83000 TC=000000000C6A3000 RC=000000000C6A3000 RIP=0000000000400037 AP=0000000000400103 TP=000000000C69D027
P10_ROOT_FRAME_WITNESS phase=pre_dispatch root=000000000C6A3000 pte=0000000000000000 phys=000000000C6A3000 used=1 lo=000000000C69C027 hi=0000000000000000 hash=AB3F4A62FAEF25FC
P10_TEXT_FRAME_WITNESS phase=pre_dispatch root=000000000C6A3000 pte=000000000C69D027 phys=000000000C69D000 used=1 lo=4800700000C3C748 hi=8948C0FF4808438B hash=3B68EAFA86874C6F
WTX4 R=000000000C6A3000 V=0000000000400037 I=0000000000000000 TP=000000000C6A3000 EP=000000000C6A3000 E=000000000C69C027 CF=000000000C69C000 4P=1 4W=1 4U=1 4N=0 4G=0 4H=0 4A=1 4D=0 4R=0 4X=1 4L=0
WTX3 R=000000000C6A3000 V=0000000000400037 I=0000000000000000 TP=000000000C69C000 EP=000000000C69C000 E=000000000C69B027 CF=000000000C69B000 3P=1 3W=1 3U=1 3N=0 3G=0 3H=0 3A=1 3D=0 3R=0 3X=1 3L=0
WTX2 R=000000000C6A3000 V=0000000000400037 I=0000000000000002 TP=000000000C69B000 EP=000000000C69B000 E=000000000C69A027 CF=000000000C69A000 2P=1 2W=1 2U=1 2N=0 2G=0 2H=0 2A=1 2D=0 2R=0 2X=1 2L=0
WTX1 R=000000000C6A3000 V=0000000000400037 I=0000000000000000 TP=000000000C69A000 EP=000000000C69A000 E=000000000C69D027 CF=000000000C69D000 1P=1 1W=1 1U=1 1N=0 1G=0 1H=0 1A=1 1D=0 1R=0 1X=1 1L=1
WTXP V=0000000000400037 EQ=0 KE=0000000000400103 KF=0000000000400000 KP=1 KW=1 KU=0 KN=0 KG=1 KH=0 KA=0 KD=0 KR=0 KX=1 KL=1 TE=000000000C69D027 TF=000000000C69D000 TP=1 TW=1 TU=1 TN=0 TG=0 TH=0 TA=1 TD=0 TR=0 TX=1 TL=1
P10_RING3_ATTEMPT
P10_RFLAGS_IF_ON
P10_RING3_FRAME_PROOF FRSP=FFFFFFFF82005C38 RIP=0000000000400037 CS=0000000000000023 RF=0000000000000246 RSP=00000000007FFFB8 SS=000000000000001B BYTES=370040000000000023000000000000004602000000000000B8FF7F00000000001B00000000000000
P10_RING3_GATE_PROOF TR=0028 CTX0=FFFFFFFF82005C60 TSS0=FFFFFFFF82005C60 FCS=0000000000000023 FSS=000000000000001B IDTB=FFFFFFFF800E9FC0 IDTL=0000000000000FFF GPSEL=0008 GPIST=0000000000000000 GPTA=000000000000008F GPOFF=FFFFFFFF80016EF0 PFSEL=0008 PFIST=0000000000000000 PFTA=000000000000008F PFOFF=FFFFFFFF80016FA0
P10_RING3_COMMIT
P10_CR3_SWITCH
P10_RING3_ENTER
TrY[IRQ][SCH]
P12[[AYKEN_PERF_MB_EXTRACT_RAW]] epoch=3 candidate_pid=2 owner_last_epoch=3 ticks=28241211136 tick_valid=2
[[AYKEN_PERF_MB_EXTRACT_REASON]] name=epoch_stale ticks=28241438556 tick_valid=2
[[AYKEN_PERF_MB_PATH]] name=fallback phase=enter ticks=28241608682 tick_valid=2
[[AYKEN_PERF_MB_PATH]] name=fallback phase=exit ticks=28241774884 tick_valid=2
[[AYKEN_PERF_MB_REASON]] name=no_candidate ticks=28241935494 tick_valid=2
N12
MARK:PID=2
MARK:SW=U>U
MARK:IRET
P10_TEXT_ROOT_PROOF AC=000000000C6A3000 KC=000000000DE83000 TC=000000000C6A3000 RC=000000000C6A3000 RIP=0000000000400037 AP=0000000000400103 TP=000000000C69D027
P10_ROOT_FRAME_WITNESS phase=pre_dispatch root=000000000C6A3000 pte=0000000000000000 phys=000000000C6A3000 used=1 lo=000000000C69C027 hi=0000000000000000 hash=AB3F4A62FAEF25FC
P10_TEXT_FRAME_WITNESS phase=pre_dispatch root=000000000C6A3000 pte=000000000C69D027 phys=000000000C69D000 used=1 lo=4800700000C3C748 hi=8948C0FF4808438B hash=3B68EAFA86874C6F
WTX4 R=000000000C6A3000 V=0000000000400037 I=0000000000000000 TP=000000000C6A3000 EP=000000000C6A3000 E=000000000C69C027 CF=000000000C69C000 4P=1 4W=1 4U=1 4N=0 4G=0 4H=0 4A=1 4D=0 4R=0 4X=1 4L=0
WTX3 R=000000000C6A3000 V=0000000000400037 I=0000000000000000 TP=000000000C69C000 EP=000000000C69C000 E=000000000C69B027 CF=000000000C69B000 3P=1 3W=1 3U=1 3N=0 3G=0 3H=0 3A=1 3D=0 3R=0 3X=1 3L=0
WTX2 R=000000000C6A3000 V=0000000000400037 I=0000000000000002 TP=000000000C69B000 EP=000000000C69B000 E=000000000C69A027 CF=000000000C69A000 2P=1 2W=1 2U=1 2N=0 2G=0 2H=0 2A=1 2D=0 2R=0 2X=1 2L=0
WTX1 R=000000000C6A3000 V=0000000000400037 I=0000000000000000 TP=000000000C69A000 EP=000000000C69A000 E=000000000C69D027 CF=000000000C69D000 1P=1 1W=1 1U=1 1N=0 1G=0 1H=0 1A=1 1D=0 1R=0 1X=1 1L=1
WTXP V=0000000000400037 EQ=0 KE=0000000000400103 KF=0000000000400000 KP=1 KW=1 KU=0 KN=0 KG=1 KH=0 KA=0 KD=0 KR=0 KX=1 KL=1 TE=000000000C69D027 TF=000000000C69D000 TP=1 TW=1 TU=1 TN=0 TG=0 TH=0 TA=1 TD=0 TR=0 TX=1 TL=1
P10_RING3_ATTEMPT
P10_RFLAGS_IF_ON
P10_RING3_FRAME_PROOF FRSP=FFFFFFFF82005C38 RIP=0000000000400037 CS=0000000000000023 RF=0000000000000246 RSP=00000000007FFFB8 SS=000000000000001B BYTES=370040000000000023000000000000004602000000000000B8FF7F00000000001B00000000000000
P10_RING3_GATE_PROOF TR=0028 CTX0=FFFFFFFF82005C60 TSS0=FFFFFFFF82005C60 FCS=0000000000000023 FSS=000000000000001B IDTB=FFFFFFFF800E9FC0 IDTL=0000000000000FFF GPSEL=0008 GPIST=0000000000000000 GPTA=000000000000008F GPOFF=FFFFFFFF80016EF0 PFSEL=0008 PFIST=0000000000000000 PFTA=000000000000008F PFOFF=FFFFFFFF80016FA0
P10_RING3_COMMIT
P10_CR3_SWITCH
P10_RING3_ENTER
[[AYKEN_PROOF_DONE]]
[2J[01;01H[=3h[2J[01;01H[2J[01;01H[=3h[2J[01;01H[2J[01;01H[=3h[2J[01;01HWARNING: Pseudo Random Number Generator in use - Pixiefail CVE not mitigated!
BdsDxe: loading Boot0006 "EFI Internal Shell" from Fv(7CB8BDC9-F8EB-4F34-AAEA-3EE4AF6516A1)/FvFile(7C04A583-9E3E-4F1C-AD65-E05268D0B4D1)
BdsDxe: starting Boot0006 "EFI Internal Shell" from Fv(7CB8BDC9-F8EB-4F34-AAEA-3EE4AF6516A1)/FvFile(7C04A583-9E3E-4F1C-AD65-E05268D0B4D1)
[2J[01;01H[01;01HUEFI Interactive Shell v2.2
EDK II
UEFI v2.70 (EDK II, 0x00010000)
[1m[33m[40mMapping table[0m[37m[40m
[1m[33m[40m      FS0:[0m[37m[40m [1m[37m[40mAlias(s):[0m[37m[40mF0a65535a:;BLK0:
          PciRoot(0x0)/Pci(0x1F,0x2)/Sata(0x0,0xFFFF,0x0)
[1m[33m[40m     BLK1:[0m[37m[40m [1m[37m[40mAlias(s):[0m[37m[40m
          PciRoot(0x0)/Pci(0x1F,0x2)/Sata(0x2,0xFFFF,0x0)
[09;01HPress [1m[37m[40mESC[0m[37m[40m in 5 seconds to skip [1m[33m[40mstartup.nsh[0m[37m[40m or any other key to continue.[09;01HPress [1m[37m[40mESC[0m[37m[40m in 4 seconds to skip [1m[33m[40mstartup.nsh[0m[37m[40m or any other key to continue.[09;01HPress [1m[37m[40mESC[0m[37m[40m in 3 seconds to skip [1m[33m[40mstartup.nsh[0m[37m[40m or any other key to continue.[09;01HPress [1m[37m[40mESC[0m[37m[40m in 2 seconds to skip [1m[33m[40mstartup.nsh[0m[37m[40m or any other key to continue.[09;01HPress [1m[37m[40mESC[0m[37m[40m in 1 seconds to skip [1m[33m[40mstartup.nsh[0m[37m[40m or any other key to continue.
[1m[33m[40mShell> [0m[37m[40mfs0:
[1m[33m[40mFS0:\> [0m[37m[40m\EFI\BOOT\BOOTX64.EFI
SERIAL_OK
KERNEL_BOOT_START
[MARKER] [MARKER] [MARKER] [MARKER] [MARKER] [MARKER] 000000000000C6A4[MARKER] [MARKER] 000000000000C604[MARKER] [MARKER] [MARKER] [MARKER] [MARKER] 000000000DE83000[MARKER] [MARKER] [MARKER] [MARKER] [MARKER] [MARKER] [MARKER] FFFFFFFF82000000[MARKER] [MARKER] 000000000DE83000[MARKER] [MARKER] 000000000DE83000[MARKER] [MARKER] 000000000DA89023[MARKER] [MARKER] 000000000DA88023[MARKER] [MARKER] 000000000DA85003[MARKER] [MARKER] 000000000DA86103[MARKER] [MARKER] [MARKER] [MARKER] [MARKER] FFFFFFFF82000000[MARKER] [MARKER] 000000000DE83000[MARKER] [MARKER] 000000000DE83000[MARKER] [MARKER] 000000000DA89023[MARKER] [MARKER] 000000000DA88023[MARKER] [MARKER] 000000000DA85003[MARKER] [MARKER] 000000000DA86103[MARKER] [MARKER] [MARKER] FFFFFFFF82000000[MARKER] [MARKER] 00000000003FFFE8[MARKER] [MARKER] [MARKER] [MARKER] [MARKER] [MARKER] [MARKER] [MARKER] [MARKER] [MARKER] [MARKER] [MARKER] [MARKER] [MARKER] [MARKER] [MARKER] [MARKER] [MARKER] [MARKER] [MARKER] [MARKER] [MARKER] [MARKER] [MARKER] [MARKER] [MARKER] FFFFFFFF8000061E[MARKER] [MARKER] [MARKER] 0000000000000008[MARKER] [MARKER] 00000000000000EE[MARKER] [MARKER] FFFFFFFF8000061E[MARKER] [MARKER] [MARKER] [MARKER] [MARKER] [MARKER] [MARKER] 1[MARKER] [MARKER] FFFFFFFF80000410[MARKER] [MARKER] FFFFFFFF82002E28[MARKER] [MARKER] 0000000000000008[MARKER] [MARKER] [MARKER] [MARKER] [MARKER] [MARKER] [MARKER] [MARKER] [MARKER] [MARKER] [MARKER] [MARKER] [MARKER] [MARKER] [MARKER] [MARKER] [MARKER] [MARKER] [MARKER] [MARKER] [MARKER] [MARKER] [MARKER] 000000000C6A3000[MARKER] [MARKER] 000000000C6A3000[MARKER] [MARKER] [MARKER] [MARKER] [MARKER] [MARKER] [MARKER] 