warning: unused imports: `ComparisonOp`, `LogicalOperator`, and `Value`
  --> semantic-cli/src/validator.rs:37:35
   |
37 |     DebugInstruction, OperandRef, Value, FilterExpression, Capability, SystemScope, 
   |                                   ^^^^^
38 |     ComparisonOp, LogicalOperator
   |     ^^^^^^^^^^^^  ^^^^^^^^^^^^^^^
   |
   = note: `#[warn(unused_imports)]` (part of `#[warn(unused)]`) on by default

warning: unused imports: `BinaryOp`, `Expr`, and `UnaryOp`
  --> semantic-cli/src/validator.rs:45:40
   |
45 | use crate::ast::{AstNode, CommandNode, Expr, BinaryOp, UnaryOp};
   |                                        ^^^^  ^^^^^^^^  ^^^^^^^

warning: unused import: `LogicalOperator`
   --> semantic-cli/src/validator.rs:698:44
    |
698 |     use crate::bcib::{Value, ComparisonOp, LogicalOperator};
    |                                            ^^^^^^^^^^^^^^^

warning: unused imports: `Capability` and `SystemScope`
  --> semantic-cli/src/transformer.rs:39:5
   |
39 |     Capability, SystemScope, BCIBSequenceRegistry
   |     ^^^^^^^^^^  ^^^^^^^^^^^

warning: unused import: `OperandRef`
 --> semantic-cli/src/normalizer/instruction_orderer.rs:9:88
  |
9 | use crate::bcib::{BCIBSequence, BCIBInstruction, ContextInstruction, QueryInstruction, OperandRef};
  |                                                                                        ^^^^^^^^^^

warning: unused import: `HashSet`
  --> semantic-cli/src/normalizer/instruction_orderer.rs:12:33
   |
12 | use std::collections::{HashMap, HashSet};
   |                                 ^^^^^^^

warning: unused import: `DependencyTracker`
   --> semantic-cli/src/normalizer/instruction_orderer.rs:319:49
    |
319 |     use crate::normalizer::dependency_tracker::{DependencyTracker, DependencyNode};
    |                                                 ^^^^^^^^^^^^^^^^^

warning: unused imports: `ComparisonOp` and `Value`
   --> semantic-cli/src/normalizer/validator.rs:377:37
    |
377 |     use crate::bcib::{BCIBMetadata, Value, ComparisonOp};
    |                                     ^^^^^  ^^^^^^^^^^^^

warning: unused import: `NormalizedInstruction`
  --> semantic-cli/src/execution_plan/mod.rs:13:41
   |
13 | use crate::normalizer::{NormalizedBCIB, NormalizedInstruction, RegisterAllocation};
   |                                         ^^^^^^^^^^^^^^^^^^^^^

warning: unused imports: `BCIBInstruction`, `ContextInstruction`, and `QueryInstruction`
  --> semantic-cli/src/execution_plan/mod.rs:14:19
   |
14 | use crate::bcib::{BCIBInstruction, ContextInstruction, QueryInstruction, Value, ComparisonOp, LogicalO...
   |                   ^^^^^^^^^^^^^^^  ^^^^^^^^^^^^^^^^^^  ^^^^^^^^^^^^^^^^

warning: unused import: `ExecutionPlanError`
  --> semantic-cli/src/execution_plan/builder.rs:12:26
   |
12 |     RegisterId, BlockId, ExecutionPlanError, ParallelSafety,
   |                          ^^^^^^^^^^^^^^^^^^

warning: unused import: `Value`
  --> semantic-cli/src/execution_plan/builder.rs:15:86
   |
15 | use crate::bcib::{BCIBInstruction, ContextInstruction, QueryInstruction, OperandRef, Value, FilterExpr...
   |                                                                                      ^^^^^

warning: unused import: `DataflowGraph`
  --> semantic-cli/src/execution_plan/validator.rs:10:23
   |
10 | use super::dataflow::{DataflowGraph, DataflowError};
   |                       ^^^^^^^^^^^^^

warning: unused import: `HashMap`
  --> semantic-cli/src/execution_plan/validator.rs:11:24
   |
11 | use std::collections::{HashMap, HashSet};
   |                        ^^^^^^^

warning: unused import: `crate::bcib::Value`
   --> semantic-cli/src/execution_plan/validator.rs:564:9
    |
564 |     use crate::bcib::Value;
    |         ^^^^^^^^^^^^^^^^^^

warning: unused imports: `InstructionGroup` and `NormalizedInstruction`
   --> semantic-cli/src/execution_plan/mod.rs:477:29
    |
477 |     use crate::normalizer::{NormalizedInstruction, InstructionGroup};
    |                             ^^^^^^^^^^^^^^^^^^^^^  ^^^^^^^^^^^^^^^^

warning: unused import: `IRBlock`
  --> semantic-cli/src/ir_planner/mod.rs:12:59
   |
12 | use crate::execution_plan::{ExecutionPlan, IRInstruction, IRBlock, BlockTerminator, RegisterId, BlockId};
   |                                                           ^^^^^^^

warning: unused import: `crate::execution_plan::IRInstruction`
  --> semantic-cli/src/ir_planner/replay.rs:11:5
   |
11 | use crate::execution_plan::IRInstruction;
   |     ^^^^^^^^^^^^^^^^^^^^^^^^^^^^^^^^^^^^

warning: unused import: `crate::execution_plan::RegisterId`
   --> semantic-cli/src/ir_planner/replay.rs:413:9
    |
413 |     use crate::execution_plan::RegisterId;
    |         ^^^^^^^^^^^^^^^^^^^^^^^^^^^^^^^^^

warning: unused import: `ReplayStep`
  --> semantic-cli/src/ir_planner/mod.rs:27:43
   |
27 | use replay::{ReplayRecorder, ReplayTrace, ReplayStep};
   |                                           ^^^^^^^^^^

warning: unused import: `crate::execution_plan::BlockId`
   --> semantic-cli/src/parallelism/implementation/error.rs:444:9
    |
444 |     use crate::execution_plan::BlockId;
    |         ^^^^^^^^^^^^^^^^^^^^^^^^^^^^^^

warning: unused import: `BlockId`
  --> semantic-cli/src/parallelism/implementation/executor.rs:18:38
   |
18 | use crate::execution_plan::{IRBlock, BlockId};
   |                                      ^^^^^^^

warning: unused import: `ParallelismError`
  --> semantic-cli/src/parallelism/implementation/verification.rs:21:5
   |
21 |     ParallelismError, ParallelismResult
   |     ^^^^^^^^^^^^^^^^

warning: unused import: `ParallelismResult`
 --> semantic-cli/src/parallelism/implementation/tests/constitutional_compliance.rs:7:44
  |
7 | use crate::parallelism::{ParallelismError, ParallelismResult};
  |                                            ^^^^^^^^^^^^^^^^^

warning: unused import: `state::LoopState`
    --> semantic-cli/src/loop_engine/fingerprint.rs:1936:63
     |
1936 |     use crate::loop_engine::{LoopContext, AccumulatorPattern, state::LoopState};
     |                                                               ^^^^^^^^^^^^^^^^

warning: unused import: `LoopError`
  --> semantic-cli/src/loop_engine/d2_integration.rs:27:5
   |
27 |     LoopError, LoopResult, SafetyAnalysisResult, SafetyClass,
   |     ^^^^^^^^^

warning: unused import: `LocalState`
  --> semantic-cli/src/loop_engine/d2_integration.rs:32:38
   |
32 |     DataPartition, ImmutableContext, LocalState, ParallelExecutor, RayonParallelExecutor,
   |                                      ^^^^^^^^^^

warning: unnecessary parentheses around function argument
    --> semantic-cli/src/loop_engine/tests/property_tests.rs:1638:15
     |
1638 |         20 => (-1e10..1e10),
     |               ^           ^
     |
     = note: `#[warn(unused_parens)]` (part of `#[warn(unused)]`) on by default
help: remove these parentheses
     |
1638 -         20 => (-1e10..1e10),
1638 +         20 => -1e10..1e10,
     |

warning: unnecessary parentheses around function argument
    --> semantic-cli/src/loop_engine/tests/property_tests.rs:1641:14
     |
1641 |         5 => (-1e-10..1e-10),
     |              ^             ^
     |
help: remove these parentheses
     |
1641 -         5 => (-1e-10..1e-10),
1641 +         5 => -1e-10..1e-10,
     |

warning: unused import: `LoopConfig`
   --> semantic-cli/src/loop_engine/control.rs:526:31
    |
526 |     use crate::bcib::{LoopID, LoopConfig, BudgetMeasurement, ValueType};
    |                               ^^^^^^^^^^

warning: unused import: `Duration`
  --> semantic-cli/src/context.rs:34:17
   |
34 | use std::time::{Duration, Instant};
   |                 ^^^^^^^^

warning: unused import: `serde_json::Value`
 --> semantic-cli/src/context/registry.rs:8:5
  |
8 | use serde_json::Value;
  |     ^^^^^^^^^^^^^^^^^

warning: unused import: `std::sync::Arc`
  --> semantic-cli/src/context/registry.rs:10:5
   |
10 | use std::sync::Arc;
   |     ^^^^^^^^^^^^^^

warning: unused imports: `ErrorCode` and `SemanticCLIError`
 --> semantic-cli/src/context/loaders.rs:7:20
  |
7 | use crate::error::{ErrorCode, Result, SemanticCLIError};
  |                    ^^^^^^^^^          ^^^^^^^^^^^^^^^^

warning: unused import: `Value`
 --> semantic-cli/src/context/loaders.rs:8:24
  |
8 | use serde_json::{json, Value};
  |                        ^^^^^

warning: unused import: `NormalizationError`
  --> semantic-cli/src/operations/query.rs:13:41
   |
13 | use crate::normalizer::{BCIBNormalizer, NormalizationError};
   |                                         ^^^^^^^^^^^^^^^^^^

warning: unused import: `IRBuildError`
  --> semantic-cli/src/operations/query.rs:14:49
   |
14 | use crate::execution_plan::builder::{IRBuilder, IRBuildError};
   |                                                 ^^^^^^^^^^^^

warning: unused import: `ExecutionError`
  --> semantic-cli/src/operations/query.rs:15:54
   |
15 | use crate::ir_planner::{IRExecutor, ExecutionResult, ExecutionError};
   |                                                      ^^^^^^^^^^^^^^

warning: unused import: `crate::gate_c::deterministic::deterministic_hash_fnv1a`
   --> semantic-cli/src/gate_c/types.rs:261:13
    |
261 |         use crate::gate_c::deterministic::deterministic_hash_fnv1a;
    |             ^^^^^^^^^^^^^^^^^^^^^^^^^^^^^^^^^^^^^^^^^^^^^^^^^^^^^^

warning: variant `ORCH_UNAVAILABLE` should have an upper camel case name
  --> semantic-cli/src/gate_c/error.rs:93:5
   |
93 |     ORCH_UNAVAILABLE,
   |     ^^^^^^^^^^^^^^^^ help: convert the identifier to upper camel case: `OrchUnavailable`
   |
   = note: `#[warn(non_camel_case_types)]` (part of `#[warn(nonstandard_style)]`) on by default

warning: variant `INVALID_PLAN` should have an upper camel case name
  --> semantic-cli/src/gate_c/error.rs:95:5
   |
95 |     INVALID_PLAN,
   |     ^^^^^^^^^^^^ help: convert the identifier to upper camel case: `InvalidPlan`

warning: variant `CAPABILITY_DENIED` should have an upper camel case name
  --> semantic-cli/src/gate_c/error.rs:97:5
   |
97 |     CAPABILITY_DENIED,
   |     ^^^^^^^^^^^^^^^^^ help: convert the identifier to upper camel case: `CapabilityDenied`

warning: variant `NETWORK_ERROR` should have an upper camel case name
  --> semantic-cli/src/gate_c/error.rs:99:5
   |
99 |     NETWORK_ERROR,
   |     ^^^^^^^^^^^^^ help: convert the identifier to upper camel case: `NetworkError`

warning: variant `SERIALIZATION_ERROR` should have an upper camel case name
   --> semantic-cli/src/gate_c/error.rs:101:5
    |
101 |     SERIALIZATION_ERROR,
    |     ^^^^^^^^^^^^^^^^^^^ help: convert the identifier to upper camel case: `SerializationError`

warning: unused import: `InvalidationReason`
    --> semantic-cli/src/gate_c/ir/mod.rs:1038:76
     |
1038 |     use crate::gate_c::types::{PlanMetadata, MutationIntent, ResourcePath, InvalidationReason, Chang...
     |                                                                            ^^^^^^^^^^^^^^^^^^

warning: unused import: `InvalidationReason`
   --> semantic-cli/src/gate_c/normalizer/mod.rs:961:104
    |
961 | ...encyType, MutationIntent, ResourcePath, InvalidationReason, ChangeSet};
    |                                            ^^^^^^^^^^^^^^^^^^

warning: unused import: `super::*`
   --> semantic-cli/src/gate_c/snapshot_tests.rs:337:9
    |
337 |     use super::*;
    |         ^^^^^^^^

warning: use of deprecated struct `validator::Validator`: Use BCIBValidator for Gate B functionality
   --> semantic-cli/src/validator.rs:388:18
    |
388 | impl Default for Validator {
    |                  ^^^^^^^^^
    |
    = note: `#[warn(deprecated)]` on by default

warning: unused variable: `idx`
   --> semantic-cli/src/normalizer/instruction_orderer.rs:123:14
    |
123 |         for (idx, instruction) in group_instructions {
    |              ^^^ help: if this is intentional, prefix it with an underscore: `_idx`
    |
    = note: `#[warn(unused_variables)]` (part of `#[warn(unused)]`) on by default

warning: unused variable: `idx`
   --> semantic-cli/src/normalizer/validator.rs:326:14
    |
326 |         for (idx, _) in normalized.instructions.iter().enumerate() {
    |              ^^^ help: if this is intentional, prefix it with an underscore: `_idx`

warning: unused variable: `dependencies`
   --> semantic-cli/src/normalizer/mod.rs:147:13
    |
147 |         let dependencies = self.dependency_tracker.analyze(&ordered_instructions)
    |             ^^^^^^^^^^^^ help: if this is intentional, prefix it with an underscore: `_dependencies`

warning: variable does not need to be mutable
   --> semantic-cli/src/execution_plan/dataflow.rs:360:13
    |
360 |         let mut graph = DataflowGraph::new();
    |             ----^^^^^
    |             |
    |             help: remove this `mut`
    |
    = note: `#[warn(unused_mut)]` (part of `#[warn(unused)]`) on by default

warning: unused variable: `register_id`
   --> semantic-cli/src/ir_planner/replay.rs:187:18
    |
187 |             for (register_id, value) in &step.register_state {
    |                  ^^^^^^^^^^^ help: if this is intentional, prefix it with an underscore: `_register_id`

warning: unused variable: `plan`
   --> semantic-cli/src/ir_planner/mod.rs:174:45
    |
174 |     fn should_use_parallel_execution(&self, plan: &ExecutionPlan) -> Result<bool, ExecutionError> {
    |                                             ^^^^ help: if this is intentional, prefix it with an underscore: `_plan`

warning: unused variable: `source`
   --> semantic-cli/src/parallelism/implementation/error.rs:244:48
    |
244 |             ParallelismError::ExecutionError { source, .. } => {
    |                                                ^^^^^^ help: try ignoring the field: `source: _`

warning: unused variable: `verification_overhead`
   --> semantic-cli/src/parallelism/implementation/verification.rs:325:13
    |
325 |         let verification_overhead = comparison_start.elapsed();
    |             ^^^^^^^^^^^^^^^^^^^^^ help: if this is intentional, prefix it with an underscore: `_verification_overhead`

warning: variable does not need to be mutable
    --> semantic-cli/src/loop_engine/fingerprint.rs:1197:13
     |
1197 |         let mut fingerprint = Self::new(1, shape, control, data);
     |             ----^^^^^^^^^^^
     |             |
     |             help: remove this `mut`

warning: variable does not need to be mutable
   --> semantic-cli/src/operations/query.rs:353:25
    |
353 |                     let mut state = ExecutionState {
    |                         ----^^^^^
    |                         |
    |                         help: remove this `mut`

warning: unused variable: `capability_requirements`
   --> semantic-cli/src/gate_c/security_ops/mod.rs:540:25
    |
540 |                         capability_requirements: &mut Vec<CapabilityRequirement>) -> GateCResult<()> {
    |                         ^^^^^^^^^^^^^^^^^^^^^^^ help: if this is intentional, prefix it with an underscore: `_capability_requirements`

warning: unused variable: `parallel_hints`
    --> semantic-cli/src/gate_c/ir/mod.rs:1282:13
     |
1282 |         let parallel_hints: Vec<_> = hints.iter()
     |             ^^^^^^^^^^^^^^ help: if this is intentional, prefix it with an underscore: `_parallel_hints`

warning: unused variable: `intent`
   --> semantic-cli/src/gate_c/normalizer/mod.rs:211:35
    |
211 |             Operation::Mutation { intent } => {
    |                                   ^^^^^^ help: try ignoring the field: `intent: _`

warning: unused variable: `config`
   --> semantic-cli/src/gate_c/snapshot_tests.rs:249:9
    |
249 |     let config = VisualizationConfig::default();
    |         ^^^^^^ help: if this is intentional, prefix it with an underscore: `_config`

warning: field `used` is never read
   --> semantic-cli/src/validator.rs:400:5
    |
396 | pub struct RegisterTracker {
    |            --------------- field in this struct
...
400 |     used: HashSet<u16>,
    |     ^^^^
    |
    = note: `RegisterTracker` has a derived impl for the trait `Debug`, but this is intentionally ignored during dead code analysis
    = note: `#[warn(dead_code)]` (part of `#[warn(unused)]`) on by default

warning: method `analyze_instruction_registers` is never used
   --> semantic-cli/src/normalizer/dependency_tracker.rs:146:8
    |
 72 | impl DependencyTracker {
    | ---------------------- method in this implementation
...
146 |     fn analyze_instruction_registers(&self, instruction: &BCIBInstruction) -> Result<(Vec<RegisterId>...
    |        ^^^^^^^^^^^^^^^^^^^^^^^^^^^^^

warning: method `create_normalized_instruction` is never used
   --> semantic-cli/src/normalizer/instruction_orderer.rs:143:8
    |
 34 | impl InstructionOrderer {
    | ----------------------- method in this implementation
...
143 |     fn create_normalized_instruction(&self, idx: usize, instruction: &BCIBInstruction, dependencies: ...
    |        ^^^^^^^^^^^^^^^^^^^^^^^^^^^^^

warning: function `test_location` is never used
   --> semantic-cli/src/execution_plan/mod.rs:480:8
    |
480 |     fn test_location() -> SourceLocation {
    |        ^^^^^^^^^^^^^

warning: field `context_manager` is never read
  --> semantic-cli/src/ir_planner/mod.rs:37:5
   |
33 | pub struct IRExecutor {
   |            ---------- field in this struct
...
37 |     context_manager: ContextManager,
   |     ^^^^^^^^^^^^^^^

warning: static `THREAD_POOL_CONFIG` is never used
  --> semantic-cli/src/parallelism/implementation/config.rs:23:8
   |
23 | static THREAD_POOL_CONFIG: OnceLock<ThreadPoolConfig> = OnceLock::new();
   |        ^^^^^^^^^^^^^^^^^^

warning: field `policy_table` is never read
   --> semantic-cli/src/parallelism/implementation/constitutional.rs:566:5
    |
564 | pub struct ConstitutionalChecker {
    |            --------------------- field in this struct
565 |     config: ConstitutionalConfig,
566 |     policy_table: PolicyTable,
    |     ^^^^^^^^^^^^

warning: field `version` is never read
   --> semantic-cli/src/loop_engine/fingerprint.rs:537:5
    |
531 | pub struct IncrementalFingerprintHasher {
    |            ---------------------------- field in this struct
...
537 |     version: u8,
    |     ^^^^^^^
    |
    = note: `IncrementalFingerprintHasher` has a derived impl for the trait `Debug`, but this is intentionally ignored during dead code analysis

warning: method `get_input_data_for_iteration` is never used
   --> semantic-cli/src/loop_engine/d2_integration.rs:551:8
    |
 65 | impl D2LoopIntegration {
    | ---------------------- method in this implementation
...
551 |     fn get_input_data_for_iteration(
    |        ^^^^^^^^^^^^^^^^^^^^^^^^^^^^

warning: method `intents_equal` is never used
   --> semantic-cli/src/gate_c/mutation/mod.rs:113:8
    |
 23 | impl MutationConflictDetector {
    | ----------------------------- method in this implementation
...
113 |     fn intents_equal(&self, intent1: &MutationIntent, intent2: &MutationIntent) -> bool {
    |        ^^^^^^^^^^^^^

warning: field `capability_validator` is never read
   --> semantic-cli/src/gate_c/security_ops/mod.rs:167:5
    |
163 | pub struct SecurityInspector {
    |            ----------------- field in this struct
...
167 |     capability_validator: CapabilityValidator,
    |     ^^^^^^^^^^^^^^^^^^^^

warning: methods `check_resource_conflicts`, `calculate_parallelism_confidence`, `identify_parallelizable_groups`, and `find_parallelizable_group` are never used
   --> semantic-cli/src/gate_c/ir/mod.rs:510:8
    |
 31 | impl SemanticAnalyzer {
    | --------------------- methods in this implementation
...
510 |     fn check_resource_conflicts(&self, resources1: &[String], resources2: &[String]) -> bool {
    |        ^^^^^^^^^^^^^^^^^^^^^^^^
...
530 |     fn calculate_parallelism_confidence(&self, step: &PlanStep, candidates: &[String], _all_steps: &[...
    |        ^^^^^^^^^^^^^^^^^^^^^^^^^^^^^^^^
...
570 |     fn identify_parallelizable_groups(&self, steps: &[PlanStep], dependencies: &HashMap<String, HashS...
    |        ^^^^^^^^^^^^^^^^^^^^^^^^^^^^^^
...
591 |     fn find_parallelizable_group(
    |        ^^^^^^^^^^^^^^^^^^^^^^^^^

warning: field `sequence_registry` is never read
  --> semantic-cli/src/repl/mod.rs:50:5
   |
36 | pub struct MinimalREPL {
   |            ----------- field in this struct
...
50 |     sequence_registry: Arc<Mutex<BCIBSequenceRegistry>>,
   |     ^^^^^^^^^^^^^^^^^

warning: hiding a lifetime that's elided elsewhere is confusing
    --> semantic-cli/src/bcib.rs:1026:28
     |
1026 |     pub fn iter_collection(&self) -> Option<CollectionIterator> {
     |                            ^^^^^            ^^^^^^^^^^^^^^^^^^ the same lifetime is hidden here
     |                            |
     |                            the lifetime is elided here
     |
     = help: the same lifetime is referred to in inconsistent ways, making the signature confusing
     = note: `#[warn(mismatched_lifetime_syntaxes)]` on by default
help: use `'_` for type paths
     |
1026 |     pub fn iter_collection(&self) -> Option<CollectionIterator<'_>> {
     |                                                               ++++

warning: hiding a lifetime that's elided elsewhere is confusing
   --> semantic-cli/src/parallelism/implementation/executor.rs:322:37
    |
322 |     fn create_test_partitions(data: &[Value], num_partitions: usize) -> Vec<DataPartition> {
    |                                     ^^^^^^^^ the lifetime is elided here    ^^^^^^^^^^^^^ the same lifetime is hidden here
    |
    = help: the same lifetime is referred to in inconsistent ways, making the signature confusing
help: use `'_` for type paths
    |
322 |     fn create_test_partitions(data: &[Value], num_partitions: usize) -> Vec<DataPartition<'_>> {
    |                                                                                          ++++

warning: comparison is useless due to type limits
   --> semantic-cli/src/loop_engine/tests/architecture_preservation_tests.rs:413:17
    |
413 |         assert!(global_stats.total_loop_executions >= 0);
    |                 ^^^^^^^^^^^^^^^^^^^^^^^^^^^^^^^^^^^^^^^
    |
    = note: `#[warn(unused_comparisons)]` on by default

warning: comparison is useless due to type limits
   --> semantic-cli/src/loop_engine/tests/architecture_preservation_tests.rs:417:17
    |
417 |         assert!(jit_stats.compilation_attempts >= 0);
    |                 ^^^^^^^^^^^^^^^^^^^^^^^^^^^^^^^^^^^

warning: comparison is useless due to type limits
   --> semantic-cli/src/loop_engine/tests/architecture_preservation_tests.rs:747:17
    |
747 |         assert!(global_stats.total_loop_executions >= 0);
    |                 ^^^^^^^^^^^^^^^^^^^^^^^^^^^^^^^^^^^^^^^

warning: comparison is useless due to type limits
   --> semantic-cli/src/loop_engine/tests/architecture_preservation_tests.rs:751:17
    |
751 |         assert!(summary.total_loop_executions >= 0);
    |                 ^^^^^^^^^^^^^^^^^^^^^^^^^^^^^^^^^^

warning: comparison is useless due to type limits
   --> semantic-cli/src/loop_engine/tests/architecture_preservation_tests.rs:868:17
    |
868 |         assert!(loop_engine.get_jit_stats().compilation_attempts >= 0);
    |                 ^^^^^^^^^^^^^^^^^^^^^^^^^^^^^^^^^^^^^^^^^^^^^^^^^^^^^

warning: comparison is useless due to type limits
   --> semantic-cli/src/loop_engine/tests/architecture_preservation_tests.rs:869:17
    |
869 |         assert!(loop_engine.get_safety_cache_stats().entries >= 0);
    |                 ^^^^^^^^^^^^^^^^^^^^^^^^^^^^^^^^^^^^^^^^^^^^^^^^^

warning: comparison is useless due to type limits
   --> semantic-cli/src/loop_engine/tests/architecture_preservation_tests.rs:870:17
    |
870 |         assert!(loop_engine.get_unroll_stats().loops_analyzed >= 0);
    |                 ^^^^^^^^^^^^^^^^^^^^^^^^^^^^^^^^^^^^^^^^^^^^^^^^^^

warning: comparison is useless due to type limits
   --> semantic-cli/src/loop_engine/tests/architecture_preservation_tests.rs:908:17
    |
908 |         assert!(cache_stats.entries >= 0);
    |                 ^^^^^^^^^^^^^^^^^^^^^^^^

warning: comparison is useless due to type limits
   --> semantic-cli/src/loop_engine/tests/architecture_preservation_tests.rs:920:17
    |
920 |         assert!(unroll_stats.loops_analyzed >= 0);
    |                 ^^^^^^^^^^^^^^^^^^^^^^^^^^^^^^^^

warning: comparison is useless due to type limits
   --> semantic-cli/src/loop_engine/tests/architecture_preservation_tests.rs:927:17
    |
927 |         assert!(global_stats.total_loop_executions >= 0);
    |                 ^^^^^^^^^^^^^^^^^^^^^^^^^^^^^^^^^^^^^^^

warning: comparison is useless due to type limits
   --> semantic-cli/src/loop_engine/tests/architecture_preservation_tests.rs:930:17
    |
930 |         assert!(summary.total_loop_executions >= 0);
    |                 ^^^^^^^^^^^^^^^^^^^^^^^^^^^^^^^^^^

warning: comparison is useless due to type limits
   --> semantic-cli/src/loop_engine/tests/architecture_preservation_tests.rs:934:17
    |
934 |         assert!(jit_stats.compilation_attempts >= 0);
    |                 ^^^^^^^^^^^^^^^^^^^^^^^^^^^^^^^^^^^

warning: comparison is useless due to type limits
    --> semantic-cli/src/gate_c/security_ops/mod.rs:1376:17
     |
1376 |         assert!(report.audit_metadata.duration_ms >= 0);
     |                 ^^^^^^^^^^^^^^^^^^^^^^^^^^^^^^^^^^^^^^

warning: comparison is useless due to type limits
    --> semantic-cli/src/gate_c/security_ops/mod.rs:1700:17
     |
1700 |         assert!(redacted_report.redaction_summary.capabilities_filtered >= 0);
     |                 ^^^^^^^^^^^^^^^^^^^^^^^^^^^^^^^^^^^^^^^^^^^^^^^^^^^^^^^^^^^^

warning: comparison is useless due to type limits
    --> semantic-cli/src/gate_c/security_ops/mod.rs:2168:17
     |
2168 |         assert!(report.audit_metadata.duration_ms >= 0);
     |                 ^^^^^^^^^^^^^^^^^^^^^^^^^^^^^^^^^^^^^^

warning: comparison is useless due to type limits
    --> semantic-cli/src/gate_c/security_ops/mod.rs:2232:17
     |
2232 |         assert!(summary.capabilities_filtered >= 0);
     |                 ^^^^^^^^^^^^^^^^^^^^^^^^^^^^^^^^^^

warning: comparison is useless due to type limits
    --> semantic-cli/src/gate_c/security_ops/mod.rs:2233:17
     |
2233 |         assert!(summary.findings_filtered >= 0);
     |                 ^^^^^^^^^^^^^^^^^^^^^^^^^^^^^^

warning: comparison is useless due to type limits
    --> semantic-cli/src/gate_c/repl_visibility/mod.rs:1671:17
     |
1671 |         assert!(visualization.metadata.render_duration_ms >= 0);
     |                 ^^^^^^^^^^^^^^^^^^^^^^^^^^^^^^^^^^^^^^^^^^^^^^

warning: comparison is useless due to type limits
    --> semantic-cli/src/gate_c/repl_visibility/mod.rs:1950:17
     |
1950 |         assert!(explanation.metadata.generation_duration_ms >= 0);
     |                 ^^^^^^^^^^^^^^^^^^^^^^^^^^^^^^^^^^^^^^^^^^^^^^^^

warning: unused `std::result::Result` that must be used
   --> semantic-cli/src/repl/mod.rs:122:21
    |
122 |                     self.editor.add_history_entry(line);
    |                     ^^^^^^^^^^^^^^^^^^^^^^^^^^^^^^^^^^^
    |
    = note: this `Result` may be an `Err` variant, which should be handled
    = note: `#[warn(unused_must_use)]` (part of `#[warn(unused)]`) on by default
help: use `let _ = ...` to ignore the resulting value
    |
122 |                     let _ = self.editor.add_history_entry(line);
    |                     +++++++

warning: `semantic-cli` (lib test) generated 97 warnings (run `cargo fix --lib -p semantic-cli --tests` to apply 58 suggestions)
    Finished `test` profile [unoptimized + debuginfo] target(s) in 0.53s
     Running unittests src/lib.rs (/Users/asel/AykenOS/userspace/target/debug/deps/semantic_cli-0531a4ecd08f478d)

running 863 tests
test ast::nodes::tests::test_binary_op_precedence ... ok
test ast::nodes::tests::test_ast_node_creation ... ok
test ast::nodes::tests::test_binary_op_associativity ... ok
test ast::nodes::tests::test_expression_location ... ok
test bcib::tests::test_contextual_capabilities ... ok
test bcib::tests::test_bcib_metadata ... ok
test bcib::tests::test_capability_requirements ... ok
test ast::nodes::tests::test_query_command ... ok
test bcib::tests::test_debug_instruction_sequence_references ... ok
test bcib::tests::test_filter_expression ... ok
test bcib::tests::test_operand_ref_types ... ok
test bcib::tests::test_operand_ref_validation ... ok
test bcib::tests::test_context_instruction_validation ... ok
test bcib::tests::test_phase_compatibility ... ok
test bcib::tests::test_value_types ... ok
test bcib::tests::test_value_validation ... ok
test bcib::tests::test_bcib_sequence_validation ... ok
test bcib::tests::test_query_instruction_validation ... ok
test bcib::tests::test_flat_instruction_graph_example ... ok
test context::cache::tests::test_cache_creation ... ok
test context::cache::tests::test_cache_clear ... ok
test context::cache::tests::test_cache_debug_info ... ok
test bcib::tests::test_bcib_sequence_registry ... ok
test context::cache::tests::test_cache_miss ... ok
test context::cache::tests::test_cache_access_order ... ok
test context::cache::tests::test_cache_lru_eviction ... ok
test context::cache::tests::test_cache_insert_and_get ... ok
test context::cache::tests::test_cache_remove ... ok
test context::cache::tests::test_cache_stats ... ok
test context::cache::tests::test_context_data_creation ... ok
test bcib::tests::test_serialization_round_trip_binary ... ok
test context::cache::tests::test_cache_utilization ... ok
test bcib::tests::test_serialization_round_trip_json ... ok
test context::cache::tests::test_cache_expiration ... ok
test context::cache::tests::test_cache_clean_expired ... ok
test context::cache::tests::test_context_data_expiration ... ok
test context::registry::tests::test_context_schema ... ok
test context::registry::tests::test_get_metadata ... ok
test context::registry::tests::test_list_contexts ... ok
test context::loaders::tests::test_mock_process_loader ... ok
test context::registry::tests::test_load_invalid_context ... ok
test context::registry::tests::test_registry_creation ... ok
test context::registry::tests::test_load_context ... ok
test context::loaders::tests::test_mock_user_loader ... ok
test context::tests::test_capability_mismatch ... ok
test context::loaders::tests::test_mock_log_loader ... ok
test context::cache::tests::test_cache_performance ... ok
test context::tests::test_context_manager_creation ... ok
test context::tests::test_list_contexts ... ok
test context::loaders::tests::test_mock_agent_loader ... ok
test error::tests::test_error_display ... ok
test error::tests::test_syntax_error ... ok
test error::tests::test_validation_error ... ok
test execution_plan::builder::tests::test_block_allocation ... ok
test execution_plan::builder::tests::test_convert_context_instructions ... ok
test execution_plan::builder::tests::test_convert_query_instructions ... ok
test execution_plan::builder::tests::test_determinism_fingerprint ... ok
test execution_plan::builder::tests::test_empty_instruction_list_error ... ok
test execution_plan::builder::tests::test_ir_builder_basic ... ok
test execution_plan::builder::tests::test_parallel_safety_annotation ... ok
test execution_plan::builder::tests::test_parallel_safety_annotation_with_filter ... ok
test execution_plan::dataflow::tests::test_add_instruction ... ok
test execution_plan::dataflow::tests::test_circular_dependency_detection ... ok
test execution_plan::dataflow::tests::test_dataflow_graph_creation ... ok
test execution_plan::dataflow::tests::test_dataflow_validation ... ok
test execution_plan::dataflow::tests::test_dead_register ... ok
test execution_plan::dataflow::tests::test_instruction_dependencies ... ok
test execution_plan::dataflow::tests::test_live_range_computation ... ok
test execution_plan::dataflow::tests::test_live_range_overlap ... ok
test execution_plan::dataflow::tests::test_use_def_chain ... ok
test execution_plan::tests::test_determinism_fingerprint ... ok
test execution_plan::tests::test_execution_plan_invalid_entry_block ... ok
test execution_plan::tests::test_execution_plan_registers ... ok
test execution_plan::tests::test_execution_plan_validation ... ok
test execution_plan::tests::test_ir_block_creation ... ok
test execution_plan::tests::test_ir_block_parallel_safety_default ... ok
test execution_plan::tests::test_ir_block_with_safety ... ok
test execution_plan::tests::test_ir_instruction_registers ... ok
test execution_plan::tests::test_parallel_safety_enum ... ok
test execution_plan::validator::tests::test_empty_block_validation ... ok
test execution_plan::validator::tests::test_invalid_entry_block ... ok
test execution_plan::validator::tests::test_invalid_instruction_validation ... ok
test execution_plan::validator::tests::test_missing_determinism_fingerprint ... ok
test execution_plan::validator::tests::test_terminator_in_instructions ... ok
test execution_plan::validator::tests::test_valid_execution_plan ... ok
test execution_plan::validator::tests::test_validation_config ... ok
test execution_plan::validator::tests::test_validation_report ... ok
test execution_plan::validator::tests::test_validator_creation ... ok
test gate_c::complexity_budget_tests::complexity_regression_tests::test_empty_plan_performance ... ok
test gate_c::complexity_budget_tests::complexity_regression_tests::test_small_plan_performance_baseline ... ok
test context::tests::test_context_caching ... ok
test gate_c::complexity_budget_tests::test_complexity_scaling_linearity ... ignored
test gate_c::complexity_budget_tests::test_ir_analysis_complexity_budget ... ignored
test gate_c::complexity_budget_tests::test_memory_usage_budget ... ignored
test gate_c::complexity_budget_tests::test_normalization_complexity_budget_1k ... ignored
test gate_c::complexity_budget_tests::test_normalization_complexity_budget_5k ... ignored
test gate_c::complexity_budget_tests::test_normalization_complexity_budget_max ... ignored
test gate_c::complexity_budget_tests::test_parallelism_analysis_complexity_budget ... ignored
test gate_c::deterministic::tests::test_deterministic_id_reproducible ... ok
test gate_c::deterministic::tests::test_deterministic_timestamp_reproducible ... ok
test gate_c::deterministic::tests::test_fixed_timestamp_consistency ... ok
test gate_c::deterministic::tests::test_simple_string_hash_deterministic ... ok
test gate_c::error::tests::test_error_determinism ... ok
test gate_c::error::tests::test_gate_c_error_codes ... ok
test gate_c::error::tests::test_pipeline_error_formatting ... ok
test gate_c::error::tests::test_render_error_formatting ... ok
test gate_c::error::tests::test_submission_error_codes ... ok
test gate_c::ir::tests::test_confidence_filtering ... ok
test gate_c::ir::tests::test_critical_path_identification ... ok
test gate_c::ir::tests::test_data_conflict_detection ... ok
test gate_c::ir::tests::test_dependency_based_ordering_hints ... ok
test gate_c::ir::tests::test_duplicate_step_id_rejection ... ok
test gate_c::ir::tests::test_empty_plan_rejection ... ok
test gate_c::complexity_budget_tests::test_complexity_budget_fallback_behavior ... ok
test gate_c::ir::tests::test_enhanced_hint_validation ... ok
test gate_c::ir::tests::test_enhanced_ordering_hint_generation ... ok
test gate_c::ir::tests::test_hint_merging ... ok
test gate_c::ir::tests::test_enhanced_parallelism_hint_generation ... ok
test gate_c::ir::tests::test_ordering_hint_generation ... ok
test gate_c::ir::tests::test_ir_planner ... ok
test gate_c::ir::tests::test_ordering_hinter ... ok
test gate_c::ir::tests::test_parallelism_hint_generation ... ok
test gate_c::ir::tests::test_plan_size_limits ... ok
test gate_c::ir::tests::test_priority_score_generation ... ok
test gate_c::ir::tests::test_resource_contention_analysis ... ok
test gate_c::ir::tests::test_semantic_analyzer_creation ... ok
test gate_c::ir::tests::test_semantic_dependency_analysis ... ok
test gate_c::limits::tests::test_complexity_acceptability ... ok
test gate_c::ir::tests::test_semantic_dependency_graph ... ok
test gate_c::limits::tests::test_default_limits ... ok
test gate_c::limits::tests::test_complexity_score ... ok
test gate_c::limits::tests::test_pipeline_validation ... ok
test gate_c::limits::tests::test_plan_validation ... ok
test gate_c::limits::tests::test_testing_limits ... ok
test gate_c::mutation::tests::test_capability_validator_creation ... ok
test gate_c::mutation::tests::test_conflict_detector_creation ... ok
test gate_c::mutation::tests::test_conflict_symmetry ... ok
test gate_c::mutation::tests::test_intent_validation ... ok
test gate_c::mutation::tests::test_create_conflicts_with_create ... ok
test gate_c::mutation::tests::test_invalidate_conflicts_with_everything ... ok
test gate_c::mutation::tests::test_no_conflict_with_empty_detector ... ok
test gate_c::mutation::tests::test_update_conflicts_with_update ... ok
test gate_c::normalizer::tests::test_ambiguous_plan_detection ... ok
test gate_c::normalizer::tests::test_canonicalization_rules ... ok
test gate_c::normalizer::tests::test_ambiguous_plan_edge_cases ... ok
test gate_c::normalizer::tests::test_canonicalization_stability ... ok
test gate_c::normalizer::tests::test_canonicalization_rules_comprehensive ... ok
test gate_c::normalizer::tests::test_circular_dependency_detection ... ok
test gate_c::normalizer::tests::test_complex_circular_dependency ... ok
test gate_c::normalizer::tests::test_comprehensive_structural_validation ... ok
test gate_c::normalizer::tests::test_complex_plan_integration ... ok
test gate_c::normalizer::tests::test_compute_operation_validation ... ok
test gate_c::normalizer::tests::test_data_flow_validation ... ok
test gate_c::normalizer::tests::test_data_ref_limits ... ok
test gate_c::normalizer::tests::test_duplicate_data_producer_detection ... ok
test gate_c::normalizer::tests::test_duplicate_step_ids ... ok
test gate_c::normalizer::tests::test_edge_case_empty_plan ... ok
test gate_c::normalizer::tests::test_edge_case_plan_exceeds_limits ... ok
test gate_c::normalizer::tests::test_edge_case_single_step_plan ... ok
test gate_c::normalizer::tests::test_empty_operation_parameters ... ok
test gate_c::normalizer::tests::test_fingerprint_collision_resistance ... ok
test gate_c::normalizer::tests::test_fingerprint_determinism ... ok
test gate_c::normalizer::tests::test_invalid_dependency_reference ... ok
test context::tests::test_cache_invalidation ... ok
test context::loaders::tests::test_data_consistency ... ok
test gate_c::normalizer::tests::test_invalid_step_id ... ok
test gate_c::normalizer::tests::test_metadata_size_limits ... ok
test gate_c::normalizer::tests::test_metadata_validation ... ok
test gate_c::normalizer::tests::test_normalization_determinism_property ... ok
test gate_c::normalizer::tests::test_normalization_idempotency ... ok
test gate_c::normalizer::tests::test_normalization_stability_property ... ok
test gate_c::normalizer::tests::test_operation_validation ... ok
test gate_c::normalizer::tests::test_output_source_step_validation ... ok
test gate_c::normalizer::tests::test_plan_normalizer_creation ... ok
test gate_c::normalizer::tests::test_plan_normalization ... ok
test gate_c::normalizer::tests::test_normalization_performance ... ok
test gate_c::normalizer::tests::test_plan_too_large ... ok
test gate_c::normalizer::tests::test_reference_integrity_validation ... ok
test gate_c::normalizer::tests::test_source_step_mismatch_detection ... ok
test gate_c::normalizer::tests::test_structural_validation ... ok
test gate_c::normalizer::tests::test_validation_categories ... ok
test gate_c::normalizer::tests::test_validation_comprehensive_error_collection ... ok
test gate_c::normalizer::tests::test_validation_report ... ok
test gate_c::normalizer::tests::test_validation_report_with_errors ... ok
test gate_c::normalizer::tests::test_validation_idempotency ... ok
test gate_c::pipeline::tests::test_dependency_analyzer_creation ... ok
test gate_c::pipeline::tests::test_cycle_detection ... ok
test gate_c::pipeline::tests::test_order_canonicalizer ... ok
test gate_c::pipeline::tests::test_deterministic_ordering ... ok
test gate_c::pipeline::tests::test_pipeline_planner ... ok
test gate_c::pipeline::tests::test_pipeline_too_large ... ok
test gate_c::pipeline::tests::test_simple_dependency_analysis ... ok
test gate_c::pipeline::tests::test_topological_sort ... ok
test gate_c::repl_visibility::tests::test_bounded_renderer_summary ... ok
test gate_c::repl_visibility::tests::test_bounded_renderer_detailed ... ok
test gate_c::repl_visibility::tests::test_bounded_renderer_compact ... ok
test gate_c::repl_visibility::tests::test_bounded_renderer_tree ... ok
test gate_c::repl_visibility::tests::test_complexity_score_calculation ... ok
test gate_c::repl_visibility::tests::test_critical_path_finding ... ok
test gate_c::repl_visibility::tests::test_cross_references_generation ... ok
test gate_c::repl_visibility::tests::test_data_flow_preview_generation ... ok
test gate_c::repl_visibility::tests::test_dependency_bottlenecks ... ok
test gate_c::repl_visibility::tests::test_dry_run_preview ... ok
test gate_c::repl_visibility::tests::test_execution_order_determination ... ok
test gate_c::repl_visibility::tests::test_execution_flow_preview_generation ... ok
test gate_c::repl_visibility::tests::test_capability_based_redaction ... ok
test gate_c::repl_visibility::tests::test_explanation_content_generation ... ok
test gate_c::repl_visibility::tests::test_explanation_sections ... ok
test gate_c::repl_visibility::tests::test_parallel_groups_identification ... ok
test gate_c::repl_visibility::tests::test_parallel_width_estimation ... ok
test gate_c::repl_visibility::tests::test_interactive_features_generation ... ok
test gate_c::repl_visibility::tests::test_explanation_size_limits ... ok
test gate_c::repl_visibility::tests::test_plan_summary_generation ... ok
test gate_c::repl_visibility::tests::test_rendering_limits ... ok
test gate_c::repl_visibility::tests::test_plan_visualization ... ok
test gate_c::repl_visibility::tests::test_preview_content_generation ... ok
test gate_c::repl_visibility::tests::test_repl_visualizer_creation ... ok
test gate_c::repl_visibility::tests::test_repl_visualizer_with_config ... ok
test gate_c::repl_visibility::tests::test_step_description_generation ... ok
test context::tests::test_context_loading_with_capability ... ok
test gate_c::repl_visibility::tests::test_semantic_explanation_generation ... ok
test gate_c::security_ops::tests::test_audit_trail_completeness_error_tracking ... ok
test gate_c::security_ops::tests::test_audit_trail_completeness_redaction_tracking ... ok
test gate_c::security_ops::tests::test_capability_bypass_attempt_admin_escalation ... ok
test gate_c::security_ops::tests::test_audit_trail_completeness_metadata ... ok
test gate_c::security_ops::tests::test_capability_bypass_attempt_malicious_patterns ... ok
test gate_c::security_ops::tests::test_capability_requirements ... ok
test gate_c::security_ops::tests::test_capability_scope_hierarchy ... ok
test gate_c::security_ops::tests::test_capability_validator ... ok
test gate_c::security_ops::tests::test_capability_filtering ... ok
test gate_c::security_ops::tests::test_dangerous_function_detection ... ok
test gate_c::security_ops::tests::test_capability_bypass_attempt_scope_elevation ... ok
test gate_c::security_ops::tests::test_empty_plan_detection ... ok
test gate_c::security_ops::tests::test_finding_filtering_by_category ... ok
test gate_c::security_ops::tests::test_injection_pattern_detection ... ok
test gate_c::security_ops::tests::test_dos_resistance_complex_data_structures ... ok
test gate_c::security_ops::tests::test_output_size_limits ... ok
test gate_c::security_ops::tests::test_performance_security_operations_baseline ... ok
test gate_c::security_ops::tests::test_dos_resistance_redaction_performance ... ok
test gate_c::security_ops::tests::test_large_report_summarization ... ok
test gate_c::security_ops::tests::test_plan_inspection ... ok
test gate_c::security_ops::tests::test_plan_size_limit ... ok
test gate_c::security_ops::tests::test_dos_resistance_maximum_plan_size ... ok
test context::tests::test_performance_targets ... ok
test context::tests::test_cache_stats ... ok
test gate_c::security_ops::tests::test_redaction_completeness ... ok
test gate_c::security_ops::tests::test_redaction_engine_creation ... ok
test gate_c::security_ops::tests::test_performance_security_operations_scaling ... ok
test gate_c::security_ops::tests::test_redaction_engine_with_config ... ok
test gate_c::security_ops::tests::test_redaction_patterns ... ok
test gate_c::security_ops::tests::test_security_inspector_creation ... ok
test gate_c::security_ops::tests::test_security_inspector_with_config ... ok
test gate_c::security_ops::tests::test_risk_assessment ... ok
test gate_c::security_ops::tests::test_sensitive_data_detection ... ok
test gate_c::security_ops::tests::test_severity_threshold ... ok
test gate_c::snapshot_tests::snapshot_regression_tests::test_deterministic_utilities_snapshot ... ok
test gate_c::security_ops::tests::test_sensitive_data_redaction ... ok
test gate_c::snapshot_tests::test_pipeline_planning_snapshot_determinism ... ok
test gate_c::snapshot_tests::test_repl_visualization_snapshot_determinism ... ok
test gate_c::submission::tests::test_empty_plan_rejection ... ok
test gate_c::snapshot_tests::test_cross_run_determinism_golden_master ... ok
test gate_c::submission::tests::test_plan_submission ... ok
test gate_c::submission::tests::test_submission_bridge_creation ... ok
test gate_c::submission::tests::test_submission_determinism ... ok
test gate_c::tests::test_gate_c_mission ... ok
test gate_c::tests::test_gate_c_version ... ok
test gate_c::types::tests::test_plan_fingerprint_creation ... ok
test gate_c::snapshot_tests::test_canonical_plan_snapshot_determinism ... ok
test gate_c::types::tests::test_resource_path_display ... ok
test gate_c::types::tests::test_submission_id_display ... ok
test ir_planner::register_file::tests::test_boolean_conversion ... ok
test ir_planner::register_file::tests::test_register_assignment ... ok
test ir_planner::register_file::tests::test_register_file_creation ... ok
test ir_planner::register_file::tests::test_register_file_dump ... ok
test gate_c::snapshot_tests::test_complex_plan_snapshot_determinism ... ok
test ir_planner::register_file::tests::test_register_statistics ... ok
test ir_planner::register_file::tests::test_register_value_conversions ... ok
test ir_planner::register_file::tests::test_single_assignment_violation ... ok
test ir_planner::register_file::tests::test_type_compatibility ... ok
test ir_planner::register_file::tests::test_type_constraints ... ok
test ir_planner::register_file::tests::test_undefined_register_access ... ok
test ir_planner::replay::tests::test_ir_executor_parallelism_disabled_by_default ... ok
test ir_planner::replay::tests::test_ir_executor_with_parallelism ... ok
test ir_planner::replay::tests::test_parallel_execution_path_fallback ... ok
test ir_planner::replay::tests::test_replay_mode_forces_sequential_execution ... ok
test ir_planner::replay::tests::test_replay_recorder_creation ... ok
test ir_planner::replay::tests::test_replay_recording ... ok
test ir_planner::replay::tests::test_replay_step_creation ... ok
test ir_planner::replay::tests::test_replay_system ... ok
test ir_planner::replay::tests::test_replay_system_seeking ... ok
test ir_planner::replay::tests::test_replay_trace_creation ... ok
test ir_planner::replay::tests::test_replay_trace_summary ... ok
test ir_planner::replay::tests::test_replay_trace_validation ... ok
test ir_planner::replay::tests::test_replay_trace_serialization ... ok
test ir_planner::replay::tests::test_sequential_execution_still_works ... ok
test ir_planner::tests::test_comparison_operations ... ok
test ir_planner::tests::test_execution_state_advancement ... ok
test ir_planner::tests::test_invalid_register_access ... ok
test ir_planner::tests::test_ir_executor_creation ... ok
test ir_planner::tests::test_ir_executor_parallelism_disabled_by_default ... ok
test ir_planner::tests::test_load_literal_instruction ... ok
test ir_planner::tests::test_logical_operations ... ok
test ir_planner::tests::test_replay_mode_prevents_parallel_execution ... ok
test ir_planner::tests::test_ir_executor_with_parallelism_enabled ... ok
test ir_planner::tests::test_parallel_execution_integration ... ok
test ir_planner::tests::test_sequential_execution_unchanged ... ok
test lexer::tests::test_boolean_literals ... ok
test lexer::tests::test_comparison_operators ... ok
test ir_planner::tests::test_type_mismatch_error ... ok
test ir_planner::tests::test_simple_execution ... ok
test lexer::tests::test_complex_command ... ok
test lexer::tests::test_empty_input ... ok
test lexer::tests::test_identifier ... ok
test lexer::tests::test_invalid_character ... ok
test gate_c::security_ops::tests::test_performance_security_operations_memory_usage ... ok
test lexer::tests::test_keywords ... ok
test lexer::tests::test_number_decimal ... ok
test lexer::tests::test_number_integer ... ok
test lexer::tests::test_operators ... ok
test lexer::tests::test_single_token ... ok
test lexer::tests::test_source_location_tracking ... ok
test lexer::tests::test_string_escape_sequences ... ok
test lexer::tests::test_string_literal ... ok
test lexer::tests::test_unterminated_string ... ok
test lexer::tokens::tests::test_keyword_lookup ... ok
test lexer::tokens::tests::test_token_creation ... ok
test lexer::tokens::tests::test_token_display ... ok
test lexer::tokens::tests::test_token_kind_checks ... ok
test loop_engine::accumulator::tests::test_accumulator_pattern_errors ... ok
test loop_engine::accumulator::tests::test_accumulator_pattern_from_initial_values ... ok
test loop_engine::accumulator::tests::test_accumulator_validation ... ok
test loop_engine::accumulator::tests::test_get_all_values ... ok
test loop_engine::accumulator::tests::test_multi_accumulator_pattern ... ok
test loop_engine::accumulator::tests::test_single_accumulator ... ok
test loop_engine::control::tests::test_break_and_continue_handling ... ok
test loop_engine::control::tests::test_break_continue_position_tracking ... ok
test loop_engine::control::tests::test_budget_calculator ... ok
test loop_engine::control::tests::test_budget_timeout_checking ... ok
test loop_engine::control::tests::test_condition_evaluation ... ok
test loop_engine::control::tests::test_condition_evaluation_order_tracking ... ok
test loop_engine::control::tests::test_control_flow_creation ... ok
test loop_engine::control::tests::test_decision_recording ... ok
test loop_engine::control::tests::test_control_flow_reset ... ok
test loop_engine::control::tests::test_control_flow_from_loop_state ... ok
test loop_engine::control::tests::test_range_iterator ... ok
test loop_engine::control::tests::test_iteration_limit_checking ... ok
test loop_engine::d2_integration::tests::test_deterministic_chunk_size_calculation ... ok
test loop_engine::d2_integration::tests::test_for_loop_iteration_calculation ... ok
test loop_engine::d2_integration::tests::test_deterministic_partitioning ... ok
test loop_engine::control::tests::test_control_fingerprint_creation ... ok
test loop_engine::control::tests::test_shape_fingerprint_creation ... ok
test loop_engine::d2_integration::tests::test_parallelization_benefit_estimation ... ok
test loop_engine::d2_integration::tests::test_parallelization_decision_large_safe_for_loop_accepted ... ok
test loop_engine::d2_integration::tests::test_parallelization_decision_small_loop_excluded ... ok
test loop_engine::d2_integration::tests::test_parallelization_decision_unsafe_loop_excluded ... ok
test loop_engine::d2_integration::tests::test_static_iteration_count_foreach_loop_with_literal_array ... ok
test loop_engine::d2_integration::tests::test_parallelization_decision_while_loop_excluded ... ok
test loop_engine::d2_integration::tests::test_static_iteration_count_while_loop_returns_none ... ok
test loop_engine::d2_integration::tests::test_static_iteration_count_for_loop ... ok
test loop_engine::deterministic_partitioner::tests::test_available_parallelism_as_upper_bound ... ok
test loop_engine::deterministic_partitioner::tests::test_custom_configuration ... ok
test loop_engine::deterministic_partitioner::tests::test_deterministic_partitioning_same_inputs ... ok
test loop_engine::deterministic_partitioner::tests::test_chunk_size_calculation ... ok
test loop_engine::deterministic_partitioner::tests::test_edge_cases ... ok
test loop_engine::deterministic_partitioner::tests::test_load_balancing ... ok
test loop_engine::deterministic_partitioner::tests::test_partition_completeness ... ok
test loop_engine::deterministic_partitioner::tests::test_property_non_overlapping ... ok
test loop_engine::deterministic_partitioner::tests::test_partition_analysis ... ok
test loop_engine::deterministic_partitioner::tests::test_property_determinism ... ok
test loop_engine::deterministic_partitioner::tests::test_partition_verification ... ok
test loop_engine::deterministic_partitioner::tests::test_property_completeness ... ok
test loop_engine::deterministic_partitioner::tests::test_determinism_across_different_parallelism ... ok
test loop_engine::errors::tests::test_environment_fault_display ... ok
test loop_engine::errors::tests::test_error_codes ... ok
test loop_engine::errors::tests::test_error_recoverability ... ok
test loop_engine::errors::tests::test_error_recovery_policy ... ok
test loop_engine::errors::tests::test_loop_error_display ... ok
test loop_engine::errors::tests::test_recovery_action ... ok
test loop_engine::errors::tests::test_partial_result ... ok
test loop_engine::errors::tests::test_termination_reason_display ... ok
test loop_engine::errors::tests::test_loop_result ... ok
test loop_engine::fingerprint::tests::test_accumulator_transition_encoding ... ok
test loop_engine::fingerprint::tests::test_control_decision_conversion ... ok
test loop_engine::fingerprint::tests::test_canonical_encoder_value_encoding ... ok
test loop_engine::fingerprint::tests::test_accumulator_manager_vs_pattern_fingerprint_difference ... ok
test loop_engine::fingerprint::tests::test_data_fingerprint_generation_with_accumulator_manager ... ok
test loop_engine::fingerprint::tests::test_enhanced_fingerprint_determinism ... ok
test loop_engine::fingerprint::tests::test_audit_trail_logging ... ok
test loop_engine::fingerprint::tests::test_enhanced_fingerprint_generation_with_control_flow ... ok
test loop_engine::fingerprint::tests::test_enhanced_fingerprint_uniqueness ... ok
test loop_engine::fingerprint::tests::test_fingerprint_cache ... ok
test loop_engine::fingerprint::tests::test_fingerprint_creation_and_validation ... ok
test loop_engine::fingerprint::tests::test_fingerprint_uniqueness ... ok
test loop_engine::fingerprint::tests::test_floating_point_canonicalization ... ok
test loop_engine::fingerprint::tests::test_fingerprint_verification ... ok
test loop_engine::fingerprint::tests::test_fingerprint_determinism ... ok
test loop_engine::fingerprint::tests::test_incremental_fingerprint_determinism ... ok
test loop_engine::fingerprint::tests::test_incremental_fingerprint_computation ... ok
test loop_engine::fingerprint::tests::test_incremental_hasher_phase_enforcement ... ok
test loop_engine::fingerprint::tests::test_incremental_vs_traditional_fingerprint_consistency ... ok
test loop_engine::fingerprint::tests::test_loop_type_determination ... ok
test loop_engine::fingerprint::tests::test_verification_statistics ... ok
test loop_engine::fingerprint::tests::test_verification_manager_mandatory_enforcement ... ok
test loop_engine::fingerprint::tests::test_verification_modes_with_audit_logging ... ok
test loop_engine::fingerprint::tests::test_verification_modes ... ok
test loop_engine::jit_integration::tests::test_cache_key_sensitivity_to_accumulator_type ... ok
test loop_engine::jit_integration::tests::test_clear_cache ... ok
test loop_engine::jit_integration::tests::test_cache_key_sensitivity_to_budget_measurement ... ok
test loop_engine::jit_integration::tests::test_compilation_metadata_creation ... ok
test loop_engine::jit_integration::tests::test_cache_eviction ... ok
test loop_engine::jit_integration::tests::test_comprehensive_cache_key_computation ... ok
test loop_engine::jit_integration::tests::test_d1_compilation_context_preparation ... ok
test loop_engine::jit_integration::tests::test_jit_config_variants ... ok
test loop_engine::jit_integration::tests::test_jit_eligibility_check ... ok
test loop_engine::jit_integration::tests::test_jit_integration_creation ... ok
test loop_engine::jit_integration::tests::test_jit_compilation_workflow ... ok
test loop_engine::jit_integration::tests::test_jit_stats_calculations ... ok
test loop_engine::jit_integration::tests::test_native_code_generation_with_guarantees ... ok
test loop_engine::jit_integration::tests::test_loop_body_fingerprint_computation ... ok
test loop_engine::monitoring::tests::test_global_stats_calculations ... ok
test loop_engine::monitoring::tests::test_clear_monitoring_data ... ok
test loop_engine::monitoring::tests::test_alerting_system ... ok
test loop_engine::monitoring::tests::test_hot_loop_detection ... ok
test loop_engine::monitoring::tests::test_jit_compilation_failure_recording ... ok
test loop_engine::monitoring::tests::test_jit_compilation_result_recording ... ok
test gate_c::normalizer::tests::test_edge_case_maximum_complexity ... ok
test loop_engine::monitoring::tests::test_hot_loop_threshold_boundary ... ok
test loop_engine::monitoring::tests::test_jit_compilation_triggering ... ok
test loop_engine::monitoring::tests::test_loop_execution_stats_calculations ... ok
test loop_engine::fingerprint::tests::test_collection_determinism_fingerprinting ... FAILED
test loop_engine::fingerprint::tests::test_incremental_fingerprint_uniqueness ... FAILED
test loop_engine::monitoring::tests::test_loop_monitor_creation ... ok
test loop_engine::monitoring::tests::test_monitoring_summary ... ok
test loop_engine::monitoring::tests::test_multiple_loop_executions ... ok
test loop_engine::monitoring::tests::test_monitoring_api_interface ... ok
test loop_engine::monitoring::tests::test_monitoring_config_variants ... ok
test loop_engine::reduction::tests::test_accumulator_manager_from_pattern ... ok
test loop_engine::reduction::tests::test_accumulator_manager_basic_operations ... ok
test loop_engine::reduction::tests::test_accumulator_manager_validation ... ok
test loop_engine::reduction::tests::test_accumulator_transition_validation ... ok
test loop_engine::reduction::tests::test_floating_point_canonicalization ... ok
test loop_engine::reduction::tests::test_type_registry_canonical_encoding ... ok
test loop_engine::reduction::tests::test_data_fingerprint_generation ... ok
test loop_engine::reduction::tests::test_data_transformer ... ok
test loop_engine::safety_analyzer::tests::test_analysis_caching ... ok
test loop_engine::safety_analyzer::tests::test_cache_eviction_policy ... ok
test loop_engine::safety_analyzer::tests::test_cache_clearing ... ok
test loop_engine::safety_analyzer::tests::test_cache_efficiency_report ... ok
test loop_engine::safety_analyzer::tests::test_cache_key_uniqueness ... ok
test loop_engine::safety_analyzer::tests::test_cache_health_monitoring ... ok
test loop_engine::safety_analyzer::tests::test_conservative_mode ... ok
test loop_engine::safety_analyzer::tests::test_conditional_update_pattern_detection ... ok
test loop_engine::safety_analyzer::tests::test_enhanced_cache_metrics ... ok
test loop_engine::safety_analyzer::tests::test_dependency_analysis_caching ... ok
test loop_engine::safety_analyzer::tests::test_known_safe_functions ... ok
test loop_engine::safety_analyzer::tests::test_external_variable_dependency_detection ... ok
test loop_engine::safety_analyzer::tests::test_loop_carried_dependency_detection ... ok
test loop_engine::safety_analyzer::tests::test_enhanced_accumulator_pattern_detection ... ok
test loop_engine::safety_analyzer::tests::test_complex_dependency_analysis ... ok
test loop_engine::safety_analyzer::tests::test_multiple_side_effects ... ok
test loop_engine::monitoring::tests::test_loop_execution_tracking ... ok
test loop_engine::safety_analyzer::tests::test_no_false_positive_dependencies ... ok
test loop_engine::safety_analyzer::tests::test_sequence_generation_pattern_detection ... ok
test loop_engine::safety_analyzer::tests::test_unsafe_loop_body_io_operations ... ok
test loop_engine::safety_analyzer::tests::test_safe_loop_body_analysis ... ok
test loop_engine::safety_analyzer::tests::test_unsafe_loop_body_external_mutation ... ok
test loop_engine::safety_analyzer::tests::test_variable_operation_parsing ... ok
test loop_engine::safety_analyzer::tests::test_unsafe_loop_body_external_calls ... ok
test loop_engine::stable_index_mapping::tests::test_d2_merger_integration ... ok
test loop_engine::stable_index_mapping::tests::test_mapping_cache ... ok
test loop_engine::stable_index_mapping::tests::test_deterministic_result_collection ... ok
test loop_engine::stable_index_mapping::tests::test_stable_index_mapping_for_loop ... ok
test loop_engine::stable_index_mapping::tests::test_mapping_strategy_analysis ... ok
test loop_engine::stable_index_mapping::tests::test_property_deterministic_collection ... ok
test loop_engine::stable_index_mapping::tests::test_property_stable_mapping_consistency ... ok
test loop_engine::stable_index_mapping::tests::test_stable_index_mapping_foreach_loop ... ok
test loop_engine::stable_index_mapping::tests::test_stable_index_mapping_while_loop ... ok
test loop_engine::stable_index_mapping::tests::test_stable_input_mapping_creation ... ok
test loop_engine::state::tests::test_accumulator_update_type_safety ... ok
test loop_engine::state::tests::test_budget_timeout_checking ... ok
test loop_engine::stable_index_mapping::tests::test_stable_mapping_verification ... ok
test loop_engine::state::tests::test_iteration_limit_checking ... ok
test loop_engine::state::tests::test_loop_context_validation ... ok
test loop_engine::tests::architecture_preservation_tests::integration_readiness_preservation::test_bcib_control_flow_compatibility ... ok
test loop_engine::tests::architecture_preservation_tests::integration_readiness_preservation::test_backward_compatibility ... ok
test loop_engine::state::tests::test_loop_state_creation ... ok
test loop_engine::state::tests::test_loop_state_type_validation ... ok
test loop_engine::tests::architecture_preservation_tests::integration_readiness_preservation::test_bcib_integration_compatibility ... ok
test loop_engine::tests::architecture_preservation_tests::interface_stability::test_error_handling_interface_stability ... ok
test loop_engine::tests::architecture_preservation_tests::integration_readiness_preservation::test_ring3_runtime_integration_readiness ... ok
test loop_engine::tests::architecture_preservation_tests::integration_readiness_preservation::test_jit_d1_integration_readiness ... ok
test loop_engine::tests::architecture_preservation_tests::integration_readiness_preservation::test_cross_system_integration_stability ... ok
test loop_engine::tests::architecture_preservation_tests::interface_stability::test_loop_engine_interface_stability ... ok
test loop_engine::tests::architecture_preservation_tests::interface_stability::test_value_system_stability ... ok
test loop_engine::tests::architecture_preservation_tests::loop_result_control_flow_separation::test_control_flow_interface_preservation ... ok
test loop_engine::tests::architecture_preservation_tests::loop_result_control_flow_separation::test_error_handling_separation ... ok
test loop_engine::tests::architecture_preservation_tests::loop_result_control_flow_separation::test_loop_result_control_flow_type_separation ... ok
test loop_engine::tests::architecture_preservation_tests::integration_readiness_preservation::test_parallelism_d2_integration_readiness ... ok
test loop_engine::tests::architecture_preservation_tests::loop_result_control_flow_separation::test_loop_result_interface_preservation ... ok
test loop_engine::tests::architecture_preservation_tests::loop_result_control_flow_separation::test_no_inappropriate_coupling ... ok
test loop_engine::tests::architecture_preservation_tests::safety_analyzer_positioning::test_safety_analyzer_interface_preservation ... ok
test loop_engine::tests::architecture_preservation_tests::safety_analyzer_positioning::test_safety_analyzer_positioning ... ok
test loop_engine::tests::architecture_preservation_tests::safety_analyzer_positioning::test_safety_analyzer_integration ... ok
test loop_engine::monitoring::tests::test_profiling_data_updates ... ok
test context::loaders::tests::test_loader_performance ... ok
test loop_engine::tests::property_tests::test_canonical_encoding_cross_platform_consistency_property ... ok
test loop_engine::tests::property_tests::test_deterministic_execution_cross_platform_property ... ok
test loop_engine::tests::property_tests::test_fingerprint_determinism_property ... ok
test loop_engine::tests::property_tests::test_floating_point_canonicalization_edge_cases_property ... ok
test loop_engine::tests::property_tests::test_canonical_encoding_consistency_property ... ok
test loop_engine::tests::property_tests::test_floating_point_zero_canonicalization_property ... ok
test loop_engine::tests::property_tests::test_fingerprint_hash_integrity_property ... ok
test loop_engine::tests::property_tests::test_corrupted_fingerprint_rejection_property ... ok
test loop_engine::tests::property_tests::unit_tests::test_corrupted_fingerprint_generator ... ok
test loop_engine::tests::property_tests::unit_tests::test_property_test_generators ... ok
test loop_engine::tests::support::tests::test_assert_break_macro ... ok
test loop_engine::tests::support::tests::test_assert_iterations_macro ... ok
test loop_engine::tests::support::tests::test_assert_loop_error_macro ... ok
test loop_engine::tests::support::tests::test_create_test_fingerprint ... ok
test loop_engine::tests::support::tests::test_create_test_loop_config ... ok
test loop_engine::tests::support::tests::test_extract_iteration_count ... ok
test loop_engine::tests::support::tests::test_fingerprint_mismatch_assertion ... ok
test loop_engine::tests::support::tests::test_format_loop_result_debug ... ok
test loop_engine::tests::support::tests::test_scenario_builders ... ok
test loop_engine::tests::tests::test_create_default_for_loop ... ok
test loop_engine::tests::tests::test_create_default_while_loop ... ok
test loop_engine::tests::tests::test_generators ... ok
test loop_engine::tests::tests::test_validation_success_result ... ok
test loop_engine::unroller::tests::test_custom_threshold ... ok
test loop_engine::unroller::tests::test_foreach_field_reference_not_unrolled ... ok
test loop_engine::unroller::tests::test_foreach_literal_array_unrolling ... ok
test loop_engine::unroller::tests::test_large_for_loop_not_unrolled ... ok
test loop_engine::unroller::tests::test_negative_step_for_loop ... ok
test loop_engine::unroller::tests::test_should_unroll_check ... ok
test loop_engine::unroller::tests::test_single_iteration_loop ... ok
test loop_engine::unroller::tests::test_small_for_loop_unrolling ... ok
test loop_engine::unroller::tests::test_static_iteration_count_detection ... ok
test loop_engine::unroller::tests::test_unroll_stats ... ok
test loop_engine::unroller::tests::test_unrolling_disabled ... ok
test loop_engine::unroller::tests::test_while_loop_not_unrolled ... ok
test loop_engine::unroller::tests::test_zero_iteration_loop ... ok
test normalizer::dependency_tracker::tests::test_circular_dependency_detection ... ok
test normalizer::dependency_tracker::tests::test_invalid_instruction_detection ... ok
test normalizer::dependency_tracker::tests::test_no_cycles_valid_graph ... ok
test normalizer::dependency_tracker::tests::test_register_type_preservation ... ok
test normalizer::dependency_tracker::tests::test_simple_dependency_analysis ... ok
test normalizer::dependency_tracker::tests::test_use_before_define_detection ... ok
test normalizer::instruction_orderer::tests::test_canonical_ordering ... ok
test normalizer::instruction_orderer::tests::test_dependency_validation ... ok
test normalizer::instruction_orderer::tests::test_instruction_classification ... ok
test normalizer::register_allocator::tests::test_allocation_determinism ... ok
test normalizer::register_allocator::tests::test_allocation_for_simple_sequence ... ok
test normalizer::register_allocator::tests::test_register_limit_enforcement ... ok
test normalizer::register_allocator::tests::test_sequential_allocation ... ok
test normalizer::tests::test_normalization_determinism ... ok
test normalizer::tests::test_normalize_empty_sequence ... ok
test normalizer::tests::test_normalize_simple_sequence ... ok
test normalizer::validator::tests::test_validate_empty_sequence ... ok
test normalizer::validator::tests::test_validate_invalid_context_name ... ok
test normalizer::validator::tests::test_validate_missing_return ... ok
test normalizer::validator::tests::test_validate_normalized_output ... ok
test normalizer::validator::tests::test_validate_simple_valid_sequence ... ok
test normalizer::validator::tests::test_validate_wrong_register_type ... ok
test operations::debug::tests::test_debug_executor_creation ... ok
test operations::debug::tests::test_dry_run_operation ... ok
test operations::debug::tests::test_empty_sequence_rejected ... ok
test operations::debug::tests::test_explain_operation ... ok
test operations::debug::tests::test_history_operation ... ok
test operations::debug::tests::test_history_size_limit ... ok
test operations::debug::tests::test_multiple_debug_operations_rejected ... ok
test operations::debug::tests::test_no_debug_operation_rejected ... ok
test operations::debug::tests::test_result_formatting ... ok
test operations::debug::tests::test_sequence_not_found ... ok
test operations::debug::tests::test_unsupported_instruction_rejected ... ok
test operations::filter::tests::test_boolean_filter ... ok
test operations::filter::tests::test_empty_filter_result ... ok
test operations::filter::tests::test_field_not_found ... ok
test operations::filter::tests::test_filter_evaluator_creation ... ok
test operations::filter::tests::test_filter_performance ... ok
test operations::filter::tests::test_filter_result_efficiency ... ok
test operations::filter::tests::test_less_than_or_equal_filter ... ok
test operations::filter::tests::test_logical_filter_and ... ok
test operations::filter::tests::test_logical_filter_or ... ok
test operations::filter::tests::test_normalized_filter_not_allowed ... ok
test operations::filter::tests::test_not_equal_filter ... ok
test operations::filter::tests::test_number_comparison_filter ... ok
test operations::filter::tests::test_string_equality_filter ... ok
test operations::filter::tests::test_temp_register_not_allowed ... ok
test operations::filter::tests::test_type_coercion_string_number ... ok
test operations::query::tests::test_bcib_sequence_execution ... ok
test operations::query::tests::test_bulk_filter_execution ... ok
test operations::query::tests::test_empty_instructions ... ok
test operations::query::tests::test_empty_result ... ok
test operations::query::tests::test_error_result ... ok
test operations::query::tests::test_invalid_context_path ... ok
test operations::query::tests::test_performance_target ... ok
test operations::query::tests::test_query_executor_creation ... ok
test operations::query::tests::test_query_result_formatting ... ok
test operations::query::tests::test_query_result_metadata ... ok
test operations::query::tests::test_register_operations ... ok
test loop_engine::tests::property_tests::test_deterministic_execution_preservation_property ... ok
test operations::system::tests::test_agents_list_formatting ... ok
test operations::system::tests::test_empty_instructions ... ok
test operations::system::tests::test_empty_result ... ok
test operations::system::tests::test_error_result ... ok
test operations::system::tests::test_invalid_instruction_type ... ok
test operations::system::tests::test_multiple_system_operations_rejected ... ok
test operations::system::tests::test_no_system_operation_rejected ... ok
test operations::system::tests::test_performance_target ... ok
test operations::system::tests::test_system_executor_creation ... ok
test operations::system::tests::test_system_result_metadata ... ok
test operations::system::tests::test_system_status_execution ... ok
test operations::system::tests::test_system_status_formatting ... ok
test parallelism::implementation::adaptive::tests::test_adaptive_blacklist_add_entry ... ok
test parallelism::implementation::adaptive::tests::test_adaptive_blacklist_creation ... ok
test parallelism::implementation::adaptive::tests::test_adaptive_blacklist_remove_entry ... ok
test parallelism::implementation::adaptive::tests::test_adaptive_blacklist_update_entry ... ok
test parallelism::implementation::adaptive::tests::test_blacklist_entry_add_measurement ... ok
test parallelism::implementation::adaptive::tests::test_blacklist_entry_creation ... ok
test parallelism::implementation::adaptive::tests::test_blacklist_entry_p50_speedup ... ok
test parallelism::implementation::adaptive::tests::test_blacklist_entry_p75_speedup ... ok
test parallelism::implementation::adaptive::tests::test_blacklist_prevents_parallelization ... ok
test parallelism::implementation::adaptive::tests::test_calculate_net_speedup ... ok
test operations::system::tests::test_agents_list_execution ... ok
test parallelism::implementation::adaptive::tests::test_constants ... ok
test parallelism::implementation::adaptive::tests::test_decision_engine_creation ... ok
test parallelism::implementation::adaptive::tests::test_good_performance_removes_blacklist ... ok
test parallelism::implementation::adaptive::tests::test_high_overhead_blacklisting ... ok
test parallelism::implementation::adaptive::tests::test_is_blacklisted ... ok
test parallelism::implementation::adaptive::tests::test_replay_mode_forces_sequential ... ok
test parallelism::implementation::adaptive::tests::test_should_reevaluate_execution_count ... ok
test parallelism::implementation::adaptive::tests::test_should_reevaluate_version_hash ... ok
test parallelism::implementation::adaptive::tests::test_small_dataset_sequential ... ok
test parallelism::implementation::adaptive::tests::test_trait_implementation ... ok
test parallelism::implementation::adaptive::tests::test_unsafe_blocks_sequential ... ok
test parallelism::implementation::config::tests::test_config_builder ... ok
test parallelism::implementation::config::tests::test_default_config ... ok
test parallelism::implementation::config::tests::test_effective_num_threads ... ok
test parallelism::implementation::config::tests::test_num_cpus ... ok
test parallelism::implementation::constitutional::tests::test_constitutional_authority ... ok
test parallelism::implementation::constitutional::tests::test_constitutional_config ... ok
test parallelism::implementation::constitutional::tests::test_constitutional_checker ... ok
test parallelism::implementation::constitutional::tests::test_execution_mode_adaptation ... ok
test parallelism::implementation::constitutional::tests::test_execution_mode_determinism ... ok
test parallelism::implementation::constitutional::tests::test_execution_mode_parallelism ... ok
test parallelism::implementation::constitutional::tests::test_policy_table_constitutional_default ... ok
test parallelism::implementation::constitutional::tests::test_restriction_set ... ok
test parallelism::implementation::constitutional::tests::test_safety_verdict_binding ... ok
test parallelism::implementation::constitutional::tests::test_safety_verdict_enforce_allow ... ok
test parallelism::implementation::constitutional::tests::test_safety_verdict_enforce_reject - should panic ... ok
test parallelism::implementation::constitutional::tests::test_safety_verdict_enforce_empty_restrictions - should panic ... ok
test parallelism::implementation::error::tests::test_determinism_violation_display ... ok
test parallelism::implementation::error::tests::test_error_trait_implementation ... ok
test parallelism::implementation::error::tests::test_execution_error_display ... ok
test parallelism::implementation::error::tests::test_from_boxed_error ... ok
test parallelism::implementation::error::tests::test_from_execution_error ... ok
test parallelism::implementation::error::tests::test_from_io_error ... ok
test parallelism::implementation::error::tests::test_high_overhead_constructor ... ok
test parallelism::implementation::error::tests::test_low_speedup_constructor ... ok
test parallelism::implementation::error::tests::test_performance_degradation_display ... ok
test parallelism::implementation::error::tests::test_safety_violation_display ... ok
test parallelism::implementation::error::tests::test_unsafe_block_constructor ... ok
test parallelism::implementation::error::tests::test_worker_panic_constructor ... ok
test parallelism::implementation::executor::tests::test_execute_empty_partitions ... ok
test parallelism::implementation::executor::tests::test_execute_single_partition ... ok
test parallelism::implementation::executor::tests::test_executor_creation ... ok
test parallelism::implementation::executor::tests::test_panic_safety ... ok
test parallelism::implementation::executor::tests::test_execute_multiple_partitions ... ok
test parallelism::implementation::executor::tests::test_property_index_preservation ... ok
test parallelism::implementation::executor::tests::test_property_determinism ... ok
test parallelism::implementation::executor::tests::test_trait_implementation ... ok
test parallelism::implementation::merger::tests::test_merge_duplicate_index ... ok
test parallelism::implementation::merger::tests::test_merge_empty_results ... ok
test parallelism::implementation::merger::tests::test_merge_invalid_index ... ok
test parallelism::implementation::merger::tests::test_merge_missing_index ... ok
test parallelism::implementation::merger::tests::test_merge_ordered_results ... ok
test parallelism::implementation::merger::tests::test_merge_single_element ... ok
test parallelism::implementation::merger::tests::test_merge_large_dataset ... ok
test parallelism::implementation::merger::tests::test_merge_unordered_results ... ok
test parallelism::implementation::merger::tests::test_property_determinism ... ok
test parallelism::implementation::merger::tests::test_property_index_preservation ... ok
test parallelism::implementation::merger::tests::test_property_order_independence ... ok
test parallelism::implementation::merger::tests::test_verify_completeness_duplicate_index ... ok
test parallelism::implementation::merger::tests::test_verify_completeness_missing_index ... ok
test parallelism::implementation::merger::tests::test_verify_completeness_out_of_bounds ... ok
test parallelism::implementation::merger::tests::test_verify_completeness_valid ... ok
test parallelism::implementation::merger::tests::test_verify_completeness_wrong_count ... ok
test parallelism::implementation::metrics::tests::test_calculate_net_speedup_beneficial ... ok
test parallelism::implementation::metrics::tests::test_calculate_net_speedup_marginal ... ok
test parallelism::implementation::metrics::tests::test_calculate_net_speedup_zero_parallel_time ... ok
test parallelism::implementation::metrics::tests::test_collector_creation ... ok
test parallelism::implementation::metrics::tests::test_empty_history_percentiles ... ok
test parallelism::implementation::metrics::tests::test_execution_phase_enum ... ok
test parallelism::implementation::metrics::tests::test_multiple_measurements ... ok
test parallelism::implementation::metrics::tests::test_p50_net_speedup ... ok
test parallelism::implementation::metrics::tests::test_p75_net_speedup ... ok
test parallelism::implementation::metrics::tests::test_record_all_phases ... ok
test parallelism::implementation::metrics::tests::test_record_phase ... ok
test parallelism::implementation::metrics::tests::test_start_measurement ... ok
test parallelism::implementation::metrics::tests::test_trait_implementation ... ok
test parallelism::implementation::partitioner::tests::test_calculate_partition_size ... ok
test parallelism::implementation::partitioner::tests::test_partition_balanced ... ok
test parallelism::implementation::partitioner::tests::test_partition_empty_data ... ok
test parallelism::implementation::partitioner::tests::test_partition_large_dataset ... ok
test parallelism::implementation::partitioner::tests::test_partition_more_workers_than_data ... ok
test parallelism::implementation::partitioner::tests::test_partition_single_worker ... ok
test parallelism::implementation::partitioner::tests::test_partition_uneven ... ok
test parallelism::implementation::partitioner::tests::test_partition_validity ... ok
test parallelism::implementation::partitioner::tests::test_partition_zero_workers ... ok
test parallelism::implementation::partitioner::tests::test_property_balance ... ok
test parallelism::implementation::partitioner::tests::test_property_completeness ... ok
test parallelism::implementation::partitioner::tests::test_property_determinism ... ok
test parallelism::implementation::partitioner::tests::test_property_non_overlapping ... ok
test parallelism::implementation::reduction::tests::test_classify_comparison_operation ... ok
test parallelism::implementation::reduction::tests::test_classify_logical_operation ... ok
test parallelism::implementation::reduction::tests::test_classify_unknown_operation ... ok
test parallelism::implementation::reduction::tests::test_concat_operation ... ok
test parallelism::implementation::reduction::tests::test_concat_operation_unordered ... ok
test parallelism::implementation::reduction::tests::test_concrete_implementation ... ok
test parallelism::implementation::reduction::tests::test_handler_creation ... ok
test parallelism::implementation::reduction::tests::test_max_operation ... ok
test parallelism::implementation::reduction::tests::test_min_operation ... ok
test parallelism::implementation::reduction::tests::test_product_operation ... ok
test parallelism::implementation::reduction::tests::test_property_commutative_order_independence ... ok
test parallelism::implementation::reduction::tests::test_property_non_commutative_order_preservation ... ok
test parallelism::implementation::reduction::tests::test_reduce_commutative_empty ... ok
test parallelism::implementation::reduction::tests::test_reduce_commutative_multiple_values ... ok
test parallelism::implementation::reduction::tests::test_reduce_commutative_single_value ... ok
test parallelism::implementation::reduction::tests::test_reduce_non_commutative_empty ... ok
test parallelism::implementation::reduction::tests::test_reduce_non_commutative_ordered ... ok
test parallelism::implementation::reduction::tests::test_reduce_non_commutative_unordered_input ... ok
test parallelism::implementation::reduction::tests::test_reduction_type_enum ... ok
test parallelism::implementation::reduction::tests::test_sum_operation ... ok
test parallelism::implementation::safety_analyzer::tests::test_analyzer_trait_implementation ... ok
test parallelism::implementation::safety_analyzer::tests::test_apply_filter_is_pure ... ok
test parallelism::implementation::safety_analyzer::tests::test_branch_is_control_flow ... ok
test parallelism::implementation::safety_analyzer::tests::test_compare_is_pure ... ok
test parallelism::implementation::safety_analyzer::tests::test_complex_pure_block_is_safe ... ok
test parallelism::implementation::safety_analyzer::tests::test_default_trait_implementation ... ok
test parallelism::implementation::safety_analyzer::tests::test_empty_block_is_safe ... ok
test parallelism::implementation::safety_analyzer::tests::test_filter_operation_block_is_safe ... ok
test parallelism::implementation::safety_analyzer::tests::test_load_context_is_pure ... ok
test parallelism::implementation::safety_analyzer::tests::test_load_field_is_pure ... ok
test parallelism::implementation::safety_analyzer::tests::test_load_literal_is_pure ... ok
test parallelism::implementation::safety_analyzer::tests::test_logical_op_is_pure ... ok
test parallelism::implementation::safety_analyzer::tests::test_pure_operations_block_is_safe ... ok
test parallelism::implementation::safety_analyzer::tests::test_return_is_control_flow ... ok
test parallelism::implementation::tests::constitutional_compliance::test_adaptive_blacklist_is_soft ... ok
test parallelism::implementation::tests::constitutional_compliance::test_cache_line_safety_rule ... ok
test parallelism::implementation::tests::constitutional_compliance::test_constitutional_authority_verification ... ok
test parallelism::implementation::tests::constitutional_compliance::test_constitutional_compliance_configuration ... ok
test parallelism::implementation::tests::constitutional_compliance::test_error_policy_constitutional_compliance ... ok
test parallelism::implementation::tests::constitutional_compliance::test_full_constitutional_compliance ... ok
test parallelism::implementation::tests::constitutional_compliance::test_native_code_purity_constraint ... ok
test parallelism::implementation::tests::constitutional_compliance::test_p1_determinism_over_parallelism ... ok
test parallelism::implementation::tests::constitutional_compliance::test_p2_ir_single_source_of_truth ... ok
test parallelism::implementation::tests::constitutional_compliance::test_p3_replay_first_class_citizen ... ok
test parallelism::implementation::tests::constitutional_compliance::test_p4_performance_is_net_performance ... ok
test parallelism::implementation::metrics::tests::test_measure_execution ... ok
test parallelism::implementation::tests::constitutional_compliance::test_safety_verdict_binding_enforcement - should panic ... ok
test parallelism::implementation::tests::constitutional_compliance::test_verification_mode_constitutional_compliance ... ok
test parallelism::implementation::types::tests::test_data_partition_is_valid ... ok
test parallelism::implementation::types::tests::test_data_partition_logical_index ... ok
test parallelism::implementation::types::tests::test_data_partition_size ... ok
test parallelism::implementation::types::tests::test_execution_config_default ... ok
test parallelism::implementation::types::tests::test_execution_metrics_net_speedup_beneficial ... ok
test parallelism::implementation::types::tests::test_execution_metrics_net_speedup_marginal ... ok
test parallelism::implementation::types::tests::test_execution_metrics_ordering_overhead_ratio ... ok
test parallelism::implementation::types::tests::test_local_state_clear ... ok
test parallelism::implementation::types::tests::test_local_state_new ... ok
test parallelism::implementation::verification::tests::test_compare_results_length_mismatch ... ok
test parallelism::implementation::verification::tests::test_compare_results_match ... ok
test parallelism::implementation::verification::tests::test_compare_results_value_mismatch ... ok
test parallelism::implementation::verification::tests::test_concrete_implementation ... ok
test parallelism::implementation::verification::tests::test_create_partitions ... ok
test parallelism::implementation::verification::tests::test_convenience_function ... ok
test parallelism::implementation::verification::tests::test_diagnostics_completeness ... ok
test parallelism::implementation::verification::tests::test_execute_sequential ... ok
test parallelism::implementation::verification::tests::test_value_mismatch ... ok
test parallelism::implementation::verification::tests::test_verification_executor_creation ... ok
test parallelism::implementation::verification::tests::test_full_verification_execution ... ok
test parallelism::implementation::verification::tests::test_verification_result_match ... ok
test parallelism::implementation::verification::tests::test_verification_result_mismatch ... ok
test parser::commands::tests::test_invalid_command ... ok
test parser::commands::tests::test_missing_context ... ok
test parser::commands::tests::test_parse_agents ... ok
test parser::commands::tests::test_parse_dry_run ... ok
test parser::commands::tests::test_parse_explain ... ok
test parser::commands::tests::test_parse_history ... ok
test parser::commands::tests::test_parse_list ... ok
test parser::commands::tests::test_parse_query_with_filter ... ok
test parser::commands::tests::test_parse_query_without_filter ... ok
test parser::commands::tests::test_parse_show ... ok
test parser::commands::tests::test_parse_status ... ok
test parser::expressions::tests::test_arithmetic_operator_rejected ... ok
test parser::expressions::tests::test_invalid_expression ... ok
test parser::expressions::tests::test_complex_expression ... ok
test parser::expressions::tests::test_operator_precedence ... ok
test parser::expressions::tests::test_parse_boolean ... ok
test parser::expressions::tests::test_parse_comparison ... ok
test parser::expressions::tests::test_parse_equality ... ok
test parser::expressions::tests::test_parse_identifier ... ok
test parser::expressions::tests::test_parse_logical_and ... ok
test parser::expressions::tests::test_parse_logical_or ... ok
test parser::expressions::tests::test_parse_number ... ok
test parser::expressions::tests::test_parse_parentheses ... ok
test parser::expressions::tests::test_parse_string ... ok
test parser::expressions::tests::test_parse_unary_not ... ok
test parser::tests::test_agents_command ... ok
test parser::tests::test_context_parsing ... ok
test parser::tests::test_arithmetic_operator_rejected ... ok
test parser::tests::test_empty_input ... ok
test parser::tests::test_extended_keyword_rejected ... ok
test parser::tests::test_status_command ... ok
test repl::tests::test_repl_creation ... ok
test repl::tests::test_repl_result_creation ... ok
test tests::test_phase ... ok
test repl::tests::test_operation_type_determination ... ok
test tests::test_version ... ok
test transformer::tests::test_agents_command_transformation ... ok
test transformer::tests::test_binary_op_conversion ... ok
test transformer::tests::test_dry_run_command_transformation ... ok
test transformer::tests::test_complex_filter_transformation ... ok
test transformer::tests::test_history_command_transformation ... ok
test transformer::tests::test_explain_command_transformation ... ok
test transformer::tests::test_list_command_transformation ... ok
test transformer::tests::test_operand_ref_transformation ... ok
test transformer::tests::test_register_allocation ... ok
test transformer::tests::test_query_with_simple_filter ... ok
test transformer::tests::test_show_command_transformation ... ok
test transformer::tests::test_simple_query_transformation ... ok
test transformer::tests::test_transformer_creation ... ok
test transformer::tests::test_status_command_transformation ... ok
test types::tests::test_bcib_metadata_builder ... ok
test types::tests::test_bcib_metadata ... ok
test types::tests::test_bcib_metadata_expiry ... ok
test types::tests::test_determinism_level ... ok
test types::tests::test_source_location ... ok
test types::tests::test_source_location_start ... ok
test validator::tests::test_bcib_sequence_validation_invalid_context ... ok
test validator::tests::test_bcib_sequence_validation_success ... ok
test validator::tests::test_capability_checker_contextual ... ok
test validator::tests::test_bcib_validator_creation ... ok
test validator::tests::test_capability_checker_legacy_methods ... ok
test validator::tests::test_context_schema ... ok
test validator::tests::test_contextual_capabilities_validation ... ok
test validator::tests::test_debug_instruction_validation ... ok
test validator::tests::test_legacy_context_validation_not_found ... ok
test validator::tests::test_filter_expression_validation ... ok
test validator::tests::test_legacy_query_command_validation ... ok
test validator::tests::test_legacy_context_validation_success ... ok
test validator::tests::test_legacy_validator_creation ... ok
test validator::tests::test_operand_ref_validation ... ok
test validator::tests::test_register_tracker ... ok
test validator::tests::test_register_tracking_double_assignment ... ok
test validator::tests::test_register_tracking_success ... ok
test validator::tests::test_register_tracking_use_before_assign ... ok
test loop_engine::tests::property_tests::test_floating_point_canonicalization_property ... ok
test loop_engine::tests::property_tests::test_verification_manager_mandatory_enforcement_property ... ok
test loop_engine::tests::property_tests::test_verification_mode_behavior_property ... ok
test loop_engine::tests::property_tests::test_fingerprint_uniqueness_property ... ok
test loop_engine::tests::property_tests::test_collision_resistance_targeted_fuzzing_property ... ok
test loop_engine::tests::property_tests::test_collision_resistance_property ... ok

failures:

---- loop_engine::fingerprint::tests::test_collection_determinism_fingerprinting stdout ----

thread 'loop_engine::fingerprint::tests::test_collection_determinism_fingerprinting' (521992) panicked at semantic-cli/src/loop_engine/fingerprint.rs:2983:9:
assertion `left != right` failed
  left: [135, 137, 103, 188, 89, 124, 58, 109, 66, 226, 34, 6, 215, 3, 187, 13, 23, 220, 144, 201, 210, 80, 109, 64, 0, 108, 19, 204, 142, 91, 123, 27]
 right: [135, 137, 103, 188, 89, 124, 58, 109, 66, 226, 34, 6, 215, 3, 187, 13, 23, 220, 144, 201, 210, 80, 109, 64, 0, 108, 19, 204, 142, 91, 123, 27]
note: run with `RUST_BACKTRACE=1` environment variable to display a backtrace

---- loop_engine::fingerprint::tests::test_incremental_fingerprint_uniqueness stdout ----

thread 'loop_engine::fingerprint::tests::test_incremental_fingerprint_uniqueness' (522006) panicked at semantic-cli/src/loop_engine/fingerprint.rs:2928:9:
assertion `left != right` failed
  left: [153, 114, 124, 67, 61, 39, 0, 45, 91, 28, 35, 152, 19, 174, 105, 168, 197, 219, 177, 43, 204, 239, 118, 186, 229, 195, 82, 247, 111, 165, 134, 99]
 right: [153, 114, 124, 67, 61, 39, 0, 45, 91, 28, 35, 152, 19, 174, 105, 168, 197, 219, 177, 43, 204, 239, 118, 186, 229, 195, 82, 247, 111, 165, 134, 99]


failures:
    loop_engine::fingerprint::tests::test_collection_determinism_fingerprinting
    loop_engine::fingerprint::tests::test_incremental_fingerprint_uniqueness

test result: FAILED. 854 passed; 2 failed; 7 ignored; 0 measured; 0 filtered out; finished in 30.82s

error: test failed, to rerun pass `--lib`
    Checking semantic-cli v0.1.0 (/Users/asel/AykenOS/userspace/semantic-cli)
error: CONSTITUTIONAL VIOLATION: Phase 1 - NO CODE rule violated
       Phase 1 is specification-only. Implementation is not allowed.
       Remove 'phase1-spec-only' feature or move to Phase 2.
  --> semantic-cli/src/parallelism/mod.rs:24:1
   |
24 | / compile_error!(
25 | |     "CONSTITUTIONAL VIOLATION: Phase 1 - NO CODE rule violated\n\
26 | |      Phase 1 is specification-only. Implementation is not allowed.\n\
27 | |      Remove 'phase1-spec-only' feature or move to Phase 2."
28 | | );
   | |_^

warning: unused imports: `ComparisonOp`, `LogicalOperator`, and `Value`
  --> semantic-cli/src/validator.rs:37:35
   |
37 |     DebugInstruction, OperandRef, Value, FilterExpression, Capability, SystemScope, 
   |                                   ^^^^^
38 |     ComparisonOp, LogicalOperator
   |     ^^^^^^^^^^^^  ^^^^^^^^^^^^^^^
   |
   = note: `#[warn(unused_imports)]` (part of `#[warn(unused)]`) on by default

warning: unused imports: `BinaryOp`, `Expr`, and `UnaryOp`
  --> semantic-cli/src/validator.rs:45:40
   |
45 | use crate::ast::{AstNode, CommandNode, Expr, BinaryOp, UnaryOp};
   |                                        ^^^^  ^^^^^^^^  ^^^^^^^

warning: unused imports: `Capability` and `SystemScope`
  --> semantic-cli/src/transformer.rs:39:5
   |
39 |     Capability, SystemScope, BCIBSequenceRegistry
   |     ^^^^^^^^^^  ^^^^^^^^^^^

warning: unused import: `OperandRef`
 --> semantic-cli/src/normalizer/instruction_orderer.rs:9:88
  |
9 | use crate::bcib::{BCIBSequence, BCIBInstruction, ContextInstruction, QueryInstruction, OperandRef};
  |                                                                                        ^^^^^^^^^^

warning: unused import: `HashSet`
  --> semantic-cli/src/normalizer/instruction_orderer.rs:12:33
   |
12 | use std::collections::{HashMap, HashSet};
   |                                 ^^^^^^^

warning: unused import: `NormalizedInstruction`
  --> semantic-cli/src/execution_plan/mod.rs:13:41
   |
13 | use crate::normalizer::{NormalizedBCIB, NormalizedInstruction, RegisterAllocation};
   |                                         ^^^^^^^^^^^^^^^^^^^^^

warning: unused imports: `BCIBInstruction`, `ContextInstruction`, and `QueryInstruction`
  --> semantic-cli/src/execution_plan/mod.rs:14:19
   |
14 | use crate::bcib::{BCIBInstruction, ContextInstruction, QueryInstruction, Value, ComparisonOp, LogicalOperator, FilterExpression};
   |                   ^^^^^^^^^^^^^^^  ^^^^^^^^^^^^^^^^^^  ^^^^^^^^^^^^^^^^

warning: unused import: `std::collections::HashMap`
  --> semantic-cli/src/execution_plan/mod.rs:15:5
   |
15 | use std::collections::HashMap;
   |     ^^^^^^^^^^^^^^^^^^^^^^^^^

warning: unused imports: `ExecutionPlanError` and `ParallelSafety`
  --> semantic-cli/src/execution_plan/builder.rs:12:26
   |
12 |     RegisterId, BlockId, ExecutionPlanError, ParallelSafety,
   |                          ^^^^^^^^^^^^^^^^^^  ^^^^^^^^^^^^^^

warning: unused import: `InstructionGroup`
  --> semantic-cli/src/execution_plan/builder.rs:14:64
   |
14 | use crate::normalizer::{NormalizedBCIB, NormalizedInstruction, InstructionGroup};
   |                                                                ^^^^^^^^^^^^^^^^

warning: unused import: `Value`
  --> semantic-cli/src/execution_plan/builder.rs:15:86
   |
15 | use crate::bcib::{BCIBInstruction, ContextInstruction, QueryInstruction, OperandRef, Value, FilterExpression, ComparisonOp};
   |                                                                                      ^^^^^

warning: unused import: `DataflowGraph`
  --> semantic-cli/src/execution_plan/validator.rs:10:23
   |
10 | use super::dataflow::{DataflowGraph, DataflowError};
   |                       ^^^^^^^^^^^^^

warning: unused import: `HashMap`
  --> semantic-cli/src/execution_plan/validator.rs:11:24
   |
11 | use std::collections::{HashMap, HashSet};
   |                        ^^^^^^^

warning: unused import: `IRBlock`
  --> semantic-cli/src/ir_planner/mod.rs:12:59
   |
12 | use crate::execution_plan::{ExecutionPlan, IRInstruction, IRBlock, BlockTerminator, RegisterId, BlockId};
   |                                                           ^^^^^^^

warning: unused import: `crate::execution_plan::IRInstruction`
  --> semantic-cli/src/ir_planner/replay.rs:11:5
   |
11 | use crate::execution_plan::IRInstruction;
   |     ^^^^^^^^^^^^^^^^^^^^^^^^^^^^^^^^^^^^

warning: unused import: `ReplayStep`
  --> semantic-cli/src/ir_planner/mod.rs:27:43
   |
27 | use replay::{ReplayRecorder, ReplayTrace, ReplayStep};
   |                                           ^^^^^^^^^^

warning: unused import: `BlockId`
  --> semantic-cli/src/parallelism/implementation/constitutional.rs:20:38
   |
20 | use crate::execution_plan::{IRBlock, BlockId, ParallelSafety};
   |                                      ^^^^^^^

warning: unused import: `BlockId`
  --> semantic-cli/src/parallelism/implementation/executor.rs:18:38
   |
18 | use crate::execution_plan::{IRBlock, BlockId};
   |                                      ^^^^^^^

warning: unused import: `ParallelismError`
  --> semantic-cli/src/parallelism/implementation/verification.rs:21:5
   |
21 |     ParallelismError, ParallelismResult
   |     ^^^^^^^^^^^^^^^^

warning: unused import: `LogicalOperator`
   --> semantic-cli/src/validator.rs:698:44
    |
698 |     use crate::bcib::{Value, ComparisonOp, LogicalOperator};
    |                                            ^^^^^^^^^^^^^^^

warning: unused import: `LoopError`
  --> semantic-cli/src/loop_engine/d2_integration.rs:27:5
   |
27 |     LoopError, LoopResult, SafetyAnalysisResult, SafetyClass,
   |     ^^^^^^^^^

warning: unused import: `LocalState`
  --> semantic-cli/src/loop_engine/d2_integration.rs:32:38
   |
32 |     DataPartition, ImmutableContext, LocalState, ParallelExecutor, RayonParallelExecutor,
   |                                      ^^^^^^^^^^

warning: unused import: `LoopError`
  --> semantic-cli/src/loop_engine/tests/support.rs:15:57
   |
15 | use crate::loop_engine::{LoopResult, ControlFlowResult, LoopError};
   |                                                         ^^^^^^^^^

warning: unused import: `DependencyTracker`
   --> semantic-cli/src/normalizer/instruction_orderer.rs:319:49
    |
319 |     use crate::normalizer::dependency_tracker::{DependencyTracker, DependencyNode};
    |                                                 ^^^^^^^^^^^^^^^^^

warning: unused imports: `ComparisonOp` and `Value`
   --> semantic-cli/src/normalizer/validator.rs:377:37
    |
377 |     use crate::bcib::{BCIBMetadata, Value, ComparisonOp};
    |                                     ^^^^^  ^^^^^^^^^^^^

warning: unused import: `ExecutionPlanError`
  --> semantic-cli/src/execution_plan/builder.rs:12:26
   |
12 |     RegisterId, BlockId, ExecutionPlanError, ParallelSafety,
   |                          ^^^^^^^^^^^^^^^^^^

warning: unused imports: `Duration` and `Instant`
  --> semantic-cli/src/context.rs:34:17
   |
34 | use std::time::{Duration, Instant};
   |                 ^^^^^^^^  ^^^^^^^

warning: unused import: `serde_json::Value`
 --> semantic-cli/src/context/registry.rs:8:5
  |
8 | use serde_json::Value;
  |     ^^^^^^^^^^^^^^^^^

warning: unused import: `std::sync::Arc`
  --> semantic-cli/src/context/registry.rs:10:5
   |
10 | use std::sync::Arc;
   |     ^^^^^^^^^^^^^^

warning: unused imports: `ErrorCode` and `SemanticCLIError`
 --> semantic-cli/src/context/loaders.rs:7:20
  |
7 | use crate::error::{ErrorCode, Result, SemanticCLIError};
  |                    ^^^^^^^^^          ^^^^^^^^^^^^^^^^

warning: unused import: `Value`
 --> semantic-cli/src/context/loaders.rs:8:24
  |
8 | use serde_json::{json, Value};
  |                        ^^^^^

warning: unused import: `Instant`
 --> semantic-cli/src/context/loaders.rs:9:27
  |
9 | use std::time::{Duration, Instant};
  |                           ^^^^^^^

warning: unused import: `NormalizationError`
  --> semantic-cli/src/operations/query.rs:13:41
   |
13 | use crate::normalizer::{BCIBNormalizer, NormalizationError};
   |                                         ^^^^^^^^^^^^^^^^^^

warning: unused import: `IRBuildError`
  --> semantic-cli/src/operations/query.rs:14:49
   |
14 | use crate::execution_plan::builder::{IRBuilder, IRBuildError};
   |                                                 ^^^^^^^^^^^^

warning: unused import: `ExecutionError`
  --> semantic-cli/src/operations/query.rs:15:54
   |
15 | use crate::ir_planner::{IRExecutor, ExecutionResult, ExecutionError};
   |                                                      ^^^^^^^^^^^^^^

warning: unused import: `crate::bcib::Value`
   --> semantic-cli/src/execution_plan/validator.rs:564:9
    |
564 |     use crate::bcib::Value;
    |         ^^^^^^^^^^^^^^^^^^

warning: unused imports: `InstructionGroup` and `NormalizedInstruction`
   --> semantic-cli/src/execution_plan/mod.rs:477:29
    |
477 |     use crate::normalizer::{NormalizedInstruction, InstructionGroup};
    |                             ^^^^^^^^^^^^^^^^^^^^^  ^^^^^^^^^^^^^^^^

warning: unused import: `crate::execution_plan::RegisterId`
   --> semantic-cli/src/ir_planner/replay.rs:413:9
    |
413 |     use crate::execution_plan::RegisterId;
    |         ^^^^^^^^^^^^^^^^^^^^^^^^^^^^^^^^^

warning: unused import: `crate::execution_plan::BlockId`
   --> semantic-cli/src/parallelism/implementation/error.rs:444:9
    |
444 |     use crate::execution_plan::BlockId;
    |         ^^^^^^^^^^^^^^^^^^^^^^^^^^^^^^

warning: unused import: `crate::gate_c::deterministic::deterministic_hash_fnv1a`
   --> semantic-cli/src/gate_c/types.rs:261:13
    |
261 |         use crate::gate_c::deterministic::deterministic_hash_fnv1a;
    |             ^^^^^^^^^^^^^^^^^^^^^^^^^^^^^^^^^^^^^^^^^^^^^^^^^^^^^^

warning: variant `ORCH_UNAVAILABLE` should have an upper camel case name
  --> semantic-cli/src/gate_c/error.rs:93:5
   |
93 |     ORCH_UNAVAILABLE,
   |     ^^^^^^^^^^^^^^^^ help: convert the identifier to upper camel case: `OrchUnavailable`
   |
   = note: `#[warn(non_camel_case_types)]` (part of `#[warn(nonstandard_style)]`) on by default

warning: variant `INVALID_PLAN` should have an upper camel case name
  --> semantic-cli/src/gate_c/error.rs:95:5
   |
95 |     INVALID_PLAN,
   |     ^^^^^^^^^^^^ help: convert the identifier to upper camel case: `InvalidPlan`

warning: variant `CAPABILITY_DENIED` should have an upper camel case name
  --> semantic-cli/src/gate_c/error.rs:97:5
   |
97 |     CAPABILITY_DENIED,
   |     ^^^^^^^^^^^^^^^^^ help: convert the identifier to upper camel case: `CapabilityDenied`

warning: variant `NETWORK_ERROR` should have an upper camel case name
  --> semantic-cli/src/gate_c/error.rs:99:5
   |
99 |     NETWORK_ERROR,
   |     ^^^^^^^^^^^^^ help: convert the identifier to upper camel case: `NetworkError`

warning: variant `SERIALIZATION_ERROR` should have an upper camel case name
   --> semantic-cli/src/gate_c/error.rs:101:5
    |
101 |     SERIALIZATION_ERROR,
    |     ^^^^^^^^^^^^^^^^^^^ help: convert the identifier to upper camel case: `SerializationError`

warning: unused import: `DataRef`
  --> semantic-cli/src/gate_c/security_ops/mod.rs:14:65
   |
14 |     types::{ExecutionPlan, PlanStep, Operation, MutationIntent, DataRef},
   |                                                                 ^^^^^^^

warning: unused import: `ParallelismResult`
 --> semantic-cli/src/parallelism/implementation/tests/constitutional_compliance.rs:7:44
  |
7 | use crate::parallelism::{ParallelismError, ParallelismResult};
  |                                            ^^^^^^^^^^^^^^^^^

warning: unused import: `DataRef`
  --> semantic-cli/src/gate_c/ir/mod.rs:14:49
   |
14 |     types::{ExecutionPlan, PlanStep, Operation, DataRef},
   |                                                 ^^^^^^^

warning: unused imports: `DataRef` and `Dependency`
  --> semantic-cli/src/gate_c/repl_visibility/mod.rs:14:49
   |
14 |     types::{ExecutionPlan, PlanStep, Operation, DataRef, Dependency, MutationIntent, InvalidationReason},
   |                                                 ^^^^^^^  ^^^^^^^^^^

warning: unused import: `state::LoopState`
    --> semantic-cli/src/loop_engine/fingerprint.rs:1936:63
     |
1936 |     use crate::loop_engine::{LoopContext, AccumulatorPattern, state::LoopState};
     |                                                               ^^^^^^^^^^^^^^^^

warning: unnecessary parentheses around function argument
    --> semantic-cli/src/loop_engine/tests/property_tests.rs:1638:15
     |
1638 |         20 => (-1e10..1e10),
     |               ^           ^
     |
     = note: `#[warn(unused_parens)]` (part of `#[warn(unused)]`) on by default
help: remove these parentheses
     |
1638 -         20 => (-1e10..1e10),
1638 +         20 => -1e10..1e10,
     |

warning: unnecessary parentheses around function argument
    --> semantic-cli/src/loop_engine/tests/property_tests.rs:1641:14
     |
1641 |         5 => (-1e-10..1e-10),
     |              ^             ^
     |
help: remove these parentheses
     |
1641 -         5 => (-1e-10..1e-10),
1641 +         5 => -1e-10..1e-10,
     |

warning: unused import: `LoopConfig`
   --> semantic-cli/src/loop_engine/control.rs:526:31
    |
526 |     use crate::bcib::{LoopID, LoopConfig, BudgetMeasurement, ValueType};
    |                               ^^^^^^^^^^

warning: unused import: `Duration`
  --> semantic-cli/src/context.rs:34:17
   |
34 | use std::time::{Duration, Instant};
   |                 ^^^^^^^^

warning: unused import: `InvalidationReason`
    --> semantic-cli/src/gate_c/ir/mod.rs:1038:76
     |
1038 |     use crate::gate_c::types::{PlanMetadata, MutationIntent, ResourcePath, InvalidationReason, ChangeSet};
     |                                                                            ^^^^^^^^^^^^^^^^^^

warning: unused import: `InvalidationReason`
   --> semantic-cli/src/gate_c/normalizer/mod.rs:961:104
    |
961 |     use crate::gate_c::types::{PlanMetadata, Dependency, DependencyType, MutationIntent, ResourcePath, InvalidationReason, ChangeSet};
    |                                                                                                        ^^^^^^^^^^^^^^^^^^

warning: unused import: `super::*`
   --> semantic-cli/src/gate_c/snapshot_tests.rs:337:9
    |
337 |     use super::*;
    |         ^^^^^^^^

warning: use of deprecated struct `validator::Validator`: Use BCIBValidator for Gate B functionality
   --> semantic-cli/src/validator.rs:388:18
    |
388 | impl Default for Validator {
    |                  ^^^^^^^^^
    |
    = note: `#[warn(deprecated)]` on by default

warning: unused variable: `idx`
   --> semantic-cli/src/normalizer/instruction_orderer.rs:123:14
    |
123 |         for (idx, instruction) in group_instructions {
    |              ^^^ help: if this is intentional, prefix it with an underscore: `_idx`
    |
    = note: `#[warn(unused_variables)]` (part of `#[warn(unused)]`) on by default

warning: unused variable: `idx`
   --> semantic-cli/src/normalizer/validator.rs:326:14
    |
326 |         for (idx, _) in normalized.instructions.iter().enumerate() {
    |              ^^^ help: if this is intentional, prefix it with an underscore: `_idx`

warning: unused variable: `dependencies`
   --> semantic-cli/src/normalizer/mod.rs:147:13
    |
147 |         let dependencies = self.dependency_tracker.analyze(&ordered_instructions)
    |             ^^^^^^^^^^^^ help: if this is intentional, prefix it with an underscore: `_dependencies`

warning: unused variable: `register_id`
   --> semantic-cli/src/ir_planner/replay.rs:187:18
    |
187 |             for (register_id, value) in &step.register_state {
    |                  ^^^^^^^^^^^ help: if this is intentional, prefix it with an underscore: `_register_id`

warning: unused variable: `plan`
   --> semantic-cli/src/ir_planner/mod.rs:174:45
    |
174 |     fn should_use_parallel_execution(&self, plan: &ExecutionPlan) -> Result<bool, ExecutionError> {
    |                                             ^^^^ help: if this is intentional, prefix it with an underscore: `_plan`

warning: unused variable: `source`
   --> semantic-cli/src/parallelism/implementation/error.rs:244:48
    |
244 |             ParallelismError::ExecutionError { source, .. } => {
    |                                                ^^^^^^ help: try ignoring the field: `source: _`

warning: unused variable: `verification_overhead`
   --> semantic-cli/src/parallelism/implementation/verification.rs:325:13
    |
325 |         let verification_overhead = comparison_start.elapsed();
    |             ^^^^^^^^^^^^^^^^^^^^^ help: if this is intentional, prefix it with an underscore: `_verification_overhead`

warning: variable does not need to be mutable
    --> semantic-cli/src/loop_engine/fingerprint.rs:1197:13
     |
1197 |         let mut fingerprint = Self::new(1, shape, control, data);
     |             ----^^^^^^^^^^^
     |             |
     |             help: remove this `mut`
     |
     = note: `#[warn(unused_mut)]` (part of `#[warn(unused)]`) on by default

warning: variable does not need to be mutable
   --> semantic-cli/src/operations/query.rs:353:25
    |
353 |                     let mut state = ExecutionState {
    |                         ----^^^^^
    |                         |
    |                         help: remove this `mut`

warning: variable does not need to be mutable
   --> semantic-cli/src/execution_plan/dataflow.rs:360:13
    |
360 |         let mut graph = DataflowGraph::new();
    |             ----^^^^^
    |             |
    |             help: remove this `mut`
    |
    = note: `#[warn(unused_mut)]` (part of `#[warn(unused)]`) on by default

warning: unused variable: `capability_requirements`
   --> semantic-cli/src/gate_c/security_ops/mod.rs:540:25
    |
540 |                         capability_requirements: &mut Vec<CapabilityRequirement>) -> GateCResult<()> {
    |                         ^^^^^^^^^^^^^^^^^^^^^^^ help: if this is intentional, prefix it with an underscore: `_capability_requirements`

warning: unused variable: `intent`
   --> semantic-cli/src/gate_c/normalizer/mod.rs:211:35
    |
211 |             Operation::Mutation { intent } => {
    |                                   ^^^^^^ help: try ignoring the field: `intent: _`

warning: `semantic-cli` (lib) generated 52 warnings
error: could not compile `semantic-cli` (lib) due to 1 previous error; 52 warnings emitted
warning: build failed, waiting for other jobs to finish...
warning: variable does not need to be mutable
    --> semantic-cli/src/loop_engine/fingerprint.rs:1197:13
     |
1197 |         let mut fingerprint = Self::new(1, shape, control, data);
     |             ----^^^^^^^^^^^
     |             |
     |             help: remove this `mut`

warning: unused variable: `parallel_hints`
    --> semantic-cli/src/gate_c/ir/mod.rs:1282:13
     |
1282 |         let parallel_hints: Vec<_> = hints.iter()
     |             ^^^^^^^^^^^^^^ help: if this is intentional, prefix it with an underscore: `_parallel_hints`

warning: unused variable: `config`
   --> semantic-cli/src/gate_c/snapshot_tests.rs:249:9
    |
249 |     let config = VisualizationConfig::default();
    |         ^^^^^^ help: if this is intentional, prefix it with an underscore: `_config`

warning: `semantic-cli` (lib test) generated 62 warnings (41 duplicates)
error: could not compile `semantic-cli` (lib test) due to 1 previous error; 62 warnings emitted
